init_date,valid_date,lead_day,lat,lon,region,season,month,day_of_year,year,event_type,forecast_t2m,forecast_msl,forecast_rain,forecast_u10,forecast_v10,forecast_rh,forecast_z500,forecast_u850,forecast_v850,forecast_q850,forecast_wind_speed_10m,forecast_wind_speed_850,nbhd_rain_mean,nbhd_rain_std,nbhd_msl_std,abs_error_rain,abs_error_t2m,abs_error_msl,bust
2019-06-01,2019-06-02,1,8.0,70.0,south,monsoon,6,152,2019,normal,28.499542236328125,1007.6743774414062,0.00762939453125,1.59912109375,0.507537841796875,77.31697845458984,5868.888671875,0.753753662109375,0.5901031494140625,0.0127332769334316,1.6777314842763207,0.9572702387997285,2.0116170247395835,3.5835782189655565,0.4020429439837102,0.2009589225053787,0.201263427734375,1.00250244140625,0
2019-06-01,2019-06-02,1,8.0,73.0,south,monsoon,6,152,2019,normal,26.931182861328125,1008.546875,8.7127685546875,3.18408203125,1.818084716796875,82.89556884765625,5872.814453125,1.652191162109375,2.2444000244140625,0.0134399496018886,3.666580207656652,2.786945838322333,3.12042236328125,3.526475286891294,0.40501587076911094,7.094509840011597,0.394439697265625,0.83740234375,1
2019-06-01,2019-06-02,1,8.0,76.0,south,monsoon,6,152,2019,normal,28.013214111328125,1008.0218505859376,1.99127197265625,5.22119140625,2.235076904296875,81.65060424804688,5871.71826171875,4.779144287109375,2.0783843994140625,0.013431366533041,5.679472551991087,5.211516269641488,3.1034681532118054,3.540267019455356,0.8299090112189977,4.538355350494385,0.3404541015625,0.333984375,1
2019-06-01,2019-06-02,1,8.0,79.0,south,monsoon,6,152,2019,normal,28.847198486328125,1007.3244018554688,0.0762939453125,6.63134765625,5.770233154296875,77.7926025390625,5864.63134765625,9.484222412109377,4.127212524414063,0.0130818448960781,8.79035621536461,10.343324319774474,1.1622111002604163,1.9860505706491884,0.9406424239817535,0.3107823431491852,0.73046875,0.016662597656363687,0
2019-06-01,2019-06-02,1,8.0,82.0,south,monsoon,6,152,2019,normal,29.083526611328125,1006.5718994140624,0.0,3.33056640625,1.118865966796875,55.66379928588867,5858.8955078125,11.183441162109377,3.0022125244140625,0.0103219114243984,3.5134788512380926,11.579405695808012,0.8985731336805554,2.4796947935142035,0.6089177157221825,9.313225746154783e-06,0.181640625,0.49267578125,0
2019-06-01,2019-06-02,1,8.0,85.0,south,monsoon,6,152,2019,normal,29.087432861328125,1007.0843505859376,0.0,8.53662109375,6.791717529296875,72.04206848144531,5860.47607421875,8.890472412109375,1.3928375244140625,0.0123813711106777,10.90877292347842,8.998916383648298,1.4478895399305554,2.479253970035795,0.6818571693751541,0.5405545234680176,0.10894775390624645,0.2962036132813637,0
2019-06-01,2019-06-02,1,8.0,88.0,south,monsoon,6,152,2019,normal,28.601104736328125,1007.9393920898438,0.99945068359375,6.32861328125,4.556365966796875,71.1052017211914,5864.8349609375,8.945159912109375,0.5940093994140625,0.0118167959153652,7.798193180923303,8.964861015085559,2.838134765625,2.815282190241841,0.7597636422619285,0.1668297052383425,0.637237548828125,0.4241333007813637,0
2019-06-01,2019-06-02,1,8.0,91.0,south,monsoon,6,152,2019,normal,26.563995361328125,1009.0618896484376,5.8746337890625,5.65673828125,3.252655029296875,87.41006469726562,5865.44677734375,7.023284912109375,0.4319000244140625,0.0135877691209316,6.525216680093425,7.036552322533533,2.9644436306423607,1.8125485826406458,0.6877059380013258,2.9145219326019283,1.332977294921875,0.8361206054688637,0
2019-06-01,2019-06-02,1,8.0,94.0,south,monsoon,6,152,2019,normal,27.278839111328125,1009.0543823242188,3.16619873046875,2.87548828125,4.157928466796875,83.67597198486328,5872.1259765625,3.753753662109375,1.5295562744140625,0.0132816396653652,5.05537357577122,4.053419414814974,3.403557671440972,1.4994664166053115,0.5626083707765855,2.801364302635193,0.599029541015625,0.141357421875,0
2019-06-01,2019-06-02,1,11.0,70.0,south,monsoon,6,152,2019,normal,28.442901611328125,1007.5543823242188,0.2899169921875,1.74658203125,0.896209716796875,74.16201782226562,5873.45166015625,-0.109527587890625,-1.0095062255859375,0.01261692866683,1.9630946610814546,1.0154305057491153,1.044379340277778,2.7135235726412286,0.3522215006330689,0.28992630541324615,0.849029541015625,0.7446899414063637,0
2019-06-01,2019-06-02,1,11.0,73.0,south,monsoon,6,152,2019,normal,29.267120361328125,1007.4043579101562,0.06866455078125,3.00341796875,1.777069091796875,74.72221374511719,5874.90478515625,-0.556793212890625,1.4865875244140625,0.0128911100327968,3.4897699139098193,1.5874385498861352,1.9327799479166667,3.092274326337825,0.567691930620404,0.1552626490592956,0.687957763671875,0.402099609375,0
2019-06-01,2019-06-02,1,11.0,76.0,south,monsoon,6,152,2019,normal,24.728057861328125,1008.3418579101562,6.3018798828125,-1.10205078125,-0.896759033203125,87.08507537841797,5870.31591796875,4.367034912109375,1.8342437744140625,0.0143683515489101,1.4208070551926248,4.736606817919225,1.9073486328125,3.106624333619948,1.0853209051832833,3.4683997631073,2.9663696289062464,0.4248046875,1
2019-06-01,2019-06-02,1,11.0,79.0,south,monsoon,6,152,2019,normal,28.583526611328125,1005.7568969726562,0.0,3.21826171875,1.846405029296875,72.33930206298828,5869.8828125,2.820159912109375,-1.4255218505859375,0.014147575944662,3.7103126583327852,3.1599706448583844,0.9333292643229166,1.9956988563856155,1.4289179891550032,9.313225746154783e-06,1.977203369140625,0.3350830078125,0
2019-06-01,2019-06-02,1,11.0,82.0,south,monsoon,6,152,2019,normal,30.024932861328125,1005.5918579101562,0.02288818359375,8.44384765625,6.354217529296875,72.74784088134766,5857.08544921875,7.177581787109375,1.3791656494140625,0.0133436284959316,10.567622421887636,7.308883512491352,0.9070502387152777,2.47699819647982,0.8995505792640887,0.0135898590087891,0.29925537109375355,0.191650390625,0
2019-06-01,2019-06-02,1,11.0,85.0,south,monsoon,6,152,2019,normal,26.671417236328125,1007.0343627929688,7.91168212890625,3.10205078125,2.079803466796875,94.04640197753906,5859.7109375,9.388519287109377,2.8459625244140625,0.0147083364427089,3.734742495802627,9.81039230075913,1.4300876193576386,2.47828944967818,1.025950838675976,6.542140603065491,2.08929443359375,0.7376708984375,1
2019-06-01,2019-06-02,1,11.0,88.0,south,monsoon,6,152,2019,normal,27.593292236328125,1007.234375,3.0975341796875,4.55126953125,4.099334716796875,76.93112182617188,5865.7021484375,5.173675537109375,1.5256500244140625,0.0125377736985683,6.125242808772621,5.3939342376672155,2.6067097981770835,2.651541161493458,0.979738523557814,2.0281877517700195,0.0380859375,0.24700927734375,0
2019-06-01,2019-06-02,1,11.0,91.0,south,monsoon,6,152,2019,normal,28.097198486328125,1007.58935546875,0.78582763671875,3.96435546875,4.357147216796875,82.54148864746094,5868.2255859375,5.021331787109375,2.4260406494140625,0.0134232603013515,5.890742410889207,5.576687739944243,2.8711954752604165,1.6942944492582608,0.9008189342923367,0.3439076244831085,0.5144653320312464,0.029296875,0
2019-06-01,2019-06-02,1,11.0,94.0,south,monsoon,6,152,2019,normal,27.845245361328125,1008.0443725585938,2.716064453125,2.69970703125,5.626678466796875,83.61770629882812,5873.40087890625,3.757659912109375,4.228775024414063,0.0136583410203456,6.240827559170043,5.657079301387068,3.5001966688368054,1.3710982997277155,0.8129508000546043,0.15326786041259766,0.0784912109375,0.16973876953125,0
2019-06-01,2019-06-02,1,14.0,70.0,south,monsoon,6,152,2019,normal,29.181182861328125,1007.3418579101562,0.00762939453125,2.23974609375,-1.375274658203125,29.12166786193848,5883.037109375,-0.316558837890625,1.3322906494140625,0.0059254728257656,2.628277563341457,1.36938229591404,0.07883707682291667,0.1143561154984391,0.24880719379423777,0.0066980719566345995,0.055511474609375,0.306396484375,0
2019-06-01,2019-06-02,1,14.0,73.0,south,monsoon,6,152,2019,normal,29.499542236328125,1007.4143676757812,0.00762939453125,3.06298828125,-0.771759033203125,54.08644485473633,5882.09375,0.767425537109375,1.9143218994140625,0.0099108777940273,3.158719553300902,2.0624185534425052,0.7459852430555557,1.966236325633651,0.7501469447370339,0.025670975446701,0.616546630859375,0.4137573242188637,0
2019-06-01,2019-06-02,1,14.0,76.0,south,monsoon,6,152,2019,normal,23.962432861328125,1009.046875,0.00762939453125,4.96533203125,0.536834716796875,78.29672241210938,5879.111328125,6.533050537109375,-0.3317718505859375,0.0144908986985683,4.994268083885329,6.54146939771687,0.712924533420139,1.9761002802009073,1.4140024631407968,0.0059045851230622,0.661224365234375,0.51727294921875,0
2019-06-01,2019-06-02,1,14.0,79.0,south,monsoon,6,152,2019,normal,28.456573486328125,1005.75439453125,0.0,1.11279296875,1.315155029296875,64.71593475341797,5873.732421875,5.126800537109375,-2.870834350585937,0.0136378370225429,1.7227712971791418,5.8758636485038656,0.7044474283854169,1.9790040909350086,1.5835473299044938,9.313225746154783e-06,1.31689453125,0.34918212890625,0
2019-06-01,2019-06-02,1,14.0,82.0,south,monsoon,6,152,2019,normal,30.067901611328125,1004.454345703125,0.0,4.14306640625,6.658905029296875,47.12960052490234,5866.7470703125,0.515472412109375,-1.9626312255859373,0.0098250471055507,7.842577091479082,2.029195193984752,0.8994208441840278,2.4796495844564337,0.8242508458406961,9.313225746154783e-06,0.4549560546875,0.022827148437386313,0
2019-06-01,2019-06-02,1,14.0,85.0,south,monsoon,6,152,2019,normal,29.231964111328125,1005.3818969726562,0.152587890625,2.56298828125,7.535858154296875,56.179908752441406,5866.2626953125,2.628753662109375,0.7092437744140625,0.0104964338243007,7.959778078031293,2.7227509154527074,1.319037543402778,2.517184951526986,0.9229729162005793,0.0549107789993287,0.66571044921875,0.07464599609386369,0
2019-06-01,2019-06-02,1,14.0,88.0,south,monsoon,6,152,2019,normal,28.946807861328125,1006.2193603515624,0.6866455078125,4.24658203125,3.818084716796875,84.3591537475586,5867.1806640625,3.243988037109375,0.0334625244140625,0.0140951238572597,5.71062429623708,3.2441606195515194,1.8581814236111114,2.535603153255273,0.8957179414743965,0.4880819469690323,0.347015380859375,0.07702636718738631,0
2019-06-01,2019-06-02,1,14.0,91.0,south,monsoon,6,152,2019,normal,27.118682861328125,1006.7619018554688,3.9520263671875,3.85693359375,0.957733154296875,88.1295394897461,5866.56884765625,3.824066162109375,1.6428375244140625,0.014354046434164,3.9740646121366385,4.162018397822486,1.9997490776909725,1.59044949674721,0.8073171295456012,1.7880406379699707,0.94647216796875,0.1158447265625,0
2019-06-01,2019-06-02,1,14.0,94.0,south,monsoon,6,152,2019,normal,27.997589111328125,1007.329345703125,4.5623779296875,2.50244140625,6.257537841796875,81.9437484741211,5871.66748046875,4.607269287109375,6.291275024414063,0.0137756429612636,6.739361455897314,7.797888926931282,2.6168823242187504,1.4717152807854494,0.6571695088134571,0.7031521797180176,0.692962646484375,0.16265869140625,0
2019-06-01,2019-06-02,1,17.0,70.0,west,monsoon,6,152,2019,normal,29.396026611328125,1006.8568725585938,0.00762939453125,4.26806640625,1.308319091796875,22.337995529174805,5889.43603515625,-0.363433837890625,-0.6149749755859375,0.005132969468832,4.464088898545815,0.7143377178343823,0.010172526041666666,0.006229374549314317,0.4411590108461819,0.007638707756996155,0.38690185546875355,0.7012329101561363,0
2019-06-01,2019-06-02,1,17.0,73.0,west,monsoon,6,152,2019,normal,28.903839111328125,1007.1943969726562,0.02288818359375,2.49951171875,-1.511016845703125,21.0672550201416,5886.60595703125,2.458831787109375,-3.155990600585937,0.0046442113816738,2.9207414709568527,4.000766230147203,0.00762939453125,0.007193062145859248,0.8907393070534547,0.004339963197708199,0.401123046875,0.9324951171875,0
2019-06-01,2019-06-02,1,17.0,76.0,central,monsoon,6,152,2019,normal,29.991729736328125,1006.3118896484376,0.0,4.02685546875,0.469451904296875,56.89472579956055,5883.8017578125,1.995941162109375,-1.9430999755859373,0.0128129087388515,4.054127533347927,2.7855733050351756,0.005086263020833333,0.007193062145859248,1.78692084810425,9.313225746154783e-06,1.835906982421875,0.8020629882813637,0
2019-06-01,2019-06-02,1,17.0,79.0,central,monsoon,6,152,2019,normal,30.978057861328125,1004.1068725585938,0.00762939453125,0.77294921875,1.002655029296875,58.38629150390625,5878.01513671875,4.040863037109375,0.0119781494140625,0.0132277570664882,1.2660045823536945,4.040880790216433,0.0016954210069444447,0.0031718422671626967,1.6722521708813145,0.007638707756996155,1.010101318359375,0.1011962890625,0
2019-06-01,2019-06-02,1,17.0,82.0,central,monsoon,6,152,2019,normal,29.136260986328125,1004.796875,0.0,-0.19580078125,0.680389404296875,61.518890380859375,5876.6640625,0.900238037109375,-0.2497406005859375,0.0134113393723964,0.708002604103662,0.9342370636190609,0.017801920572916668,0.04771337646304758,0.8714955513389044,0.0113770365715026,1.74359130859375,0.073974609375,0
2019-06-01,2019-06-02,1,17.0,85.0,east,monsoon,6,152,2019,normal,29.776885986328125,1004.8443603515624,0.0,4.08056640625,6.542694091796875,62.47108840942383,5872.91650390625,0.576019287109375,-1.3766937255859375,0.0129139982163906,7.710892826038355,1.492341728019987,0.09324815538194446,0.21512480910321585,0.6248738348734119,0.0009313225746154,0.005340576171875,0.06115722656261369,0
2019-06-01,2019-06-02,1,17.0,88.0,east,monsoon,6,152,2019,normal,29.173370361328125,1005.4568481445312,0.0,2.37060546875,2.989959716796875,37.97662734985352,5871.97314453125,-0.691558837890625,1.8459625244140625,0.0080259405076503,3.815708243109719,1.9712511934823957,0.5552503797743055,1.218474673480653,0.8089104610349717,0.0459291040897369,0.147216796875,0.31024169921875,0
2019-06-01,2019-06-02,1,17.0,91.0,east,monsoon,6,152,2019,normal,29.032745361328125,1005.7793579101562,0.1373291015625,1.79736328125,0.239959716796875,77.1773452758789,5868.55712890625,-0.146636962890625,0.8479156494140625,0.0133002363145351,1.8133106271323187,0.8605017997697959,1.6318427191840277,1.7502970084986618,0.9409191665953577,0.025881454348564092,0.142120361328125,0.6551513671875,0
2019-06-01,2019-06-02,1,17.0,94.0,east,monsoon,6,152,2019,normal,27.108917236328125,1007.016845703125,2.0599365234375,-0.49560546875,2.937225341796875,85.40658569335938,5869.78076171875,2.273284912109375,2.3029937744140625,0.0140717588365077,2.9787442805901745,3.235985880162962,2.649095323350694,1.6100966189034576,0.6531318211242066,13.147293090820312,0.224700927734375,0.23114013671875,1
2019-06-01,2019-06-02,1,20.0,70.0,west,monsoon,6,152,2019,normal,28.839385986328125,1006.1893920898438,0.0152587890625,5.54052734375,1.085662841796875,16.053733825683594,5893.64208984375,1.628753662109375,-2.372787475585937,0.0040667615830898,5.645892936719567,2.87801301180731,0.00762939453125,0.008042087962260894,1.1054928665555,0.0028982758522032998,0.072967529296875,0.79412841796875,0
2019-06-01,2019-06-02,1,20.0,73.0,west,monsoon,6,152,2019,normal,26.757354736328125,1006.9468994140624,0.0,-0.10888671875,2.045623779296875,61.49349212646485,5887.31982421875,3.152191162109375,-3.564193725585937,0.0132382474839687,2.0485197006484883,4.758128417349265,0.005086263020833333,0.008042087962260894,1.002144743684973,0.00821053981781,2.622467041015625,0.8992309570311363,0
2019-06-01,2019-06-02,1,20.0,76.0,central,monsoon,6,152,2019,normal,28.030792236328125,1005.786865234375,0.0,2.31884765625,-2.553009033203125,36.140899658203125,5884.2353515625,3.107269287109375,-2.995834350585937,0.0093262754380702,3.448899763187222,4.3162652697400175,0.0033908420138888886,0.007292281483156525,1.652375922315401,9.313225746154783e-06,3.718505859375,0.57257080078125,1
2019-06-01,2019-06-02,1,20.0,79.0,central,monsoon,6,152,2019,normal,33.667510986328125,1002.609375,0.0,3.53564453125,1.775115966796875,36.053932189941406,5881.7626953125,6.154144287109375,-1.8825531005859373,0.009689625352621,3.956237979057281,6.435642787094905,0.000847710503472222,0.0023976873819530837,1.3021146108427124,0.0292975455522537,2.377410888671875,0.3118896484376137,0
2019-06-01,2019-06-02,1,20.0,82.0,central,monsoon,6,152,2019,normal,27.565948486328125,1005.1043701171876,0.0,1.68798828125,2.814178466796875,48.21871948242188,5875.84814453125,4.613128662109375,2.6467437744140625,0.0120184980332851,3.281600963039312,5.318478039869548,0.000847710503472222,0.0023976873819530837,0.9382076513900265,0.0206697732210159,2.324066162109375,0.5474853515626137,0
2019-06-01,2019-06-02,1,20.0,85.0,east,monsoon,6,152,2019,normal,27.271026611328125,1004.0318603515624,0.0,0.18212890625,1.479217529296875,51.698543548583984,5875.720703125,2.915863037109375,-1.5602874755859375,0.0123255811631679,1.4903876802600633,3.3070763912632932,0.0025431315104166665,0.007193062145859248,0.6174526491018829,9.313225746154783e-06,2.181396484375,0.04107666015613631,0
2019-06-01,2019-06-02,1,20.0,88.0,east,monsoon,6,152,2019,normal,29.228057861328125,1004.389404296875,0.0,3.39892578125,7.245819091796875,48.88715362548828,5869.6025390625,3.814300537109375,1.1037750244140625,0.0108454786241054,8.003411196327102,3.970794365352244,0.8324517144097222,2.27403584396465,0.7303439170074876,0.0009313225746154,0.052398681640625,0.26873779296875,0
2019-06-01,2019-06-02,1,20.0,91.0,east,monsoon,6,152,2019,normal,29.716339111328125,1005.5343627929688,0.06866455078125,2.32568359375,3.425506591796875,50.04142379760742,5864.17236328125,1.884613037109375,3.4201812744140625,0.0095441900193691,4.140398481871251,3.905048815251254,1.4190673828125,2.3395952955391945,1.0862709248472613,0.06867386400699615,0.105316162109375,0.4601440429688637,0
2019-06-01,2019-06-02,1,20.0,94.0,east,monsoon,6,152,2019,normal,24.851104736328125,1007.3218994140624,3.2196044921875,-1.06787109375,0.071014404296875,76.8681640625,5859.83837890625,4.406097412109375,1.2893218994140625,0.0126231275498867,1.0702297503267517,4.590865426616818,2.003139919704861,2.2578915265590336,0.6617350817068737,2.6268177032470703,1.1522827148437536,0.525390625,0
2019-06-01,2019-06-02,1,23.0,70.0,west,monsoon,6,152,2019,normal,28.136260986328125,1004.5218505859376,0.0,4.83251953125,2.075897216796875,12.583520889282228,5892.41845703125,8.150238037109375,-3.9157562255859375,0.0035961230751127,5.259524149066884,9.042097482318995,0.0033908420138888886,0.006343684534325394,1.9822604415786638,0.0065695494413375,1.2779541015625,0.4147949218752274,0
2019-06-01,2019-06-02,1,23.0,73.0,west,monsoon,6,152,2019,normal,28.626495361328125,1004.3318481445312,0.0,1.68017578125,2.954803466796875,49.742183685302734,5888.74755859375,2.626800537109375,-0.4880218505859375,0.0122345052659511,3.3990960832688857,2.6717496867048425,0.0016954210069444443,0.004795374763906166,1.980510878632125,9.313225746154783e-06,2.78265380859375,0.5966796875,1
2019-06-01,2019-06-02,1,23.0,76.0,central,monsoon,6,152,2019,normal,28.374542236328125,1005.046875,0.0,4.44775390625,-0.475860595703125,46.28445053100586,5884.10791015625,4.986175537109375,-5.5309906005859375,0.0116937719285488,4.473137390814759,7.446731062059241,0.0,0.0,2.0283220294688915,9.313225746154783e-06,2.5740966796875,0.6260986328123863,0
2019-06-01,2019-06-02,1,23.0,79.0,central,monsoon,6,152,2019,normal,31.593292236328125,1002.4168701171876,0.0,3.42822265625,0.685272216796875,32.05632019042969,5876.84228515625,2.447113037109375,-8.030990600585938,0.0090482793748378,3.4960418464228242,8.395544785366244,0.0,0.0,1.7389242184914964,9.313225746154783e-06,1.868133544921875,0.3551635742188637,0
2019-06-01,2019-06-02,1,23.0,82.0,central,monsoon,6,152,2019,normal,28.784698486328125,1003.2218627929688,0.0,-0.31005859375,1.858123779296875,34.596561431884766,5872.0498046875,8.327972412109375,1.6506500244140625,0.0095799528062343,1.8838153600463952,8.489980565346011,0.0,0.0,1.3258864557983832,9.313225746154783e-06,0.8855590820312464,0.03948974609375,0
2019-06-01,2019-06-02,1,23.0,85.0,east,monsoon,6,152,2019,normal,25.813995361328125,1004.5543823242188,0.0,1.01806640625,1.444061279296875,48.63514709472656,5863.94287109375,9.101409912109377,2.7893218994140625,0.0118048749864101,1.7668537533987687,9.519242566863904,0.3458658854166667,0.9701905055780551,1.1820948804943872,9.313225746154783e-06,0.944122314453125,0.51214599609375,0
2019-06-01,2019-06-02,1,23.0,88.0,east,monsoon,6,152,2019,normal,28.333526611328125,1004.2218627929688,0.02288818359375,-1.43505859375,2.108123779296875,76.15343475341797,5853.5419921875,6.367034912109375,2.0197906494140625,0.0151584707200527,2.550211566974918,6.679722137894668,1.3944837782118054,2.3390251505895527,1.073787190490396,0.0183433294296265,2.1660766601562464,1.4695434570311363,1
2019-06-01,2019-06-02,1,23.0,91.0,east,monsoon,6,152,2019,normal,24.919464111328125,1006.2493896484376,7.26318359375,-1.16259765625,-1.679962158203125,99.22018432617188,5839.77587890625,5.800628662109375,5.181900024414063,0.0159133039414882,2.043013989994316,7.778134785326574,1.7623901367187498,2.337155845332119,1.1518358789951502,7.142364978790283,3.397918701171875,0.6598510742188637,1
2019-06-01,2019-06-02,1,23.0,94.0,east,monsoon,6,152,2019,normal,25.579620361328125,1007.2368774414062,0.0,-0.50732421875,-0.347930908203125,79.79850006103516,5844.8486328125,0.960784912109375,-1.1266937255859375,0.0132682882249355,0.6151697162680794,1.4807249571111238,1.7844306098090275,2.3400691842184123,0.6580109847297474,0.5355216264724731,2.0394287109375,1.7425537109375,1
2019-06-01,2019-06-02,1,26.0,70.0,west,monsoon,6,152,2019,normal,28.452667236328125,1001.3843994140624,0.0,1.13232421875,4.234100341796875,19.13176727294922,5888.08447265625,7.560394287109375,-0.4938812255859375,0.0059998594224452,4.382894459232644,7.57650845980801,0.0,0.0,2.4450303465877905,9.313225746154783e-06,0.338592529296875,0.17431640625,0
2019-06-01,2019-06-02,1,26.0,73.0,west,monsoon,6,152,2019,normal,31.647979736328125,1002.244384765625,0.0,4.35400390625,3.029022216796875,30.363187789916992,5882.7822265625,8.118988037109375,1.3772125244140625,0.0088170133531093,5.303991478640337,8.234966975290678,0.0,0.0,2.381716852507373,9.313225746154783e-06,1.935760498046875,0.11956787109375,0
2019-06-01,2019-06-02,1,26.0,76.0,central,monsoon,6,152,2019,normal,32.286651611328125,1001.2518920898438,0.0,4.11962890625,0.228240966796875,31.222715377807617,5871.25927734375,10.109222412109377,-4.5173187255859375,0.0090473257005214,4.125946711257302,11.072603408685055,0.0,0.0,1.9408166830158107,9.313225746154783e-06,2.50665283203125,0.6726684570313637,0
2019-06-01,2019-06-02,1,26.0,79.0,central,monsoon,6,152,2019,normal,29.298370361328125,1000.62939453125,0.0,-1.69482421875,0.942108154296875,27.9560604095459,5861.80126953125,7.269378662109375,-4.7497406005859375,0.0079997144639492,1.9390711453822969,8.683542013832003,0.0016954210069444443,0.004795374763906166,4.149263425305425,9.313225746154783e-06,3.285980224609375,0.1497802734376137,1
2019-06-01,2019-06-02,1,26.0,82.0,central,monsoon,6,152,2019,normal,30.501495361328125,1001.704345703125,0.0,-4.75439453125,-1.230743408203125,48.668094635009766,5851.29833984375,1.601409912109375,2.4104156494140625,0.0118668638169765,4.91110951777858,2.893893106101601,0.011867947048611112,0.02857174266620673,6.4922859009998675,9.313225746154783e-06,1.32806396484375,0.05853271484375,0
2019-06-01,2019-06-02,1,26.0,85.0,east,monsoon,6,152,2019,normal,25.985870361328125,1003.3368530273438,0.0,-5.15771484375,-0.757110595703125,66.89970397949219,5837.91455078125,0.300628662109375,-0.3903656005859375,0.0140684209764003,5.2129875180710945,0.4927097468109317,0.3636678059895833,0.9643197891352209,6.757395411663248,0.2613477408885956,1.152496337890625,0.11138916015613631,0
2019-06-01,2019-06-02,1,26.0,88.0,northeast,monsoon,6,152,2019,normal,23.880401611328125,1006.141845703125,3.08990478515625,-2.98291015625,-0.388946533203125,88.99542999267578,5828.58447265625,-4.246246337890625,1.4416656494140625,0.0145195089280605,3.008160967426798,4.484306836819935,1.4029608832465277,2.334105564208473,7.0865867652956185,0.8901879787445068,1.6700439453125,0.83624267578125,0
2019-06-01,2019-06-02,1,26.0,91.0,northeast,monsoon,6,152,2019,normal,24.071807861328125,1006.5318603515624,2.105712890625,1.39111328125,-0.037384033203125,94.6416244506836,5838.62841796875,-3.578277587890625,-1.1091156005859375,0.014623936265707,1.3916155098333283,3.7462258222727916,1.4029608832465277,2.334105564208473,6.222718473084138,3.9119253158569336,0.84613037109375,0.12347412109386369,0
2019-06-01,2019-06-02,1,26.0,94.0,northeast,monsoon,6,152,2019,normal,22.925323486328125,1007.576904296875,0.091552734375,-1.13330078125,0.625701904296875,93.27693939208984,5838.6796875,2.298675537109375,1.4787750244140625,0.0141056142747402,1.2945553421243126,2.7332553480668222,1.061333550347222,2.2868407697270627,5.969202929286768,0.0906214118003846,2.9480590820312464,0.4130859375,1
2019-06-01,2019-06-02,1,29.0,70.0,north,monsoon,6,152,2019,normal,33.665557861328125,998.389404296875,0.0,1.30615234375,-4.089141845703125,11.856637001037598,5875.236328125,-0.152496337890625,-9.198959350585938,0.0038688739296048,4.292681560442607,9.200223272660425,0.0,0.0,1.9769687531642046,9.313225746154783e-06,1.65447998046875,0.41021728515625,0
2019-06-01,2019-06-02,1,29.0,73.0,north,monsoon,6,152,2019,normal,29.962432861328125,998.7418823242188,0.0,2.32080078125,-0.225860595703125,9.814132690429688,5865.57421875,7.896331787109375,-3.290756225585937,0.0032208522316068,2.331765270120897,8.554597140038013,0.0,0.0,1.5982763085725702,9.313225746154783e-06,1.4085083007812464,0.4710693359375,0
2019-06-01,2019-06-02,1,29.0,76.0,north,monsoon,6,152,2019,normal,27.839385986328125,999.5418701171876,0.0,-1.18505859375,1.421600341796875,17.36315155029297,5853.97509765625,-0.929840087890625,1.4572906494140625,0.0053599439561367,1.850759682513567,1.7286696115562699,0.0,0.0,6.627593252386574,9.313225746154783e-06,3.76849365234375,0.1259155273436363,1
2019-06-01,2019-06-02,1,29.0,79.0,north,monsoon,6,152,2019,normal,28.573760986328125,1002.3093872070312,0.0,-4.33056640625,1.811248779296875,58.54141616821289,5838.0166015625,-4.011871337890625,4.697525024414063,0.0127375684678554,4.694084313201613,6.177528064427118,0.010172526041666666,0.02385668823152379,7.978141496731937,9.313225746154783e-06,2.5850830078125,0.39703369140625,0
2019-06-01,2019-06-02,1,29.0,82.0,central,monsoon,6,152,2019,normal,5.386260986328125,1014.3543701171876,0.0152587890625,-0.23486328125,-0.962188720703125,49.35990524291992,5824.8115234375,-0.283355712890625,-0.5153656005859375,0.007614430040121,0.9904382338782327,0.5881259748515265,0.050014919704861105,0.08381623734746822,8.106663663424182,0.0032335519790650004,2.058685302734375,1.7126464843752274,1
2019-06-01,2019-06-02,1,29.0,85.0,east,monsoon,6,152,2019,normal,-6.002410888671875,1020.796875,0.091552734375,0.79736328125,0.307342529296875,28.449827194213867,5820.85986328125,0.089691162109375,-0.1833343505859375,0.0039823614060878,0.8545452782622855,0.20409798790114916,0.3992716471354167,0.9545995674386041,6.584725886317385,0.0633951276540757,0.185943603515625,0.5318603515623863,0
2019-06-01,2019-06-02,1,29.0,88.0,northeast,monsoon,6,152,2019,normal,1.276885986328125,1017.7393798828124,0.05340576171875,-0.33349609375,0.039764404296875,33.947025299072266,5824.3271484375,-0.545074462890625,0.4338531494140625,0.0048435293138027,0.33585838145800995,0.696659691206549,0.6230672200520834,1.083726183945424,6.756243706371368,0.053415074944496155,1.222747802734375,1.5599365234373863,1
2019-06-01,2019-06-02,1,29.0,91.0,northeast,monsoon,6,152,2019,normal,-1.197723388671875,1021.27685546875,0.0,-0.47705078125,0.282928466796875,34.89412307739258,5833.93798828125,-0.414215087890625,0.9182281494140624,0.0048707090318202,0.5546403927007713,1.0073316600864939,0.5933973524305556,1.0966458294265469,6.932245014487501,0.0058338046073913,2.375030517578125,0.66156005859375,0
2019-06-01,2019-06-02,1,29.0,94.0,northeast,monsoon,6,152,2019,normal,1.198760986328125,1018.7893676757812,0.0,0.36572265625,-0.236602783203125,15.634610176086426,5835.18701171875,0.404144287109375,-0.3122406005859375,0.0022318919654935,0.4355845937519148,0.5107120494539089,0.2543131510416667,0.6556348894987801,7.462101399481468,9.313225746154783e-06,0.255615234375,0.33343505859375,0
2019-06-01,2019-06-02,1,32.0,70.0,north,monsoon,6,152,2019,normal,27.095245361328125,1003.6018676757812,0.0,3.45654296875,0.868865966796875,22.01293563842773,5855.9892578125,3.533050537109375,-0.9548187255859376,0.0058801732957363,3.564073142217052,3.6597984775802064,0.0,0.0,2.316979274013969,9.313225746154783e-06,2.484954833984375,1.34918212890625,1
2019-06-01,2019-06-02,1,32.0,73.0,north,monsoon,6,152,2019,normal,27.472198486328125,999.869384765625,0.0,-1.83056640625,-1.198516845703125,17.671550750732422,5849.76904296875,0.238128662109375,-1.0231781005859375,0.0051868520677089,2.1880164526632813,1.0505230531676342,0.0,0.0,1.799322043077498,9.313225746154783e-06,0.339569091796875,0.00396728515625,0
2019-06-01,2019-06-02,1,32.0,76.0,north,monsoon,6,152,2019,normal,25.849151611328125,1001.1568603515624,0.0,-2.72998046875,1.699920654296875,20.703161239624023,5839.29150390625,0.302581787109375,-0.5993499755859375,0.0058744512498378,3.21597941390513,0.6713986380125946,0.0,0.0,8.837788255148705,9.313225746154783e-06,0.880279541015625,0.7853393554688637,0
2019-06-01,2019-06-02,1,32.0,79.0,north,monsoon,6,152,2019,normal,-7.549285888671875,1021.5018920898438,0.0,2.00146484375,0.098358154296875,10.95124053955078,5827.38623046875,1.163909912109375,0.2697906494140625,0.0014741977211087,2.003880197837161,1.1947691316809765,0.018649631076388888,0.031169935965390076,8.810998259460776,9.313225746154783e-06,2.088226318359375,1.95391845703125,1
2019-06-01,2019-06-02,1,32.0,82.0,central,monsoon,6,152,2019,normal,-0.019989013671875,1016.826904296875,0.0762939453125,0.48876953125,0.579803466796875,26.083833694458008,5819.61083984375,0.906097412109375,0.3576812744140625,0.0037687381263822,0.7583321928996682,0.9741398330310564,0.0881618923611111,0.10160509712370215,5.5685484961450396,0.0447258353233338,0.146026611328125,1.89251708984375,1
2019-06-01,2019-06-02,1,32.0,85.0,east,monsoon,6,152,2019,normal,1.122589111328125,1014.5718994140624,0.26702880859375,-1.51123046875,1.940155029296875,22.067237854003903,5814.79248046875,-1.257965087890625,1.0979156494140625,0.0033305247779935,2.459272060465109,1.6696990553929083,0.09409586588541667,0.09777009474050437,1.9502969357715843,0.2662446349859238,0.25726318359375,0.39453125,0
2019-06-01,2019-06-02,1,32.0,88.0,northeast,monsoon,6,152,2019,normal,0.304229736328125,1017.6568603515624,0.0,-3.45263671875,-1.732696533203125,16.98773956298828,5823.23095703125,-2.384918212890625,-1.9001312255859373,0.0024431308265775,3.8630218207816136,3.049316899999757,0.07544623480902778,0.10677787883294293,2.6265337820494663,9.313225746154783e-06,0.460693359375,0.3055419921876137,0
2019-06-01,2019-06-02,1,32.0,91.0,northeast,monsoon,6,152,2019,normal,-3.291473388671875,1021.3518676757812,0.0,-1.54443359375,0.582733154296875,21.47058486938477,5828.60986328125,-1.078277587890625,-0.2106781005859375,0.0029213984962552,1.6507128928497303,1.0986663818528912,0.005933973524305562,0.0167838116736716,3.213471852955798,9.313225746154783e-06,0.2801513671875,0.5549926757811363,0
2019-06-01,2019-06-02,1,32.0,94.0,northeast,monsoon,6,152,2019,normal,-9.039520263671877,1026.234375,0.0,-1.36865234375,-1.327423095703125,15.89507293701172,5826.7744140625,-0.769683837890625,-0.2048187255859375,0.001965339994058,1.9066361249746728,0.7964696608538767,5.782411586589357e-18,8.711724976948326e-10,3.0854020365258603,9.313225746154783e-06,3.7638244628906268,1.526123046875,1
2019-06-01,2019-06-03,2,8.0,70.0,south,monsoon,6,152,2019,normal,27.95053100585937,1007.4924926757812,3.875732421875,3.9039306640625,1.4153900146484375,79.06022644042969,5865.59912109375,2.2178497314453125,2.6560516357421875,0.0130403963848948,4.152589977757734,3.460269891641517,3.9316813151041665,1.7546501677683988,0.16172794846275826,2.6813645362854004,1.5653686523437464,1.197021484375,0
2019-06-01,2019-06-03,2,8.0,73.0,south,monsoon,6,152,2019,normal,28.02084350585937,1007.2000122070312,3.47900390625,4.0308837890625,2.580429077148437,64.4482192993164,5862.0048828125,5.1612091064453125,2.9119110107421875,0.0114859072491526,4.78608799993481,5.925985586797829,3.1094021267361107,1.8695428276932564,0.23319052469695342,2.0240880250930786,0.45861816406249645,0.60906982421875,0
2019-06-01,2019-06-03,2,8.0,76.0,south,monsoon,6,152,2019,normal,28.19076538085937,1007.385009765625,1.129150390625,5.4967041015625,0.7767181396484375,78.51408386230469,5863.9931640625,6.2237091064453125,1.5486297607421875,0.0129941431805491,5.551310390222559,6.413486507158701,1.5682644314236107,1.669127989103774,0.6629869900061676,1.77724289894104,1.0304870605468714,0.5697021484373863,0
2019-06-01,2019-06-03,2,8.0,79.0,south,monsoon,6,152,2019,normal,28.49935913085937,1006.8574829101562,0.152587890625,7.8814697265625,4.3353118896484375,74.26969146728516,5858.71630859375,10.239334106445312,1.9900360107421875,0.0127767054364085,8.995137254719811,10.430925475117963,0.8629692925347219,1.364846554952183,0.8822086766023745,0.3314241766929626,0.08355712890624645,0.04779052734386369,0
2019-06-01,2019-06-03,2,8.0,82.0,south,monsoon,6,152,2019,normal,29.52670288085937,1006.2249755859376,0.0,2.6392822265625,0.6663665771484375,65.39879608154297,5861.80078125,11.192459106445312,1.2361297607421875,0.0116480318829417,2.7221048999972854,11.260513204771936,0.5459255642361108,0.8079566119865932,0.5891975899115642,0.0009406358003616,0.20559692382812145,0.07983398437522737,0
2019-06-01,2019-06-03,2,8.0,85.0,south,monsoon,6,152,2019,normal,28.99545288085937,1006.75,0.6103515625,7.7525634765625,5.2308197021484375,80.65093994140625,5858.6904296875,8.170974731445312,-0.0490264892578125,0.01370510738343,9.352203762457012,8.171121811511975,2.470228407118055,2.5658313536615993,0.8350658498628789,0.7759034633636477,1.9614868164062464,0.01116943359375,0
2019-06-01,2019-06-03,2,8.0,88.0,south,monsoon,6,152,2019,normal,27.45248413085937,1007.9824829101562,6.4697265625,3.4967041015625,4.2972259521484375,80.22151947021484,5864.32470703125,10.401443481445312,3.2068328857421875,0.0128663508221507,5.540134516210058,10.884567224046105,3.9757622612847214,2.0829238974938558,0.8151832867865523,5.547832727432251,1.0858154296875036,0.85137939453125,1
2019-06-01,2019-06-03,2,8.0,91.0,south,monsoon,6,152,2019,normal,27.36849975585937,1008.4749755859376,4.8370361328125,2.9058837890625,3.463241577148437,78.16694641113281,5870.62109375,6.6201934814453125,0.1462860107421875,0.0126551119610667,4.5208630611008145,6.621809520720894,3.8418240017361103,2.1896557575884,0.5477035740347682,4.268135905265808,0.32577514648437855,0.9387817382813637,1
2019-06-01,2019-06-03,2,8.0,94.0,south,monsoon,6,152,2019,normal,28.21810913085937,1008.2100219726562,1.1138916015625,1.4185791015625,4.1702728271484375,79.1081771850586,5872.3037109375,0.6670684814453125,2.3845672607421875,0.0129574267193675,4.404945189243845,2.4761141694076336,2.185397677951388,1.8277283269657805,0.18905769483168186,0.7529184222221375,0.05416870117187855,0.6336669921875,0
2019-06-01,2019-06-03,2,11.0,70.0,south,monsoon,6,152,2019,normal,27.69271850585937,1007.6074829101562,6.4239501953125,3.2174072265625,0.3372650146484375,93.72962951660156,5862.845703125,2.3565216064453125,0.2322235107421875,0.0154884783551096,3.2350358501324847,2.367936198588345,2.7058919270833335,2.5562608678224534,0.287983359444848,5.132067918777466,0.20706176757812145,0.03253173828136369,1
2019-06-01,2019-06-03,2,11.0,73.0,south,monsoon,6,152,2019,normal,29.04428100585937,1007.2025146484376,0.0762939453125,5.3541259765625,2.808944702148437,66.25004577636719,5860.5517578125,5.3194122314453125,-0.0236358642578125,0.0108321635052561,6.046224881083164,5.319464742070316,2.188788519965278,2.2846337514346136,0.5101058753218293,4.984851837158203,2.0887756347656214,0.2299194335936363,1
2019-06-01,2019-06-03,2,11.0,76.0,south,monsoon,6,152,2019,normal,24.53451538085937,1007.967529296875,4.5166015625,0.5113525390625,1.5364837646484375,99.8057632446289,5861.69873046875,4.8897247314453125,0.5037078857421875,0.0157321412116289,1.6193405380690933,4.9156006330322235,1.0579427083333337,1.6245973151268076,0.8787418843596365,0.8328723907470703,1.4678344726562536,0.03802490234375,0
2019-06-01,2019-06-03,2,11.0,79.0,south,monsoon,6,152,2019,normal,27.82357788085937,1005.3925170898438,0.0,3.8433837890625,1.2903900146484375,72.77250671386719,5866.185546875,3.3623809814453125,-2.7033233642578125,0.0139416186138987,4.054220682194399,4.314343875507297,0.723944769965278,1.3925796386452656,1.3669510487038534,0.0,2.44873046875,0.6785278320313637,0
2019-06-01,2019-06-03,2,11.0,82.0,south,monsoon,6,152,2019,normal,29.67904663085937,1005.1749877929688,0.6866455078125,6.5172119140625,5.9271087646484375,84.82146453857422,5864.783203125,6.5830841064453125,-2.2306671142578125,0.0152834383770823,8.809351249710192,6.950746156144976,0.4696316189236113,0.8288198726233709,0.8671087321736297,0.2819150686264038,0.21823120117187145,0.084716796875,0
2019-06-01,2019-06-03,2,11.0,85.0,south,monsoon,6,152,2019,normal,28.06185913085937,1006.2474975585938,2.7008056640625,4.6363525390625,4.2757415771484375,81.77368927001953,5864.7578125,6.5069122314453125,0.0505828857421875,0.0138381449505686,6.306958926537186,6.507108836961514,1.7038981119791667,2.256535937353335,1.0705246656333924,3.358511447906494,0.42691040039062145,0.2592163085938637,0
2019-06-01,2019-06-03,2,11.0,88.0,south,monsoon,6,152,2019,normal,28.39193725585937,1006.5700073242188,4.6844482421875,4.5826416015625,4.9554290771484375,75.71771240234375,5870.8759765625,5.7334747314453125,3.1208953857421875,0.0129216639325022,6.749583793614206,6.527841948520872,3.462049696180556,2.5470291222668378,1.004815815514752,4.3414589166641235,0.05258178710937855,0.04486083984375,1
2019-06-01,2019-06-03,2,11.0,91.0,south,monsoon,6,152,2019,normal,27.75521850585937,1007.7849731445312,4.5623779296875,3.7965087890625,4.3558197021484375,83.81358337402344,5870.03515625,5.3740997314453125,1.9060516357421875,0.013566824607551,5.778117709345606,5.702103187564747,4.002888997395834,2.5845023632634474,0.8251720152195882,2.2441818714141846,0.5011596679687464,0.3576049804688637,0
2019-06-01,2019-06-03,2,11.0,94.0,south,monsoon,6,152,2019,normal,28.21224975585937,1008.2625122070312,0.48828125,4.4576416015625,2.533554077148437,89.37104034423828,5869.6015625,2.3174591064453125,4.058395385742188,0.0141132799908518,5.127325317338091,4.673455875159173,3.6688910590277786,2.6895811730933814,0.25625059992549903,0.20070001482963562,0.6227111816406286,0.6610107421875,0
2019-06-01,2019-06-03,2,14.0,70.0,south,monsoon,6,152,2019,normal,29.36849975585937,1007.1525268554688,0.030517578125,5.2877197265625,-1.0250396728515625,64.95411682128906,5870.97802734375,1.8858184814453125,1.2771453857421875,0.0111483065411448,5.386156908000159,2.2775890062263793,1.468234592013889,2.649272048141681,0.3996228400217395,0.0241175293922425,0.13442993164062855,0.4288940429688637,0
2019-06-01,2019-06-03,2,14.0,73.0,south,monsoon,6,152,2019,normal,29.27279663085937,1006.6500244140624,0.1373291015625,3.4215087890625,-0.7203521728515625,34.93450927734375,5872.7880859375,4.5362091064453125,-1.3263702392578125,0.0064676725305616,3.4965167876851244,4.726145476917337,1.2563069661458333,2.2972685627380787,0.6661185108384152,0.1373291015625,0.005279541015621447,0.8443603515626137,0
2019-06-01,2019-06-03,2,14.0,76.0,south,monsoon,6,152,2019,normal,22.99740600585937,1008.54248046875,0.030517578125,3.9586181640625,-0.5045318603515625,68.54898834228516,5873.017578125,8.110427856445312,-2.9201202392578125,0.0124767748638987,3.990640320419189,8.620101056619186,0.5391438802083334,1.407029883448584,1.2765732594648573,2.319045305252075,0.5587463378906214,0.06890869140625,0
2019-06-01,2019-06-03,2,14.0,79.0,south,monsoon,6,152,2019,normal,27.20443725585937,1006.16748046875,0.0,2.4058837890625,0.2757415771484375,71.5381088256836,5870.3408203125,4.0010528564453125,-5.6740264892578125,0.0144918886944651,2.4216337922654696,6.942838076814735,0.5815294053819444,1.4074608739948151,1.6569123193228072,0.3233291208744049,0.08215332031250355,0.6483154296876137,0
2019-06-01,2019-06-03,2,14.0,82.0,south,monsoon,6,152,2019,normal,30.10873413085937,1003.9525146484376,0.0,3.5728759765625,5.9827728271484375,62.215309143066406,5869.06640625,3.4326934814453125,-1.0802764892578125,0.0127447573468089,6.968429768976878,3.598663895225605,0.38486056857638884,0.8458128988873522,0.900290993297709,0.0,0.26513671875,0.17895507812477263,0
2019-06-01,2019-06-03,2,14.0,85.0,south,monsoon,6,152,2019,normal,29.68881225585937,1005.2874755859376,0.0762939453125,3.9342041015625,5.7161712646484375,70.16045379638672,5864.248046875,5.6436309814453125,3.1208953857421875,0.0126322237774729,6.939205706674484,6.449074248562832,0.9748670789930555,1.5435521053912165,0.9405231766687153,0.9101703763008118,1.82421875,0.3673095703123863,0
2019-06-01,2019-06-03,2,14.0,88.0,south,monsoon,6,152,2019,normal,29.14193725585937,1005.9249877929688,0.1068115234375,2.5689697265625,3.6399993896484375,78.42093658447266,5870.26416015625,1.4268341064453125,1.5623016357421875,0.0134194819256663,4.455244214701996,2.1158076397343657,2.2718641493055554,2.4702638978313316,1.00274176709343,0.6283707618713379,0.20745849609374645,0.10467529296886369,0
2019-06-01,2019-06-03,2,14.0,91.0,south,monsoon,6,152,2019,normal,27.69467163085937,1007.6624755859376,7.110595703125,2.1578369140625,3.6185150146484375,82.004150390625,5867.689453125,3.1416778564453125,3.2029266357421875,0.0137489764019846,4.213064331211542,4.486521903170159,3.35693359375,2.714711589325531,0.9502102569147814,0.7935185432434082,0.05206298828124645,1.0536499023438637,0
2019-06-01,2019-06-03,2,14.0,94.0,south,monsoon,6,152,2019,normal,27.21810913085937,1008.3599853515624,6.65283203125,2.8218994140625,3.9066009521484375,85.89971923828125,5871.3095703125,3.5498809814453125,4.382614135742188,0.0140880076214671,4.8191957111548565,5.639943407981536,4.160563151041667,2.6542789183224365,0.5113340797015661,0.49575042724609375,0.21859741210937145,0.5509033203123863,0
2019-06-01,2019-06-03,2,17.0,70.0,west,monsoon,6,152,2019,normal,29.25326538085937,1006.5775146484376,0.0,4.3951416015625,0.6722259521484375,16.465377807617188,5880.0283203125,0.9756622314453124,-3.3205108642578125,0.0038612806238234,4.446252065338542,3.460882718255996,0.03390842013888889,0.04593308235725934,0.5293919859001487,0.029139220714569,0.09677124023437145,0.4866333007811363,0
2019-06-01,2019-06-03,2,17.0,73.0,west,monsoon,6,152,2019,normal,28.80990600585937,1006.6325073242188,0.091552734375,2.1666259765625,-1.5699615478515625,34.32916259765625,5881.86376953125,3.0108184814453125,-3.0998077392578125,0.0066741430200636,2.6756396214826617,4.321323402451532,0.03390842013888889,0.04593308235725934,0.9200096856614768,0.1611374318599701,0.06106567382812145,0.8651733398436363,0
2019-06-01,2019-06-03,2,17.0,76.0,central,monsoon,6,152,2019,normal,26.75717163085937,1006.5499877929688,0.0,4.2984619140625,0.4554290771484375,62.561744689941406,5882.09326171875,2.5088653564453125,-6.1154327392578125,0.0138638941571116,4.322521309485718,6.610062251231661,0.030517578124999997,0.04716806282295585,1.7945116224321507,0.0,1.8194274902343786,0.13751220703125,0
2019-06-01,2019-06-03,2,17.0,79.0,central,monsoon,6,152,2019,normal,30.71224975585937,1003.9500122070312,0.0,2.0220947265625,-0.8267974853515625,53.93452453613281,5880.1298828125,1.2979278564453125,-4.5373077392578125,0.0120800463482737,2.1845963391380887,4.7192984903760395,0.003390842013888886,0.009590749527812312,1.8071422665954282,0.0,0.14328002929687145,0.231689453125,0
2019-06-01,2019-06-03,2,17.0,82.0,central,monsoon,6,152,2019,normal,29.52084350585937,1003.6849975585938,0.0,-0.1888427734375,0.9398040771484376,68.03059387207031,5877.3515625,4.4502716064453125,0.5662078857421875,0.0147298304364085,0.9585892219842623,4.486146312929392,0.008477105034722219,0.02397687381953082,1.1126186846159951,0.0221505761146545,0.931396484375,0.6674194335938637,0
2019-06-01,2019-06-03,2,17.0,85.0,east,monsoon,6,152,2019,normal,29.78646850585937,1004.530029296875,0.0,3.6890869140625,6.3782806396484375,56.03474044799805,5869.3974609375,2.9698028564453125,0.7087860107421875,0.0116642443463206,7.368298730210473,3.053212507372286,0.07798936631944443,0.16043019262944352,0.9004634087033425,0.0238530337810516,0.35244750976562145,0.61419677734375,0
2019-06-01,2019-06-03,2,17.0,88.0,east,monsoon,6,152,2019,normal,28.70443725585937,1005.594970703125,0.518798828125,2.5572509765625,3.490585327148437,79.23265075683594,5870.18798828125,3.0088653564453125,3.693161010742188,0.014531466178596,4.327091226590193,4.763686490994452,0.9714762369791666,2.1828662332923563,1.3260106178652253,0.4333201795816422,0.6109313964843786,0.11169433593738631,0
2019-06-01,2019-06-03,2,17.0,91.0,east,monsoon,6,152,2019,normal,28.03646850585937,1006.6699829101562,0.6866455078125,3.8785400390625,1.3392181396484375,86.46171569824219,5868.68359375,2.1436309814453125,0.6365203857421875,0.014627787284553,4.103239946697531,2.2361377386193313,2.44140625,2.842752398709323,1.5308154349963745,0.09391272068023682,0.45510864257812145,0.21514892578125,0
2019-06-01,2019-06-03,2,17.0,94.0,east,monsoon,6,152,2019,normal,27.04232788085937,1007.6749877929688,5.401611328125,1.6519775390625,3.6614837646484375,92.3048095703125,5868.8369140625,3.647537231445313,2.3689422607421875,0.0148309199139475,4.016900938329335,4.349300551756575,3.8503011067708335,2.7421515252004776,0.9277250814599796,0.33882617950439453,0.6040954589843786,0.5606079101563637,0
2019-06-01,2019-06-03,2,20.0,70.0,west,monsoon,6,152,2019,normal,28.93490600585937,1005.6099853515624,0.0,6.0523681640625,1.3607025146484375,21.2322940826416,5889.2822265625,4.3291778564453125,-3.695510864257813,0.0052340948022902,6.203440313787815,5.691975180952913,0.011867947048611112,0.02857174266620673,1.2732523432223615,0.0304318964481353,0.006164550781246447,0.5519409179688637,0
2019-06-01,2019-06-03,2,20.0,73.0,west,monsoon,6,152,2019,normal,27.32943725585937,1006.6925048828124,0.0152587890625,1.3228759765625,1.9671478271484373,62.20940780639648,5886.80908203125,3.0811309814453125,-5.8146514892578125,0.0131243197247385,2.3705846163385536,6.580542535866647,0.011867947048611112,0.02857174266620673,1.167086452004879,0.0040456652641296005,2.5754089355468786,0.15405273437522737,0
2019-06-01,2019-06-03,2,20.0,76.0,central,monsoon,6,152,2019,normal,28.71224975585937,1005.0050048828124,0.0,2.8912353515625,-2.2115631103515625,47.98384094238281,5884.61669921875,1.2119903564453125,-8.631057739257812,0.0120295016095042,3.6400897309259577,8.715737394077372,0.011867947048611112,0.02857174266620673,1.790632107185746,0.0,3.2845153808593786,0.3713378906247726,1
2019-06-01,2019-06-03,2,20.0,79.0,central,monsoon,6,152,2019,normal,34.013031005859375,1001.9924926757812,0.0,1.6910400390625,2.598007202148437,35.951175689697266,5880.283203125,4.0733184814453125,-0.9005889892578125,0.0097659556195139,3.099880293838401,4.171688384677882,0.0,0.0,1.5278357431156961,0.0,2.301513671875,0.42041015625,0
2019-06-01,2019-06-03,2,20.0,82.0,central,monsoon,6,152,2019,normal,27.72592163085937,1004.635009765625,0.0,3.4771728515625,4.0687103271484375,46.91204071044922,5874.037109375,10.141677856445312,3.3689422607421875,0.012003275565803,5.352114980630334,10.686599164380025,0.0,0.0,1.0668532553944141,0.0,0.19241333007812145,1.87506103515625,1
2019-06-01,2019-06-03,2,20.0,85.0,east,monsoon,6,152,2019,normal,28.33529663085937,1003.4724731445312,0.0,0.2047119140625,2.337265014648437,54.757171630859375,5869.98388671875,2.3799591064453125,2.9470672607421875,0.0129555193707346,2.346212845514808,3.7880616135024034,0.05764431423611111,0.16304274197280963,0.9469350044896259,0.0,1.3893737792968714,2.23919677734375,1
2019-06-01,2019-06-03,2,20.0,88.0,east,monsoon,6,152,2019,normal,29.29428100585937,1003.3125,0.0,3.2662353515625,8.814804077148438,55.21858596801758,5866.05810546875,3.905349731445313,3.0212860107421875,0.0123275248333811,9.400482130737196,4.93760323270374,0.16445583767361113,0.24894415748396334,1.1126321738781726,0.0042654573917388,0.034423828125,1.79150390625,1
2019-06-01,2019-06-03,2,20.0,91.0,east,monsoon,6,152,2019,normal,29.74545288085937,1005.2224731445312,0.244140625,2.6627197265625,4.9124603271484375,34.34344482421875,5863.0498046875,3.667068481445313,4.781051635742188,0.0070017301477491,5.587695661722496,6.025433261703484,0.903659396701389,1.6396044809529673,1.6258805169987642,0.2335477620363236,0.18893432617187145,0.311767578125,0
2019-06-01,2019-06-03,2,20.0,94.0,east,monsoon,6,152,2019,normal,24.56185913085937,1007.8900146484376,1.251220703125,-0.6927490234375,0.4212493896484375,88.41687774658203,5860.1181640625,4.6787872314453125,1.0310516357421875,0.0140078989788889,0.8107726301206714,4.791045546924213,1.5852186414930556,2.092358348446641,1.032298298905861,1.246519386768341,1.8424377441406286,0.05749511718761369,0
2019-06-01,2019-06-03,2,23.0,70.0,west,monsoon,6,152,2019,normal,27.78060913085937,1003.532470703125,0.0,5.7867431640625,2.384140014648437,12.483503341674805,5892.927734375,7.590896606445312,0.1580047607421875,0.0037129842676222,6.2586356385614845,7.592540865491614,0.0016954210069444443,0.004795374763906166,1.9732802924198343,0.0,1.8830871582031286,0.4349365234373863,0
2019-06-01,2019-06-03,2,23.0,73.0,west,monsoon,6,152,2019,normal,27.92709350585937,1004.14501953125,0.0,1.6451416015625,1.4222259521484375,12.55001163482666,5890.45458984375,6.3936309814453125,-3.951370239257813,0.0034750425256788,2.174676423782664,7.516105633543856,0.0016954210069444443,0.004795374763906166,1.998368582854191,0.0,3.9797058105468786,0.34832763671875,1
2019-06-01,2019-06-03,2,23.0,76.0,central,monsoon,6,152,2019,normal,28.52279663085937,1004.3400268554688,0.0,5.0445556640625,-0.3560943603515625,35.30485916137695,5884.33642578125,6.7569122314453125,-5.1701202392578125,0.0098122088238596,5.057108367565326,8.507996602716679,0.0016954210069444443,0.004795374763906166,2.1839432371647503,0.0,2.4997863769531286,0.85296630859375,0
2019-06-01,2019-06-03,2,23.0,79.0,central,monsoon,6,152,2019,normal,32.755218505859375,1001.614990234375,0.0,3.3619384765625,1.3714447021484375,40.51035690307617,5874.82763671875,10.590896606445312,-3.656448364257813,0.0112908808514475,3.6309077227660853,11.204316381149654,0.0,0.0,1.8239801907737994,0.0,2.21002197265625,0.8228759765626137,0
2019-06-01,2019-06-03,2,23.0,82.0,central,monsoon,6,152,2019,normal,29.22201538085937,1002.0850219726562,0.0,0.4410400390625,4.4964447021484375,26.680816650390625,5863.25390625,3.0928497314453125,-0.0880889892578125,0.0078958002850413,4.518022938801329,3.094103930272835,0.0,0.0,1.4777212771608046,0.0028200447559356,0.10379028320312145,1.793701171875,1
2019-06-01,2019-06-03,2,23.0,85.0,east,monsoon,6,152,2019,normal,24.61459350585937,1003.8699951171876,0.0,0.4322509765625,2.675155639648437,44.85148620605469,5852.69970703125,11.379959106445312,6.851364135742188,0.01112303417176,2.709852136756187,13.283247335832526,0.14580620659722224,0.4124022296959302,1.1206091414289607,0.0009406358003616,0.5781860351562536,1.4817504882811363,0
2019-06-01,2019-06-03,2,23.0,88.0,east,monsoon,6,152,2019,normal,27.46615600585937,1003.2349853515624,0.0,-1.2874755859375,1.2298431396484375,48.35678482055664,5843.369140625,9.887771606445312,5.988082885742188,0.0107120005413889,1.7804795793620984,11.559635114818485,0.6951226128472222,1.4619288071647683,0.8918356830922709,2.478623867034912,0.553466796875,1.0571899414063637,0
2019-06-01,2019-06-03,2,23.0,91.0,east,monsoon,6,152,2019,normal,26.51107788085937,1005.0175170898438,0.030517578125,-1.8255615234375,0.8782806396484375,88.82243347167969,5840.46337890625,4.2627716064453125,5.741989135742188,0.0145090548321604,2.0258459363526917,7.151339804798655,1.6343858506944444,2.4262321712699637,1.5072304268903973,0.057147815823554896,0.25494384765625355,0.28741455078125,0
2019-06-01,2019-06-03,2,23.0,94.0,east,monsoon,6,152,2019,normal,24.16146850585937,1006.9974975585938,0.0,0.0279541015625,-0.7623443603515625,78.78199768066406,5844.61865234375,2.7471466064453125,0.7790985107421875,0.0134242502972483,0.7628567070911807,2.855487518226037,2.427842881944444,2.8999055024694553,1.043025448716622,0.0,0.9662475585937536,0.543701171875,0
2019-06-01,2019-06-03,2,26.0,70.0,west,monsoon,6,152,2019,normal,27.97201538085937,1000.9324951171876,0.0,1.6236572265625,3.9603118896484375,15.645976066589355,5889.40966796875,7.446365356445312,0.8298797607421875,0.0050195180810987,4.280225817951596,7.492466712569261,0.0,0.0,2.472724856513193,0.0,1.9844970703125036,0.5806274414063637,0
2019-06-01,2019-06-03,2,26.0,73.0,west,monsoon,6,152,2019,normal,30.47396850585937,1001.9000244140624,0.0,4.4302978515625,3.336288452148437,24.5267333984375,5884.38720703125,9.055740356445312,3.1775360107421875,0.0074094259180128,5.5460219697994635,9.597039569727514,0.0,0.0,2.4345741444564055,0.0,4.7439270019531286,0.7111816406247726,1
2019-06-01,2019-06-03,2,26.0,76.0,central,monsoon,6,152,2019,normal,31.81576538085937,1000.5150146484376,0.0,2.7857666015625,-0.5543365478515625,25.977846145629883,5876.05126953125,11.879959106445312,-4.8498077392578125,0.0078614680096507,2.840384580768081,12.831759952499809,0.0,0.0,2.067187650980407,0.0,2.5466003417968786,0.8276977539063637,0
2019-06-01,2019-06-03,2,26.0,79.0,central,monsoon,6,152,2019,normal,30.43099975585937,999.532470703125,0.0,-2.9163818359375,0.4661712646484375,22.371469497680664,5857.92578125,0.1162872314453125,-6.6974639892578125,0.0065644704736769,2.9534045880932243,6.698473453526735,0.0016954210069444443,0.004795374763906166,3.963047895902354,0.0,3.5543212890625036,0.703857421875,1
2019-06-01,2019-06-03,2,26.0,82.0,central,monsoon,6,152,2019,normal,30.38998413085937,1001.052490234375,0.0,-4.5433349609375,-1.1295318603515625,60.51318359375,5843.1142578125,-0.2059783935546875,2.8533172607421875,0.0137575594708323,4.6816380456872375,2.8607422968629437,0.0016954210069444443,0.004795374763906166,6.3685788981477796,0.0,1.059326171875,1.51226806640625,1
2019-06-01,2019-06-03,2,26.0,85.0,east,monsoon,6,152,2019,normal,25.85092163085937,1003.0599975585938,0.0,-4.5794677734375,-0.4332427978515625,81.56509399414062,5825.93212890625,-0.3329315185546875,1.0701141357421875,0.0152724711224436,4.599915695949532,1.120708552462405,0.14750162760416666,0.4118302913410881,6.517832408797401,0.0,0.8059997558593786,1.34765625,0
2019-06-01,2019-06-03,2,26.0,88.0,northeast,monsoon,6,152,2019,normal,23.97592163085937,1004.905029296875,1.312255859375,-1.3558349609375,0.9720306396484376,82.42866516113281,5817.7490234375,-5.028244018554688,-0.3419952392578125,0.0135024515911936,1.6682721617637042,5.039860975642682,0.6679958767361112,1.4722737702156243,6.693352668056601,1.3103745877742767,1.0637512207031286,0.68603515625,0
2019-06-01,2019-06-03,2,26.0,91.0,northeast,monsoon,6,152,2019,normal,23.31576538085937,1005.342529296875,4.669189453125,-1.9368896484375,0.4974212646484375,80.82377624511719,5818.56494140625,-5.219650268554688,1.0056610107421875,0.0136393038555979,1.9997423395899765,5.315646996796348,1.468234592013889,2.494300250867974,6.099683730883092,4.6207718551158905,3.2971496582031286,0.79925537109375,1
2019-06-01,2019-06-03,2,26.0,94.0,northeast,monsoon,6,152,2019,normal,22.94467163085937,1006.8925170898438,7.2021484375,-1.6527099609375,-0.3394927978515625,86.89069366455078,5829.83251953125,-0.6786346435546875,0.3103485107421875,0.013933035545051,1.6872182949384809,0.7462313163841969,2.1226671006944446,3.0730496094628994,6.06172316470717,7.179895415902138,3.1476440429687536,0.101318359375,1
2019-06-01,2019-06-03,2,29.0,70.0,north,monsoon,6,152,2019,normal,35.366546630859375,997.6475219726562,0.0,3.3267822265625,-3.0963287353515625,10.721752166748049,5876.7138671875,4.8936309814453125,-6.0646514892578125,0.0036400281824171,4.544747696004252,7.79279294404249,0.0,0.0,1.9170304001943497,0.0,1.9056396484375,0.02606201171875,0
2019-06-01,2019-06-03,2,29.0,73.0,north,monsoon,6,152,2019,normal,30.76889038085937,997.9874877929688,0.0,-0.8118896484375,2.697616577148437,13.03415298461914,5868.1484375,6.0381622314453125,-2.1896514892578125,0.0043314420618116,2.817143943526141,6.422925873592314,0.0,0.0,1.6440038815526188,0.0,0.40872192382812855,0.426025390625,0
2019-06-01,2019-06-03,2,29.0,76.0,north,monsoon,6,152,2019,normal,28.85678100585937,998.85498046875,0.0,1.2379150390625,2.424179077148437,20.572586059570312,5859.76123046875,0.3623809814453125,-1.5197296142578125,0.0062230550684034,2.721962130894065,1.5623373759100394,0.0,0.0,6.644370608809936,0.0,3.1973876953125036,0.3419189453123863,1
2019-06-01,2019-06-03,2,29.0,79.0,north,monsoon,6,152,2019,normal,29.27474975585937,1001.6500244140624,0.0,-5.6556396484375,1.8353118896484373,73.73870849609375,5842.5791015625,-3.4364471435546875,6.814254760742188,0.0150512186810374,5.945975913612766,7.631725683929078,0.005086263020833333,0.010172526041666668,7.852678913127813,0.0,0.31921386718749645,0.9247436523438637,0
2019-06-01,2019-06-03,2,29.0,82.0,central,monsoon,6,152,2019,normal,5.524749755859375,1012.9000244140624,0.0152587890625,-0.1351318359375,-0.6695709228515625,49.06156921386719,5824.02001953125,-0.2626190185546875,-0.2404327392578125,0.0075720273889601,0.6830708849102942,0.3560570895427341,0.020345052083333332,0.04255472953969704,8.09535699611752,2.105304956436157,3.6389770507812482,0.5330200195311363,1
2019-06-01,2019-06-03,2,29.0,85.0,east,monsoon,6,152,2019,normal,-6.602203369140625,1019.864990234375,0.0,1.5386962890625,-0.5299224853515625,24.904600143432617,5817.21337890625,0.6631622314453125,-0.4123077392578125,0.0035050832666456,1.6273918122123774,0.7808852777888788,0.2526177300347222,0.44388310801267206,6.426010137542562,0.0544618815183639,3.05560302734375,0.48773193359375,1
2019-06-01,2019-06-03,2,29.0,88.0,northeast,monsoon,6,152,2019,normal,1.198577880859375,1015.9625244140624,0.0,0.1666259765625,1.2405853271484375,32.8981819152832,5810.25390625,-0.5809783935546875,1.3064422607421875,0.0046900236047804,1.2517252773677627,1.4297997322809035,0.8578830295138888,1.4221682156271405,6.2284478469448485,0.0997073948383331,2.900909423828125,0.9038696289061363,0
2019-06-01,2019-06-03,2,29.0,91.0,northeast,monsoon,6,152,2019,normal,-0.643218994140625,1018.7949829101562,0.0,-0.8402099609375,0.9026947021484376,29.14946746826172,5812.29345703125,-0.6591033935546875,0.9392547607421876,0.0041111432947218,1.2332114594608063,1.1474392310585209,1.644558376736111,2.4114978495778483,5.846416065624304,0.0225603580474853,3.73406982421875,0.04998779296875,1
2019-06-01,2019-06-03,2,29.0,94.0,northeast,monsoon,6,152,2019,normal,0.520843505859375,1019.2974853515624,0.0,-0.3704833984375,0.5237884521484375,36.86894226074219,5824.5302734375,-0.0184783935546875,0.1833953857421875,0.0051787816919386,0.6415701763033061,0.18432394998992307,2.214219835069444,3.020259166524704,5.953541485626823,0.0122208148241043,4.001617431640625,0.8698730468752274,1
2019-06-01,2019-06-03,2,32.0,70.0,north,monsoon,6,152,2019,normal,28.10092163085937,1001.9425048828124,0.0,2.6773681640625,0.1097259521484375,17.904739379882812,5847.88134765625,2.7569122314453125,-1.6505889892578125,0.0050652944482862,2.679615657237113,3.21325521291912,0.0,0.0,2.091127772744879,0.0,1.9377746582031214,1.4132080078123863,0
2019-06-01,2019-06-03,2,32.0,73.0,north,monsoon,6,152,2019,normal,27.70248413085937,997.7050170898438,0.0,-1.9476318359375,0.2630462646484375,17.34389305114746,5847.4482421875,1.5772247314453125,2.0251922607421875,0.0053685628809034,1.965315014368631,2.5669128435637996,0.0,0.0,1.6989629700614621,0.0,1.6090393066406286,0.393798828125,0
2019-06-01,2019-06-03,2,32.0,76.0,north,monsoon,6,152,2019,normal,26.32748413085937,1000.385009765625,0.0,-2.9906005859375,2.165390014648437,20.026756286621094,5843.16552734375,4.4385528564453125,-2.9650421142578125,0.0058673345483839,3.69223587818396,5.337810993167637,0.0,0.0,8.928888449202423,0.0,2.9936218261718786,0.69000244140625,1
2019-06-01,2019-06-03,2,32.0,79.0,north,monsoon,6,152,2019,normal,-7.098297119140625,1020.4924926757812,0.0,1.8765869140625,-0.2594146728515625,10.97092342376709,5829.52685546875,1.0928497314453125,-0.0001983642578125,0.0015090430388227,1.8944324792721698,1.0928497494479608,0.008477105034722222,0.012687369068650789,8.684478121446947,0.0016000121831893,1.1458740234375,0.05059814453125,0
2019-06-01,2019-06-03,2,32.0,82.0,central,monsoon,6,152,2019,normal,-0.488922119140625,1016.010009765625,0.030517578125,-0.3216552734375,0.3265228271484375,23.223047256469727,5821.7001953125,0.3389434814453125,0.7966766357421875,0.0034254514612257,0.45834405371855896,0.865780772223407,0.038994683159722224,0.05388132250322368,5.455684024508616,0.030517578125,0.289764404296875,3.25799560546875,1
2019-06-01,2019-06-03,2,32.0,85.0,east,monsoon,6,152,2019,normal,0.022796630859375,1015.510009765625,0.1373291015625,2.2662353515625,1.5023040771484375,34.35600662231445,5805.384765625,1.7276153564453125,1.3982391357421875,0.0050090276636183,2.7189593981684292,2.2225497745937486,0.21192762586805555,0.3067353511665873,1.6674126326067846,0.1072511076927186,3.108245849609375,3.99835205078125,1
2019-06-01,2019-06-03,2,32.0,88.0,northeast,monsoon,6,152,2019,normal,-0.076812744140625,1015.9525146484376,0.7781982421875,-2.3587646484375,-0.8560943603515625,37.50290298461914,5791.9755859375,-1.4930877685546875,-0.3908233642578125,0.0052832090295851,2.5093162854738407,1.5433904193875931,0.3865559895833333,0.37445398598848395,1.4905985014184484,0.06821566820144653,0.70062255859375,1.7508544921876137,1
2019-06-01,2019-06-03,2,32.0,91.0,northeast,monsoon,6,152,2019,normal,-0.764312744140625,1017.655029296875,0.823974609375,-3.3607177734375,0.8812103271484375,33.8286018371582,5793.1484375,-2.6493377685546875,0.9900360107421876,0.0046289884485304,3.474328077970151,2.8282789668730763,0.35942925347222227,0.3953640360618038,1.4056328097933652,0.033721327781677246,2.316375732421875,3.81494140625,1
2019-06-01,2019-06-03,2,32.0,94.0,northeast,monsoon,6,152,2019,normal,-3.313140869140625,1019.27001953125,0.0152587890625,-1.4046630859375,-0.9176177978515624,17.683990478515625,5812.49755859375,-1.0360565185546875,0.0779266357421875,0.0024274312891066,1.67782621505608,1.03898299803113,0.1898871527777778,0.3389994197395104,0.6635936136162223,0.0152587890625,1.387603759765625,0.2210693359376137,0
2019-06-01,2019-06-04,3,8.0,70.0,south,monsoon,6,152,2019,normal,28.24496459960937,1007.108154296875,3.8604736328125,2.69903564453125,2.467315673828125,70.42573547363281,5855.013671875,4.379074096679688,2.54296875,0.0123262517154216,3.6568347029593986,5.063889809986745,4.021538628472222,1.1466361774977551,0.3809455133805254,0.9077508449554439,0.244873046875,0.126220703125,0
2019-06-01,2019-06-04,3,8.0,73.0,south,monsoon,6,152,2019,normal,27.98129272460937,1007.7781372070312,5.8135986328125,4.52813720703125,3.460479736328125,76.9481430053711,5855.2685546875,7.865402221679687,4.296875,0.0124960057437419,5.699030318504924,8.962571443198026,3.8553873697916674,1.2137533079718374,0.40831400894443015,3.433849573135376,0.08639526367187145,0.419921875,0
2019-06-01,2019-06-04,3,8.0,76.0,south,monsoon,6,152,2019,normal,28.33871459960937,1007.72314453125,3.082275390625,6.99200439453125,1.186065673828125,74.62931060791016,5857.05322265625,11.877120971679688,-0.43359375,0.0125765912234783,7.091888129107627,11.885032861374533,2.629597981770834,2.148366695740093,0.894694733789996,0.36678647994995117,0.26351928710937145,0.19891357421875,0
2019-06-01,2019-06-04,3,8.0,79.0,south,monsoon,6,152,2019,normal,28.13168334960937,1006.7181396484376,0.18310546875,11.30938720703125,4.953643798828125,75.05731964111328,5858.30224609375,10.537277221679688,-0.31640625,0.012714397162199,12.346692912850406,10.542026568054581,1.2291802300347225,1.4935109826351745,1.0890652062206803,0.1440662890672684,0.30596923828125355,0.4288330078126137,0
2019-06-01,2019-06-04,3,8.0,82.0,south,monsoon,6,152,2019,normal,29.31137084960937,1005.9556274414062,0.0,1.66778564453125,1.965362548828125,69.77442932128906,5862.1259765625,10.560714721679688,-0.46875,0.0124044530093669,2.577626602989793,10.571112618603687,0.3746880425347226,0.35290830705451387,0.6158347622393262,1.460848331451416,0.26708984375,0.3624267578125,0
2019-06-01,2019-06-04,3,8.0,85.0,south,monsoon,6,152,2019,normal,28.23129272460937,1006.588134765625,0.640869140625,6.60626220703125,6.846221923828125,79.2164077758789,5863.70654296875,6.537277221679688,0.4609375,0.0133199803531169,9.513855946899463,6.553507217665848,0.8748372395833336,0.6103939465535546,0.8181758372651794,0.5024876594543457,0.10119628906250355,0.20123291015625,0
2019-06-01,2019-06-04,3,8.0,88.0,south,monsoon,6,152,2019,normal,27.57308959960937,1007.6556396484376,1.556396484375,3.78594970703125,5.274932861328125,85.75025177001953,5863.93603515625,5.836105346679688,3.646484375,0.0136590115725994,6.492944776885857,6.881640350575027,1.731024848090278,1.3540566670063894,0.6907317517190186,1.2999605536460876,0.9265441894531286,0.4241333007813637,0
2019-06-01,2019-06-04,3,8.0,91.0,south,monsoon,6,152,2019,normal,28.14730834960937,1008.0331420898438,1.556396484375,1.19903564453125,4.787628173828125,77.71870422363281,5872.19580078125,2.0431365966796875,3.32421875,0.0128188244998455,4.935490857826534,3.901901773564196,1.5699598524305556,1.4846390432949543,0.36725899166508313,1.5386920422315598,0.5626831054687536,0.6444091796875,0
2019-06-01,2019-06-04,3,8.0,94.0,south,monsoon,6,152,2019,normal,28.71566772460937,1008.1681518554688,0.1678466796875,1.39825439453125,3.426300048828125,79.7244644165039,5873.8271484375,2.0040740966796875,1.95703125,0.0129075162112712,3.7006279705511558,2.8011219713641653,1.1138916015625002,1.6044560064156477,0.22519499040722868,0.1678466796875,0.35311889648437145,0.678955078125,0
2019-06-01,2019-06-04,3,11.0,70.0,south,monsoon,6,152,2019,normal,26.68637084960937,1007.8756103515624,3.6773681640625,4.60430908203125,3.591339111328125,97.97808837890624,5854.2490234375,3.5724334716796875,1.8359375,0.0150451771914958,5.839296082185809,4.016584047855047,2.5634765625,1.9634819932364562,0.46196238081568974,1.9716490507125854,1.080810546875,0.5436401367186363,0
2019-06-01,2019-06-04,3,11.0,73.0,south,monsoon,6,152,2019,normal,28.26644897460937,1006.923095703125,1.77001953125,2.60430908203125,0.493682861328125,74.43495178222656,5862.63623046875,3.3048553466796875,0.33203125,0.0125236622989177,2.650688318591904,3.321492678518783,2.470228407118056,1.9423058576525114,0.6441092769725423,0.4622005224227903,1.280517578125,1.05255126953125,0
2019-06-01,2019-06-04,3,11.0,76.0,south,monsoon,6,152,2019,normal,24.29769897460937,1008.2256469726562,3.7384033203125,-0.42889404296875,0.663604736328125,95.74696350097656,5856.16064453125,6.558761596679688,0.93359375,0.0152135007083415,0.7901400800941566,6.62487365706844,1.6377766927083333,2.008835661722698,1.0650863048763062,2.8315019011497498,2.9981079101562536,0.53399658203125,1
2019-06-01,2019-06-04,3,11.0,79.0,south,monsoon,6,152,2019,normal,28.17074584960937,1005.1031494140624,0.0,4.04473876953125,0.777862548828125,69.21400451660156,5865.9248046875,3.2013397216796875,-3.271484375,0.0134616009891033,4.1188568630893885,4.577246555460315,0.8697509765625,1.3877018352620418,1.5521491279701918,0.0037327408790588,2.3403015136718786,0.4186401367186363,0
2019-06-01,2019-06-04,3,11.0,82.0,south,monsoon,6,152,2019,normal,29.78598022460937,1005.045654296875,0.79345703125,6.35723876953125,6.135284423828125,86.45453643798828,5866.15380859375,7.838058471679687,-0.95703125,0.0152669064700603,8.834941976838287,7.8962693355119455,0.3034803602430555,0.355852674043343,0.9671094081595188,0.33433544635772705,0.86376953125,0.2694091796873863,0
2019-06-01,2019-06-04,3,11.0,85.0,south,monsoon,6,152,2019,normal,28.72543334960937,1005.9081420898438,0.9307861328125,2.14727783203125,5.962432861328125,84.2360610961914,5866.4599609375,7.531417846679687,1.28515625,0.0143914334475994,6.337302873760912,7.64028018911606,0.9528266059027777,0.8591151781266287,1.2069675214522797,0.7148216962814331,0.45867919921874645,0.28729248046875,0
2019-06-01,2019-06-04,3,11.0,88.0,south,monsoon,6,152,2019,normal,27.43246459960937,1007.0306396484376,1.7547607421875,5.85235595703125,5.659698486328125,85.36357116699219,5866.1796875,6.254074096679688,5.654296875,0.0140094868838787,8.14139160119104,8.431163381016562,2.397325303819444,2.1354848916269233,1.071625397019464,1.346580684185028,1.4841003417968786,0.5797119140626137,0
2019-06-01,2019-06-04,3,11.0,91.0,south,monsoon,6,152,2019,normal,27.75863647460937,1007.4131469726562,5.3863525390625,3.45684814453125,5.392120361328125,81.4290771484375,5872.501953125,3.0236053466796875,5.4140625,0.0136599652469158,6.405057461521988,6.20115005836629,2.366807725694444,2.160583759184103,0.608457543780162,5.328638479113579,1.3851928710937536,0.7015991210938637,1
2019-06-01,2019-06-04,3,11.0,94.0,south,monsoon,6,152,2019,normal,28.71371459960937,1008.025634765625,0.42724609375,3.33575439453125,4.173370361328125,80.64645385742188,5870.564453125,2.8458709716796875,3.96484375,0.0132031552493572,5.342684489416027,4.880467964177528,1.8598768446180554,2.3424927160969906,0.4002769762498685,0.3767926245927811,0.21032714843749645,0.74462890625,0
2019-06-01,2019-06-04,3,14.0,70.0,south,monsoon,6,152,2019,normal,29.41098022460937,1006.8231201171876,0.1373291015625,3.42071533203125,-1.837371826171875,78.75118255615234,5864.751953125,5.927902221679688,0.734375,0.0130992047488689,3.8829407168283985,5.973217842203646,1.0596381293402777,1.4955535403755769,0.5416114024732802,0.1160893589258194,0.17419433593750355,0.2379760742186363,0
2019-06-01,2019-06-04,3,14.0,73.0,south,monsoon,6,152,2019,normal,29.42074584960937,1006.6531372070312,0.1373291015625,4.66387939453125,-2.204559326171875,75.80842590332031,5862.5341796875,7.398605346679687,0.533203125,0.0127253644168376,5.158667737831597,7.417793920595733,1.0528564453125,1.516320703595872,0.8390671536946575,0.0941045582294465,0.14544677734374645,0.453125,0
2019-06-01,2019-06-04,3,14.0,76.0,south,monsoon,6,152,2019,normal,23.45980834960937,1008.6331176757812,0.0152587890625,3.57403564453125,0.164581298828125,66.31909942626953,5873.11376953125,5.935714721679688,-3.583984375,0.011857520788908,3.577823052123157,6.933805106679096,0.629001193576389,1.227777491849259,1.4269212247580438,0.0152587890625,0.10803222656250355,0.3138427734375,0
2019-06-01,2019-06-04,3,14.0,79.0,south,monsoon,6,152,2019,normal,26.42269897460937,1005.923095703125,0.0,2.72442626953125,0.605987548828125,73.17121124267578,5874.515625,5.965011596679688,-7.572265625,0.0140743367373943,2.7910068805803188,9.639531629912305,0.506930881076389,1.1687072080508893,1.9823006335659092,0.0,2.8150329589843786,0.56146240234375,1
2019-06-01,2019-06-04,3,14.0,82.0,south,monsoon,6,152,2019,normal,30.01840209960937,1003.640625,0.0152587890625,2.69610595703125,5.588409423828125,73.2755355834961,5868.3720703125,4.392745971679688,-0.1328125,0.014212142676115,6.204780996930544,4.394753273150198,0.213623046875,0.3517988376015338,1.148936698448704,0.3015380501747131,0.49334716796874645,1.05841064453125,0
2019-06-01,2019-06-04,3,14.0,85.0,south,monsoon,6,152,2019,normal,29.76058959960937,1004.3231201171876,0.1678466796875,4.18341064453125,5.046417236328125,63.39132690429688,5866.4853515625,5.037277221679688,2.34765625,0.0119252316653728,6.554941002319316,5.55748609320951,0.7188585069444443,0.9028208398330052,1.3888828665813664,0.33596527576446533,0.56982421875,1.3428955078123863,0
2019-06-01,2019-06-04,3,14.0,88.0,south,monsoon,6,152,2019,normal,27.63363647460937,1006.088134765625,2.716064453125,3.33184814453125,5.366729736328125,81.10873413085938,5867.37744140625,4.763839721679688,4.876953125,0.0141482464969158,6.316882151900958,6.817539195142223,2.0429823133680554,2.3612035296154845,1.2895341362577688,2.571798861026764,1.5383605957031286,0.29248046875,0
2019-06-01,2019-06-04,3,14.0,91.0,south,monsoon,6,152,2019,normal,26.96371459960937,1007.3031005859376,6.866455078125,4.90997314453125,5.035675048828125,83.52346801757812,5867.53076171875,4.568527221679688,5.404296875,0.0140848271548748,7.033196959947036,7.076571605541987,2.8957790798611107,2.7577564045149945,0.977095445108216,6.574518978595734,2.4355163574218786,0.8667602539063637,1
2019-06-01,2019-06-04,3,14.0,94.0,south,monsoon,6,152,2019,normal,29.29574584960937,1007.2256469726562,0.8697509765625,3.28790283203125,4.105987548828125,80.03380584716797,5872.2978515625,3.3165740966796875,4.26171875,0.0134816281497478,5.260174786450609,5.400176889960943,3.367106119791666,3.1356058681471186,0.5669139348224256,0.7407795637845993,0.21954345703124645,0.02618408203125,0
2019-06-01,2019-06-04,3,17.0,70.0,west,monsoon,6,152,2019,normal,29.40121459960937,1006.3956298828124,0.0,5.99591064453125,0.690948486328125,24.53375816345215,5876.78466796875,0.3907928466796875,-1.798828125,0.00527049228549,6.03559063124416,1.8407883290337945,0.04916720920138889,0.06302771774441564,0.5146000075218832,0.0,0.03182983398437855,0.4703369140626137,0
2019-06-01,2019-06-04,3,17.0,73.0,west,monsoon,6,152,2019,normal,29.05941772460937,1006.5031127929688,0.0,2.90802001953125,-0.454559326171875,49.7320442199707,5881.19482421875,0.5763397216796875,-2.7890625,0.0090274922549724,2.9433322298042333,2.847988255539701,0.035603841145833336,0.055250958715821405,0.8846759173696966,0.2543237209320068,0.33816528320312145,0.418212890625,0
2019-06-01,2019-06-04,3,17.0,76.0,central,monsoon,6,152,2019,normal,27.08871459960937,1006.1181030273438,0.0,4.52911376953125,0.730987548828125,63.89140701293945,5883.744140625,0.9786834716796876,-6.3828125,0.0137229077517986,4.587724308837587,6.457407896973464,0.020345052083333332,0.04255472953969703,1.6247327769249849,0.0,2.1734313964843786,0.8088989257813637,0
2019-06-01,2019-06-04,3,17.0,79.0,central,monsoon,6,152,2019,normal,29.78207397460937,1003.630615234375,0.0,2.09747314453125,1.548370361328125,58.34904479980469,5879.99658203125,1.8146209716796875,-0.767578125,0.0131492726504802,2.607075827027131,1.970285626207086,0.0033908420138888903,0.006343684534325333,1.864735356142884,0.0,1.3556823730468714,0.797607421875,0
2019-06-01,2019-06-04,3,17.0,82.0,central,monsoon,6,152,2019,normal,29.73129272460937,1002.28564453125,0.0,0.01153564453125,2.355010986328125,65.6363525390625,5877.34521484375,3.4493865966796875,-0.31640625,0.0146947018802165,2.3550392389132115,3.463867897075831,0.02204047309027778,0.05192529578692475,1.059617760195799,0.9739417433738708,1.8589172363281214,2.425048828125,1
2019-06-01,2019-06-04,3,17.0,85.0,east,monsoon,6,152,2019,normal,30.06527709960937,1003.5431518554688,0.0152587890625,5.24298095703125,7.331573486328125,64.2526626586914,5868.4482421875,5.916183471679688,0.759765625,0.0132141225039958,9.01336890963761,5.964769121726973,0.3323025173611111,0.8444354051599733,1.1438398138090236,0.2959482371807098,0.9702758789062464,1.396240234375,0
2019-06-01,2019-06-04,3,17.0,88.0,east,monsoon,6,152,2019,normal,29.58676147460937,1004.7206420898438,0.0762939453125,2.93536376953125,5.774932861328125,55.81663131713867,5868.83056640625,2.9904022216796875,3.203125,0.0107622258365154,6.478133219711073,4.38206745875184,1.2563069661458333,2.1489566599570793,1.4983463775951271,0.3695450723171234,0.46173095703124645,0.8507080078125,0
2019-06-01,2019-06-04,3,17.0,91.0,east,monsoon,6,152,2019,normal,28.86605834960937,1006.0431518554688,0.4730224609375,2.50177001953125,4.363800048828125,81.78809356689453,5867.30126953125,2.7052459716796875,3.6796875,0.0140810124576091,5.03006998925241,4.567105852172186,2.480400933159722,2.693810043338881,1.5859160540377433,0.2360902726650238,0.5688781738281286,0.38153076171875,0
2019-06-01,2019-06-04,3,17.0,94.0,east,monsoon,6,152,2019,normal,27.21957397460937,1007.7156372070312,7.4920654296875,2.47149658203125,4.045440673828125,85.30767822265625,5869.69775390625,4.418136596679688,4.15234375,0.01399851962924,4.740662991655819,6.063158385287691,3.4145779079861107,2.8539762646785123,0.9927695920067847,2.0965280532836914,0.019897460937503553,0.4550170898436363,0
2019-06-01,2019-06-04,3,20.0,70.0,west,monsoon,6,152,2019,normal,28.99691772460937,1005.4081420898438,0.0,7.40802001953125,2.748565673828125,15.637758255004885,5887.26220703125,3.648605346679688,-2.9765625,0.0037913431879132,7.901479220571426,4.7087413702841925,0.0033908420138888886,0.009590749527812331,1.1324033714144135,0.0017061829566955,0.29443359375,0.4850463867186363,0
2019-06-01,2019-06-04,3,20.0,73.0,west,monsoon,6,152,2019,normal,27.15121459960937,1006.5631103515624,0.030517578125,1.10333251953125,1.805206298828125,38.66788101196289,5891.3408203125,3.0333709716796875,-2.6015625,0.008728515356779,2.1156824974423536,3.9961815390739224,0.0033908420138888886,0.009590749527812331,1.054582604847849,0.0203866511583329,2.7194213867187536,0.1324462890626137,0
2019-06-01,2019-06-04,3,20.0,76.0,central,monsoon,6,152,2019,normal,28.21566772460937,1005.4931030273438,0.0,2.67657470703125,-0.480926513671875,47.59638977050781,5886.7265625,5.722824096679688,-3.67578125,0.0111537091434001,2.719437896674974,6.801623588481595,0.0033908420138888886,0.009590749527812331,1.8139224731610497,0.0,2.4400024414062536,0.1102294921875,0
2019-06-01,2019-06-04,3,20.0,79.0,central,monsoon,6,152,2019,normal,32.657073974609375,1002.798095703125,0.0,3.13067626953125,1.451690673828125,48.68331527709961,5884.12646484375,7.382980346679687,-3.7890625,0.012146484106779,3.450875210303273,8.298517544017411,0.0,0.0,1.7496207607103331,0.0,0.425079345703125,0.217529296875,0
2019-06-01,2019-06-04,3,20.0,82.0,central,monsoon,6,152,2019,normal,27.91488647460937,1004.5081176757812,0.0,4.50177001953125,3.804229736328125,49.56386947631836,5870.4111328125,13.211105346679688,2.427734375,0.0119576565921306,5.893903392108964,13.432319184587048,0.0016954210069444443,0.004795374763906166,1.1346311500819275,0.0,1.19189453125,0.82000732421875,0
2019-06-01,2019-06-04,3,20.0,85.0,east,monsoon,6,152,2019,normal,28.13363647460937,1002.5706176757812,0.0,0.18731689453125,2.774932861328125,49.55885314941406,5865.41455078125,7.980636596679687,1.826171875,0.0122289769351482,2.7812479220406665,8.18690809801259,0.016954210069444444,0.028268317329462802,1.134986256099325,0.0,1.4482116699218714,1.55755615234375,0
2019-06-01,2019-06-04,3,20.0,88.0,east,monsoon,6,152,2019,normal,29.69808959960937,1002.78564453125,0.0,6.26446533203125,8.186065673828125,48.44644927978516,5861.5654296875,7.941574096679687,3.640625,0.0111928097903728,10.308016157944676,8.736289230770623,0.5289713541666666,0.9763505493735211,1.2340167183356663,0.0067204236984252,0.5260925292968714,1.603271484375,0
2019-06-01,2019-06-04,3,20.0,91.0,east,monsoon,6,152,2019,normal,29.25863647460937,1004.505615234375,0.9918212890625,2.89727783203125,6.947784423828125,77.5418472290039,5856.2880859375,4.556808471679688,7.07421875,0.0141806714236736,7.5276774131181,8.414812794734255,1.6818576388888886,2.3529976047572574,1.9169302938332273,0.45971012115478516,0.09603881835937145,0.742431640625,0
2019-06-01,2019-06-04,3,20.0,94.0,east,monsoon,6,152,2019,normal,24.53012084960937,1007.5106201171876,2.838134765625,-0.37908935546875,0.888214111328125,100.0,5858.78662109375,4.931808471679688,3.349609375,0.0163145177066326,0.965729282455556,5.961762974692925,2.8211805555555554,2.745418014122488,1.2971987280310746,2.598268911242485,0.26031494140625355,0.3135375976561363,0
2019-06-01,2019-06-04,3,23.0,70.0,west,monsoon,6,152,2019,normal,27.77816772460937,1003.7056274414062,0.0,5.76641845703125,2.876495361328125,12.609781265258787,5891.13720703125,7.379074096679687,1.79296875,0.0036349406000226,6.444052093623458,7.593778470746016,0.0033908420138888886,0.009590749527812331,2.1308141813066035,0.0,1.6060485839843786,0.4779052734375,0
2019-06-01,2019-06-04,3,23.0,73.0,west,monsoon,6,152,2019,normal,26.71957397460937,1004.2806396484376,0.0,1.64727783203125,0.905792236328125,10.802454948425291,5889.96435546875,8.172042846679688,-2.72265625,0.0029182543512433,1.8798893135751054,8.613660159515971,0.0033908420138888886,0.009590749527812331,2.234019683987249,0.0,4.42626953125,0.041748046875227374,1
2019-06-01,2019-06-04,3,23.0,76.0,central,monsoon,6,152,2019,normal,27.72933959960937,1004.05810546875,0.0,5.28302001953125,-0.630340576171875,30.605897903442383,5886.08935546875,7.386886596679687,-6.677734375,0.0086813084781169,5.320491496914234,9.95782255190675,0.0033908420138888886,0.009590749527812331,2.4659510511732496,0.0,2.7817077636718786,0.14874267578125,1
2019-06-01,2019-06-04,3,23.0,79.0,central,monsoon,6,152,2019,normal,32.145355224609375,1000.7781372070312,0.0,4.19219970703125,0.577667236328125,27.77816200256348,5878.03369140625,5.884933471679688,-9.3046875,0.0083794705569744,4.2318125926793915,11.009525486539017,0.0,0.0,2.2148714346339133,0.0,1.212860107421875,0.13031005859375,0
2019-06-01,2019-06-04,3,23.0,82.0,central,monsoon,6,152,2019,normal,28.21371459960937,1001.03564453125,0.0,-1.22283935546875,2.253448486328125,28.525096893310547,5864.64990234375,3.3282928466796875,2.80859375,0.0081224553287029,2.563857673471315,4.354966374818322,0.3238254123263889,0.9159165799060777,1.6227501304282035,0.0,1.2944641113281286,1.97998046875,1
2019-06-01,2019-06-04,3,23.0,85.0,east,monsoon,6,152,2019,normal,24.67660522460937,1002.985595703125,0.0,1.35821533203125,2.111846923828125,45.67952728271485,5853.25439453125,10.408370971679688,3.447265625,0.0112376324832439,2.510905477680726,10.96438901961304,0.3306070963541667,0.9137171050165047,1.2469871789862708,0.0,0.666015625,1.78778076171875,0
2019-06-01,2019-06-04,3,23.0,88.0,east,monsoon,6,152,2019,normal,27.61410522460937,1001.7606201171876,0.06103515625,0.15118408203125,1.820831298828125,64.9736099243164,5843.41455078125,12.060714721679688,2.34375,0.0142164342105388,1.8270969447327496,12.286334020375692,0.820583767361111,1.2191503562455726,0.8886240270985364,0.0603944063186646,1.3175048828125036,1.2929077148436363,0
2019-06-01,2019-06-04,3,23.0,91.0,east,monsoon,6,152,2019,normal,25.22152709960937,1004.05810546875,3.143310546875,-2.10369873046875,2.048370361328125,87.49073791503906,5835.3076171875,10.111495971679688,8.275390625,0.0146284215152263,2.93621686626573,13.066156312459775,0.8934868706597222,1.1675186581552361,1.7102336318214313,0.3919546604156494,2.8630676269531286,0.732666015625,1
2019-06-01,2019-06-04,3,23.0,94.0,east,monsoon,6,152,2019,normal,23.48519897460937,1006.3106079101562,0.06103515625,-0.13299560546875,-0.561981201171875,80.60269165039062,5839.79443359375,4.158370971679688,1.662109375,0.0138244740664958,0.5775038541382931,4.478242591974129,1.2834337022569444,1.2080157241342155,1.4349465814414004,0.0498387962579728,0.341796875,1.535400390625,0
2019-06-01,2019-06-04,3,26.0,70.0,west,monsoon,6,152,2019,normal,27.95590209960937,1000.3656005859376,0.0,3.28106689453125,4.855010986328125,15.672707557678224,5885.32470703125,9.090011596679688,3.05078125,0.0050354115664958,5.859738189011155,9.58830418077789,0.0,0.0,2.853011860475762,0.0,1.3794860839843786,0.5079345703123863,0
2019-06-01,2019-06-04,3,26.0,73.0,west,monsoon,6,152,2019,normal,29.84066772460937,1001.53564453125,0.0,3.98809814453125,3.625518798828125,16.81507110595703,5885.171875,10.101730346679688,3.77734375,0.0052561871707439,5.389741493900216,10.784863550490261,0.0,0.0,2.8037017652830927,0.0,3.6058349609375036,0.1781005859376137,1
2019-06-01,2019-06-04,3,26.0,76.0,central,monsoon,6,152,2019,normal,33.149261474609375,999.8556518554688,0.0,4.74688720703125,-0.031707763671875,18.925630569458008,5880.02197265625,8.726730346679688,-5.90234375,0.0061268918216228,4.746993104961709,10.535344526251823,0.0,0.0,2.372686354013136,0.0,1.42218017578125,0.55035400390625,0
2019-06-01,2019-06-04,3,26.0,79.0,central,monsoon,6,152,2019,normal,30.44418334960937,998.890625,0.0,-1.77264404296875,0.980987548828125,24.5335636138916,5868.3974609375,4.101730346679688,3.861328125,0.0074215047061443,2.0259821011125463,5.6332980327503615,0.0016954210069444443,0.004795374763906166,3.9707846654863883,0.0,3.0173339843750036,1.9974365234376137,1
2019-06-01,2019-06-04,3,26.0,82.0,central,monsoon,6,152,2019,normal,30.56918334960937,999.9656372070312,0.0,-3.19061279296875,-0.734832763671875,62.81119537353516,5854.2998046875,1.5763397216796875,1.130859375,0.0141668431460857,3.274139457204212,1.9400231555758776,0.3255208333333333,0.9153295232607169,6.180390114442063,0.0,0.486328125,1.890869140625,0
2019-06-01,2019-06-04,3,26.0,85.0,east,monsoon,6,152,2019,normal,25.60629272460937,1001.6056518554688,2.9144287109375,-4.93963623046875,-0.902801513671875,94.13451385498048,5839.61572265625,2.7384490966796875,0.865234375,0.0170946232974529,5.021459614738303,2.8718868325175064,0.3339979383680556,0.912511434157621,6.281340003100874,2.9144287109375,3.2764892578125036,1.48565673828125,1
2019-06-01,2019-06-04,3,26.0,88.0,northeast,monsoon,6,152,2019,normal,24.66683959960937,1003.03564453125,0.0,-2.31658935546875,-0.926239013671875,63.76719284057617,5833.44677734375,-5.2713165283203125,0.376953125,0.0112018696963787,2.4948957798511278,5.284777346321241,0.7171630859375,1.2394837905815066,6.429607337816457,0.0,1.0119323730468786,1.3736572265623863,0
2019-06-01,2019-06-04,3,26.0,91.0,northeast,monsoon,6,152,2019,normal,24.86019897460937,1003.1906127929688,0.274658203125,-0.86541748046875,-0.340301513671875,82.80989837646484,5823.07080078125,-7.943191528320312,-1.517578125,0.0134954564273357,0.9299207147430627,8.086861877209111,0.4764133029513889,0.9645887695667694,5.95918574172888,2.7207694053649902,0.09927368164062855,1.9525756835936363,1
2019-06-01,2019-06-04,3,26.0,94.0,northeast,monsoon,6,152,2019,normal,22.43441772460937,1004.890625,0.67138671875,-1.66522216796875,-0.345184326171875,73.15735626220703,5823.3515625,-3.2068634033203125,0.716796875,0.0124325864017009,1.700622558867568,3.285996142353929,0.5510118272569445,0.9507215966219807,6.026314255493623,0.6419345736503602,1.7512817382812536,2.66851806640625,1
2019-06-01,2019-06-04,3,29.0,70.0,north,monsoon,6,152,2019,normal,35.086761474609375,996.953125,0.0,0.83087158203125,-1.233856201171875,11.311702728271484,5864.751953125,10.347824096679688,-6.8046875,0.0038228144403547,1.4875310790021843,12.384717821108442,0.0,0.0,2.1545328633151475,0.0,1.760467529296875,1.02093505859375,0
2019-06-01,2019-06-04,3,29.0,73.0,north,monsoon,6,152,2019,normal,34.254730224609375,997.0131225585938,0.0,6.26348876953125,2.876495361328125,10.99972438812256,5864.62451171875,11.287277221679688,-3.669921875,0.0037784685846418,6.892424619086255,11.868907011500792,0.0,0.0,1.8489502495651375,0.0,2.00457763671875,1.58135986328125,0
2019-06-01,2019-06-04,3,29.0,76.0,north,monsoon,6,152,2019,normal,29.23715209960937,997.7806396484376,0.0,-1.81170654296875,2.287628173828125,18.23932266235352,5860.5712890625,2.9571990966796875,-3.615234375,0.0059404484927654,2.9181369500981242,4.670647287430811,0.0,0.0,6.809931013203982,0.0,2.7895202636718786,2.8306884765623863,1
2019-06-01,2019-06-04,3,29.0,79.0,north,monsoon,6,152,2019,normal,28.81918334960937,1000.6281127929688,0.0,-4.19354248046875,0.711456298828125,72.33656311035156,5848.05419921875,-1.6658477783203125,5.71484375,0.0154819600284099,4.253465481303241,5.9526874525250175,0.0016954210069444443,0.004795374763906166,7.9676920520081955,0.0,0.49365234375,2.390380859375,1
2019-06-01,2019-06-04,3,29.0,82.0,central,monsoon,6,152,2019,normal,6.737152099609375,1011.91064453125,0.0152587890625,-0.15936279296875,-1.260223388671875,55.09030532836914,5834.134765625,-0.3045196533203125,-0.345703125,0.0087385289371013,1.2702596148576968,0.460698241686561,0.3255208333333333,0.9153295232607169,8.159242340687154,0.0385157763957977,0.306732177734375,0.3477783203123863,0
2019-06-01,2019-06-04,3,29.0,85.0,east,monsoon,6,152,2019,normal,-4.741363525390625,1018.1956176757812,0.0,1.51544189453125,-1.193817138671875,18.63907814025879,5830.234375,1.0099334716796875,-0.8671875,0.0027856936212629,1.9291872631466254,1.3311573075242595,0.3272162543402778,0.9147389474892578,6.774483274283215,0.0065024942159652,0.669464111328125,0.28399658203125,0
2019-06-01,2019-06-04,3,29.0,88.0,northeast,monsoon,6,152,2019,normal,2.098480224609375,1013.4306030273438,0.0152587890625,-0.58807373046875,0.790557861328125,30.86446189880371,5828.6796875,-0.9314727783203124,1.0390625,0.0047006718814373,0.9852981500922099,1.395454196904367,0.3611246744791667,0.9066397588812374,7.0542231325946405,0.0152587890625,0.316619873046875,0.4049682617186363,0
2019-06-01,2019-06-04,3,29.0,91.0,northeast,monsoon,6,152,2019,normal,0.789886474609375,1016.7081298828124,0.0457763671875,-0.25311279296875,0.383331298828125,40.70206069946289,5821.388671875,-0.2635040283203125,0.75390625,0.0059633366763591,0.4593571275442437,0.7986294552106719,0.17123752170138892,0.2435866298684239,6.670208363311151,0.0457763671875,1.11248779296875,0.9107666015626137,0
2019-06-01,2019-06-04,3,29.0,94.0,northeast,monsoon,6,152,2019,normal,0.381683349609375,1017.9781494140624,0.0152587890625,0.15216064453125,0.198760986328125,43.76816177368164,5812.619140625,-0.1326446533203125,0.013671875,0.0061659924685955,0.2503173813986846,0.13334738175337946,0.3034803602430556,0.27667068360543395,6.5290004675140745,0.1390967518091201,3.325531005859375,0.03546142578136369,1
2019-06-01,2019-06-04,3,32.0,70.0,north,monsoon,6,152,2019,normal,26.37387084960937,1001.8406372070312,0.0,1.86798095703125,-0.960418701171875,12.120243072509766,5817.8447265625,2.5392303466796875,-1.408203125,0.0030346026178449,2.1004182767706188,2.9035713861999004,0.0,0.0,2.416267276340593,0.0,1.6641845703124964,0.4861450195311363,0
2019-06-01,2019-06-04,3,32.0,73.0,north,monsoon,6,152,2019,normal,28.77816772460937,996.985595703125,0.0,-3.95233154296875,-2.066864013671875,15.906364440917969,5828.24609375,1.8282928466796875,3.23046875,0.0048642270267009,4.460140297855837,3.7119513841033367,0.0,0.0,1.903780146850039,0.0,0.0013122558593785527,2.8408203125,1
2019-06-01,2019-06-04,3,32.0,76.0,north,monsoon,6,152,2019,normal,27.08285522460937,999.1031494140624,0.0,-3.42889404296875,1.419464111328125,18.54986000061035,5836.2763671875,1.6193084716796875,1.39453125,0.0056128613650798,3.7110905029728287,2.1370253469905705,0.0,0.0,9.180910245808679,0.0,1.1693115234374964,3.5775756835938637,1
2019-06-01,2019-06-04,3,32.0,79.0,north,monsoon,6,152,2019,normal,-5.913238525390625,1020.1356201171876,0.0,1.86895751953125,-0.032684326171875,13.789814949035645,5828.32275390625,1.2384490966796875,0.220703125,0.0019126049010083,1.8692432894060933,1.2579610623749446,0.0016954210069444443,0.004795374763906166,8.940761877636895,0.0091772526502609,4.624786376953125,4.027709960937386,1
2019-06-01,2019-06-04,3,32.0,82.0,central,monsoon,6,152,2019,normal,-1.700347900390625,1014.985595703125,0.0,-0.49334716796875,1.114776611328125,13.284601211547852,5823.73388671875,0.2599334716796875,1.4375,0.0020051111932843,1.2190645271301284,1.4608119864306477,0.0016954210069444443,0.004795374763906166,5.553239004344518,0.0,0.913330078125,0.7000732421873863,0
2019-06-01,2019-06-04,3,32.0,85.0,east,monsoon,6,152,2019,normal,-0.100738525390625,1015.1431274414062,0.0,-0.39178466796875,0.844268798828125,22.167259216308597,5815.24462890625,-0.5584259033203125,0.93359375,0.0033316721674054,0.9307443423035504,1.0878588049642148,0.0033908420138888886,0.006343684534325394,2.0443395889568876,0.0,0.709136962890625,2.1041259765625,1
2019-06-01,2019-06-04,3,32.0,88.0,northeast,monsoon,6,152,2019,normal,-0.698394775390625,1017.9906005859376,0.0,-1.90350341796875,-1.722137451171875,29.53224754333496,5819.451171875,-1.1697540283203125,-1.271484375,0.0042052380740642,2.5669208524899,1.7277143868824902,0.006781684027777779,0.014584562966313046,2.311908343228611,0.0,0.619415283203125,0.6928100585936363,0
2019-06-01,2019-06-04,3,32.0,91.0,northeast,monsoon,6,152,2019,normal,-2.764801025390625,1020.5956420898438,0.0,0.38067626953125,-1.252410888671875,30.54078483581543,5811.4462890625,0.2814178466796875,-1.236328125,0.0041260831058025,1.3089871871978367,1.2679523796640975,0.12376573350694443,0.21160864666573403,2.0156261751987947,0.0,1.72235107421875,0.2662963867186363,0
2019-06-01,2019-06-04,3,32.0,94.0,northeast,monsoon,6,152,2019,normal,-0.991363525390625,1017.2706298828124,0.518798828125,0.22930908203125,0.542510986328125,38.37554168701172,5796.76220703125,0.8595428466796875,0.16796875,0.0053329579532146,0.5889828735954294,0.875801008365932,0.23905436197916666,0.25052104402719627,1.3814128509841122,2.0428988933563232,1.870208740234375,1.5686035156252274,0
2019-06-01,2019-06-05,4,8.0,70.0,south,monsoon,6,152,2019,normal,28.40447998046875,1007.2906494140624,5.0201416015625,5.501007080078125,-0.211883544921875,66.68782043457031,5853.08203125,7.595779418945312,0.796905517578125,0.011088166385889,5.50508615115861,7.63746838849233,4.8065185546875,2.4617407932530084,0.32043306822651796,0.5086212158203125,2.2542724609375,0.6496582031252274,0
2019-06-01,2019-06-05,4,8.0,73.0,south,monsoon,6,152,2019,normal,26.65838623046875,1007.9156494140624,8.6669921875,7.178741455078125,1.265655517578125,83.03623962402344,5851.22119140625,9.742263793945312,1.210968017578125,0.0131934024393558,7.289459017515164,9.817237257518778,4.704793294270833,2.3619435730719354,0.3252338792510542,5.083641052246094,0.9369201660156214,1.1787719726561363,1
2019-06-01,2019-06-05,4,8.0,76.0,south,monsoon,6,152,2019,normal,27.73846435546875,1007.443115234375,3.6773681640625,7.162139892578125,0.917999267578125,75.85266876220703,5854.3310546875,9.347732543945312,0.068389892578125,0.0122845508158206,7.220731991711988,9.347982717706593,3.434922960069444,3.1432401321609884,0.8751846263980559,3.36983984708786,0.79132080078125,1.14312744140625,0
2019-06-01,2019-06-05,4,8.0,79.0,south,monsoon,6,152,2019,normal,27.44744873046875,1006.4906005859376,0.3204345703125,9.484405517578123,5.726593017578125,73.06253814697266,5853.18408203125,12.308670043945312,0.820343017578125,0.0124295093119144,11.079161322538853,12.33597669085046,1.3393825954861107,1.686842514390687,1.0875557516444803,0.2577435225248337,0.889678955078125,0.1656494140626137,0
2019-06-01,2019-06-05,4,8.0,82.0,south,monsoon,6,152,2019,normal,29.39666748046875,1005.7006225585938,0.0,4.131866455078125,0.610382080078125,65.49928283691406,5857.466796875,10.755935668945312,-0.117156982421875,0.0118983127176761,4.1767076371563725,10.756573705089378,1.085069444444444,1.498272619152014,0.6601909715258254,0.0,0.28497314453125,0.01153564453125,0
2019-06-01,2019-06-05,4,8.0,85.0,south,monsoon,6,152,2019,normal,28.56268310546875,1006.1881103515624,2.105712890625,5.378936767578125,5.766632080078125,77.89041137695312,5856.7021484375,8.603591918945312,-1.238250732421875,0.0130403377115726,7.8858738448310195,8.692241298082124,1.6564263237847217,1.420882166155591,0.7587671382601393,0.3479384183883667,0.909576416015625,0.9694824218752274,0
2019-06-01,2019-06-05,4,8.0,88.0,south,monsoon,6,152,2019,normal,27.63494873046875,1007.0331420898438,1.495361328125,4.699249267578125,4.778350830078125,81.9579086303711,5860.52587890625,4.0137481689453125,3.019561767578125,0.0132992602884769,6.701908708281683,5.022741047668233,2.0819769965277772,1.0263698461475563,0.48811006012721214,1.0455287992954254,0.116424560546875,0.5216064453125,0
2019-06-01,2019-06-05,4,8.0,91.0,south,monsoon,6,152,2019,normal,28.29119873046875,1007.3306274414062,1.220703125,3.035186767578125,4.912139892578125,78.62852478027344,5865.77783203125,3.4004669189453125,3.839874267578125,0.0129998065531253,5.774207914367024,5.129113925197029,1.2291802300347219,0.7337315157300818,0.38931460214524205,0.9891632944345475,0.111419677734375,0.6170043945313637,0
2019-06-01,2019-06-05,4,8.0,94.0,south,monsoon,6,152,2019,normal,28.29119873046875,1007.6556396484376,0.3662109375,1.293975830078125,3.402374267578125,75.96817779541016,5866.28759765625,1.7129669189453125,2.289093017578125,0.0125043727457523,3.640126935355985,2.859056226891301,0.7188585069444441,0.47148557782186845,0.3002711805719953,0.3180131316184998,0.4486083984375,0.7625732421873863,0
2019-06-01,2019-06-05,4,11.0,70.0,south,monsoon,6,152,2019,normal,27.39862060546875,1007.3956298828124,2.0294189453125,4.442413330078125,2.959014892578125,87.46392822265625,5855.40185546875,3.976638793945313,0.710968017578125,0.013644490391016,5.337677896778238,4.03969449581646,3.1416151258680554,2.5384319823094503,0.533190035615678,0.31437909603118896,0.33734130859375,0.52099609375,0
2019-06-01,2019-06-05,4,11.0,73.0,south,monsoon,6,152,2019,normal,27.59393310546875,1006.8131103515624,1.7852783203125,1.392608642578125,1.140655517578125,69.71161651611328,5859.1748046875,3.3418731689453125,-0.894500732421875,0.0118959285318851,1.8001260625758153,3.459515549556015,3.1551784939236107,2.4892960837428633,0.6333712709178343,1.6463808715343475,1.203704833984375,0.20532226562477263,0
2019-06-01,2019-06-05,4,11.0,76.0,south,monsoon,6,152,2019,normal,23.78143310546875,1007.6981201171876,3.7994384765625,-0.620086669921875,-0.498992919921875,96.89459228515624,5858.53759765625,5.4532012939453125,-0.458953857421875,0.0149062015116214,0.7959280195764935,5.472480515774291,2.373589409722222,2.694635819901153,1.0599793686664856,2.2637546062469482,3.24737548828125,0.7531127929688637,1
2019-06-01,2019-06-05,4,11.0,79.0,south,monsoon,6,152,2019,normal,27.70330810546875,1005.0531005859376,0.0,3.919952392578125,0.706085205078125,72.52840423583984,5860.806640625,3.699295043945313,-2.685516357421875,0.0135510303080081,3.9830369163377313,4.571299807291008,0.8985731336805554,1.5225258237012116,1.6032051699272571,3.324171543121338,0.435333251953125,0.7162475585936363,0
2019-06-01,2019-06-05,4,11.0,82.0,south,monsoon,6,152,2019,normal,29.61541748046875,1004.3656005859376,0.2593994140625,5.736358642578125,5.698272705078125,78.80816650390625,5859.837890625,6.4551544189453125,1.421905517578125,0.014290127903223,8.085550216139847,6.609904225731891,0.8256700303819442,1.4956284964577278,1.0811877311489066,1.532562017440796,1.4285888671875,1.6339111328123863,0
2019-06-01,2019-06-05,4,11.0,85.0,south,monsoon,6,152,2019,normal,27.30877685546875,1005.9806518554688,4.6539306640625,3.727569580078125,6.499053955078125,90.10356903076172,5851.8583984375,7.617263793945312,1.734405517578125,0.0150797702372074,7.492161055752901,7.8122256883653565,1.473320855034722,1.495467047920064,1.2265682152463855,4.314204692840576,1.380950927734375,0.4498291015625,0
2019-06-01,2019-06-05,4,11.0,88.0,south,monsoon,6,152,2019,normal,27.78143310546875,1006.4056396484376,2.7923583984375,2.960968017578125,5.001007080078125,79.18671417236328,5859.93994140625,3.982498168945313,4.494171142578125,0.0136039592325687,5.811833051293892,6.004820224156152,2.153184678819444,1.2739935409799907,0.9778056084403008,1.5669037103652954,0.01617431640625,0.81640625,0
2019-06-01,2019-06-05,4,11.0,91.0,south,monsoon,6,152,2019,normal,27.93182373046875,1006.703125,1.64794921875,3.461944580078125,4.769561767578125,80.55582427978516,5866.26220703125,2.4668731689453125,4.392608642578125,0.0135481692850589,5.893537115372675,5.0379037226324925,1.512315538194444,1.0566567759466572,0.6448041055670283,1.5041418373584747,0.6981506347656214,0.94256591796875,0
2019-06-01,2019-06-05,4,11.0,94.0,south,monsoon,6,152,2019,normal,27.83612060546875,1007.2306518554688,0.457763671875,1.887725830078125,4.462921142578125,82.54634857177734,5868.30126953125,2.5235137939453125,2.582061767578125,0.0136144496500492,4.845737707967176,3.6104244680952595,0.9460449218749996,1.0260393220129194,0.4122402187686864,0.5804822444915771,0.26593017578125,0.80499267578125,0
2019-06-01,2019-06-05,4,14.0,70.0,south,monsoon,6,152,2019,normal,28.18963623046875,1006.3731079101562,0.30517578125,2.808624267578125,-0.287078857421875,82.92255401611328,5867.99560546875,2.0196075439453125,-3.072235107421875,0.0141074992716312,2.8232577896478754,3.6766075649756687,1.0732014973958333,1.1023705091502116,0.5647833448699175,0.0959616154432297,1.018402099609375,0.2713623046875,0
2019-06-01,2019-06-05,4,14.0,73.0,south,monsoon,6,152,2019,normal,28.68377685546875,1006.3506469726562,3.11279296875,4.032257080078125,-0.548797607421875,82.47240447998047,5867.30712890625,3.847732543945313,-3.085906982421875,0.013919148594141,4.0694318981587765,4.932328824591478,1.2325710720486112,1.408422467151945,0.8510656916524384,3.102768212556839,0.649505615234375,0.2938232421875,0
2019-06-01,2019-06-05,4,14.0,76.0,south,monsoon,6,152,2019,normal,22.57830810546875,1008.3231201171876,0.0,3.995147705078125,0.436553955078125,83.01038360595703,5865.31884765625,10.453201293945312,-2.703094482421875,0.0138843394815921,4.01892828265016,10.797042978178773,0.9969075520833334,1.4309493913406572,1.5718906046407297,0.0019222497940063,1.8994140625,0.2299194335936363,0
2019-06-01,2019-06-05,4,14.0,79.0,south,monsoon,6,152,2019,normal,25.66815185546875,1005.390625,0.0,2.417999267578125,1.110382080078125,79.01251220703125,5868.07177734375,5.9141387939453125,-6.847625732421875,0.0150525905191898,2.6607647062013906,9.04803933708155,0.48149956597222215,1.1774256415430044,2.0741743570294395,0.0019222497940063,3.904052734375,0.59716796875,1
2019-06-01,2019-06-05,4,14.0,82.0,south,monsoon,6,152,2019,normal,29.98260498046875,1003.0806274414062,0.030517578125,2.935577392578125,3.799835205078125,70.7363052368164,5865.36962890625,4.0782012939453125,-0.744110107421875,0.0140030719339847,4.801704094752914,4.1455308038783905,0.5832248263888888,1.4425771366442501,1.3862158008490073,0.0525042414665222,0.5645446777343786,1.7769775390625,0
2019-06-01,2019-06-05,4,14.0,85.0,south,monsoon,6,152,2019,normal,29.98260498046875,1003.84814453125,0.06103515625,5.033233642578125,5.553741455078125,61.49761581420898,5858.1298828125,5.8047637939453125,3.509796142578125,0.011630330234766,7.4951641109874005,6.783358435609507,1.0816786024305556,1.5800596119466566,1.506585318876442,0.46942007541656494,1.044342041015625,2.04437255859375,1
2019-06-01,2019-06-05,4,14.0,88.0,south,monsoon,6,152,2019,normal,28.49822998046875,1005.328125,1.861572265625,3.919952392578125,6.252960205078125,85.40340423583984,5860.78076171875,5.0801544189453125,5.673858642578125,0.0149691440165042,7.380077105719806,7.6158151773981535,1.6971164279513886,1.5870245508346523,1.4619164635658295,0.8759665489196777,0.488677978515625,0.996826171875,0
2019-06-01,2019-06-05,4,14.0,91.0,south,monsoon,6,152,2019,normal,27.73260498046875,1006.390625,3.5400390625,4.494171142578125,5.018585205078125,83.3518295288086,5863.15185546875,5.5879669189453125,4.654327392578125,0.0142124034464359,6.7367478592723815,7.272423101314325,1.378377278645833,1.1271553629400939,1.1488083924038122,2.2002439498901367,0.5477294921875,0.46490478515625,0
2019-06-01,2019-06-05,4,14.0,94.0,south,monsoon,6,152,2019,normal,28.61737060546875,1006.8131103515624,0.2288818359375,3.618194580078125,4.220733642578125,82.78470611572266,5867.99560546875,3.648513793945313,3.302764892578125,0.0136893130838871,5.559309714424762,4.921372658136733,1.057942708333333,0.9887517396349202,0.6941801794641067,8.363664627075195,0.937286376953125,0.8941650390626137,1
2019-06-01,2019-06-05,4,17.0,70.0,west,monsoon,6,152,2019,normal,29.23651123046875,1005.7731323242188,0.030517578125,2.899444580078125,-1.626922607421875,19.516685485839844,5876.28076171875,0.6114044189453125,-3.318328857421875,0.0044191223569214,3.3247039031295413,3.374184608094913,0.4289415147569445,0.9559588913175333,0.4550044076535032,0.030517578125,0.065948486328125,0.51666259765625,0
2019-06-01,2019-06-05,4,17.0,73.0,west,monsoon,6,152,2019,normal,28.85174560546875,1006.2606201171876,0.030517578125,2.680694580078125,-2.485321044921875,74.34735107421875,5879.16162109375,2.1660919189453125,-1.822235107421875,0.0119593478739261,3.655536093104785,2.83063508563732,0.39164225260416674,0.9664435120860694,0.9466055578462251,0.0932589173316955,0.18865966796875,0.1845092773436363,0
2019-06-01,2019-06-05,4,17.0,76.0,central,monsoon,6,152,2019,normal,26.39080810546875,1005.640625,0.0,4.932647705078125,0.164093017578125,69.6785888671875,5877.3515625,3.625076293945313,-4.898406982421875,0.0142486430704593,4.935376368710941,6.093896052802645,0.38146972656250006,0.9685291906855072,2.1451556945736834,0.0,2.661163330078125,0.11309814453125,0
2019-06-01,2019-06-05,4,17.0,79.0,central,monsoon,6,152,2019,normal,29.75604248046875,1002.578125,0.244140625,3.226593017578125,1.005889892578125,54.54376983642578,5876.56103515625,2.8516387939453125,0.876983642578125,0.0133636333048343,3.379751022941593,2.983445008791594,0.030517578125000073,0.07612421441190535,2.2314760052116465,0.244140625,0.995361328125,1.17718505859375,0
2019-06-01,2019-06-05,4,17.0,82.0,central,monsoon,6,152,2019,normal,30.08807373046875,1001.838134765625,0.0,0.969757080078125,0.157257080078125,63.42948913574219,5872.9921875,4.5313262939453125,0.484405517578125,0.0144546367228031,0.9824248488288296,4.557144576120039,0.03729926215277785,0.07582153244017903,1.4902353862084698,0.0323746353387832,0.40127563476562145,2.62957763671875,1
2019-06-01,2019-06-05,4,17.0,85.0,east,monsoon,6,152,2019,normal,30.12127685546875,1002.295654296875,0.0,5.839874267578125,8.796905517578125,64.3628158569336,5864.0185546875,6.9649200439453125,1.501983642578125,0.0140045024454593,10.558867275722221,7.1250309529940585,0.22888183593750008,0.5778675307911695,1.4164336540338813,0.0006407499313354,0.466217041015625,2.01959228515625,0
2019-06-01,2019-06-05,4,17.0,88.0,east,monsoon,6,152,2019,normal,29.77166748046875,1003.3656005859376,0.0762939453125,4.943389892578125,7.417022705078125,31.034555435180664,5863.330078125,4.8457794189453125,2.806671142578125,0.0070655685849487,8.91343533311865,5.599909024230194,0.7137722439236112,1.14886010940963,1.8504313374789392,0.0737309455871583,0.006805419921875,1.5946044921873863,0
2019-06-01,2019-06-05,4,17.0,91.0,east,monsoon,6,152,2019,normal,29.58416748046875,1004.7881469726562,0.640869140625,4.435577392578125,6.493194580078125,79.69539642333984,5859.6591796875,4.4883575439453125,6.125030517578125,0.014290127903223,7.863582050204989,7.593507245242751,1.0392930772569444,1.090536649205362,1.748969431530032,0.5986616611480713,1.25091552734375,0.7467041015625,0
2019-06-01,2019-06-05,4,17.0,94.0,east,monsoon,6,152,2019,normal,28.34393310546875,1006.2881469726562,1.15966796875,2.208038330078125,4.649444580078125,85.15983581542969,5861.291015625,4.2500762939453125,3.630889892578125,0.0141547061502933,5.14711260517118,5.589857772464511,1.1528862847222223,0.9974552417573851,1.144791010926802,7.27454948425293,1.5328369140625,0.9119262695313637,1
2019-06-01,2019-06-05,4,20.0,70.0,west,monsoon,6,152,2019,normal,29.12127685546875,1005.2481079101562,0.0,6.292022705078125,2.436553955078125,16.37761116027832,5885.07568359375,4.5020294189453125,-2.658172607421875,0.0039036611560732,6.747321312730371,5.228207197491036,0.0152587890625,0.017619331945484186,0.9356367432887613,0.0006407499313354,0.568359375,0.40692138671875,0
2019-06-01,2019-06-05,4,20.0,73.0,west,monsoon,6,152,2019,normal,27.36541748046875,1006.4056396484376,0.0457763671875,1.208038330078125,2.053741455078125,61.50935363769531,5884.234375,3.621170043945313,-3.431610107421875,0.012705598026514,2.3826897765433834,4.988869653190678,0.011867947048611112,0.0172899695963297,0.9579364051147945,0.0457763671875,1.530487060546875,0.08508300781261369,0
2019-06-01,2019-06-05,4,20.0,76.0,central,monsoon,6,152,2019,normal,27.70135498046875,1004.7481079101562,0.0,3.006866455078125,-1.648406982421875,39.479248046875,5884.61669921875,6.0371856689453125,-5.480438232421875,0.0096938945353031,3.429065683006274,8.153699407061193,0.035603841145833336,0.07544147224014958,2.145003593427078,0.0,2.641571044921875,0.0465087890625,0
2019-06-01,2019-06-05,4,20.0,79.0,central,monsoon,6,152,2019,normal,33.66619873046875,1000.6755981445312,0.0,4.380889892578125,0.721710205078125,32.20594787597656,5883.5205078125,7.685623168945312,-7.773406982421875,0.0093324519693851,4.439939399474624,10.93136128802786,0.02712673611111111,0.07672599622249865,1.9455017975951743,0.0,1.144989013671875,1.0289306640625,0
2019-06-01,2019-06-05,4,20.0,82.0,central,monsoon,6,152,2019,normal,28.81463623046875,1002.4056396484376,0.0,4.556671142578125,4.262725830078125,43.69092178344727,5875.54150390625,15.595779418945312,4.207061767578125,0.0113952495157718,6.2397182151135215,16.153256773809293,0.02712673611111111,0.07672599622249865,1.068967495058106,0.0,1.3895568847656214,1.2543334960936363,0
2019-06-01,2019-06-05,4,20.0,85.0,east,monsoon,6,152,2019,normal,28.33416748046875,1000.12060546875,0.0,0.458038330078125,2.386749267578125,34.564266204833984,5872.3291015625,7.1426544189453125,1.332061767578125,0.0099413730204105,2.4303026926918947,7.265803513798206,0.011867947048611112,0.0246857024783004,1.1657322935936498,0.0006407499313354,0.918182373046875,2.2039794921876137,1
2019-06-01,2019-06-05,4,20.0,88.0,east,monsoon,6,152,2019,normal,29.73846435546875,1001.420654296875,0.030517578125,6.215850830078125,8.130889892578125,55.87408447265625,5862.0810546875,8.490310668945312,5.902374267578125,0.0127165652811527,10.23465544056135,10.340377036151777,21.32331000434028,59.97187821089479,1.4345612685520281,0.011896714568138199,0.39556884765625,1.68377685546875,0
2019-06-01,2019-06-05,4,20.0,91.0,east,monsoon,6,152,2019,normal,29.54119873046875,1003.0331420898438,0.213623046875,3.849639892578125,8.162139892578125,78.37928009033203,5853.541015625,5.6426544189453125,8.226593017578125,0.0141651965677738,9.024425462518053,9.975789771667616,21.735297309027782,59.828259745694055,2.0639149385056563,1.3862680196762085,1.329315185546875,1.90948486328125,0
2019-06-01,2019-06-05,4,20.0,94.0,east,monsoon,6,152,2019,normal,24.93572998046875,1006.1681518554688,1.6021728515625,-0.836883544921875,1.662139892578125,97.3793487548828,5856.29443359375,5.3496856689453125,4.904327392578125,0.0157654620707035,1.860936079036737,7.257517752655588,22.13541666666667,59.68584823639116,1.667203489473991,1.3050548732280731,0.750885009765625,1.4013061523436363,0
2019-06-01,2019-06-05,4,23.0,70.0,west,monsoon,6,152,2019,normal,28.46307373046875,1003.818115234375,0.0,6.030303955078125,2.211944580078125,13.409945487976074,5886.80908203125,9.421951293945312,2.310577392578125,0.0037105421070009,6.423181814020826,9.701130556413045,0.005086263020833333,0.014386124291718497,1.9435943426723865,0.0,0.671722412109375,0.79766845703125,0
2019-06-01,2019-06-05,4,23.0,73.0,west,monsoon,6,152,2019,normal,27.34588623046875,1004.2931518554688,0.0,2.769561767578125,0.014678955078125,15.490863800048828,5887.52294921875,7.802810668945312,1.582061767578125,0.0039646965451538,2.769600667271846,7.961581110045868,0.005086263020833333,0.014386124291718497,1.9837029576428866,0.0,3.88720703125,0.1025390625,1
2019-06-01,2019-06-05,4,23.0,76.0,central,monsoon,6,152,2019,normal,27.86932373046875,1003.6781005859376,0.0,5.466827392578125,-1.449188232421875,27.83113670349121,5884.4384765625,6.1875762939453125,-7.498016357421875,0.007876668125391,5.6556474671988335,9.72143763491594,0.005086263020833333,0.014386124291718497,2.5457585023881038,0.0,3.29632568359375,0.5096435546873863,1
2019-06-01,2019-06-05,4,23.0,79.0,central,monsoon,6,152,2019,normal,32.79901123046875,1000.2256469726562,0.0,4.220733642578125,1.363311767578125,23.452899932861328,5880.30859375,5.3907012939453125,-7.109344482421875,0.0072839600034058,4.435449408707961,8.922019917613165,0.0,0.0,2.1601697314938515,0.0,1.6075439453125,0.9688110351561363,0
2019-06-01,2019-06-05,4,23.0,82.0,central,monsoon,6,152,2019,normal,29.29315185546875,999.505615234375,0.0,0.253936767578125,0.585968017578125,23.033042907714844,5871.89599609375,2.7930450439453125,-5.433563232421875,0.0073054176755249,0.6386253984555144,6.109395225244012,0.0,0.0,1.285573348249025,0.0,0.42230224609375,1.70941162109375,0
2019-06-01,2019-06-05,4,23.0,85.0,east,monsoon,6,152,2019,normal,25.40643310546875,1001.47314453125,0.0,0.372100830078125,1.393585205078125,37.3973274230957,5861.49462890625,5.8379669189453125,2.861358642578125,0.0103042460978031,1.4424072765891989,6.501479141561276,0.0033908420138888886,0.009590749527812331,1.1933374091205033,0.0,2.0636291503906214,0.92919921875,0
2019-06-01,2019-06-05,4,23.0,88.0,east,monsoon,6,152,2019,normal,27.53338623046875,1000.3356323242188,0.0,-1.674774169921875,-0.748016357421875,64.10633087158203,5850.02294921875,9.195388793945312,2.554718017578125,0.0144336558878421,1.8342292635350128,9.54367639964565,21.26736111111111,59.99139826699548,0.9489786899612388,1.4115926027297974,1.424163818359375,1.37921142578125,0
2019-06-01,2019-06-05,4,23.0,91.0,east,monsoon,6,152,2019,monsoon_depression,25.51190185546875,1001.09814453125,190.948486328125,-0.394500732421875,1.260772705078125,96.1332778930664,5838.1943359375,9.261795043945312,6.589874267578125,0.0164497233927249,1.3210520965319303,11.366938475180477,21.586100260416668,59.88075534762263,1.8292767800204994,188.804203748703,1.896484375,3.118896484375,1
2019-06-01,2019-06-05,4,23.0,94.0,east,monsoon,6,152,2019,normal,24.05682373046875,1004.7056274414062,0.946044921875,0.241241455078125,0.467803955078125,70.2551040649414,5845.68896484375,2.9239044189453125,2.693389892578125,0.0128901340067386,0.5263439750153386,3.975369940592942,21.901448567708332,59.769449582585786,1.6066036829308605,1.440815687179565,0.363311767578125,2.6336669921875,1
2019-06-01,2019-06-05,4,26.0,70.0,west,monsoon,6,152,2019,normal,27.96112060546875,1000.6281127929688,0.0,3.323272705078125,4.972686767578125,22.947912216186523,5873.552734375,9.908279418945312,0.292999267578125,0.0069167953915894,5.980949352800428,9.912610635685061,0.0,0.0,2.8518974887601987,0.0,1.1524963378906214,1.3564453125,0
2019-06-01,2019-06-05,4,26.0,73.0,west,monsoon,6,152,2019,normal,29.41033935546875,1002.0306396484376,0.0,4.945343017578125,3.429718017578125,16.913066864013672,5876.96875,11.392654418945312,5.431671142578125,0.0046756607480347,6.01825416891051,12.621237106980841,0.0,0.0,2.7295285274529544,0.0,3.69561767578125,0.7117919921873863,1
2019-06-01,2019-06-05,4,26.0,76.0,central,monsoon,6,152,2019,normal,32.72283935546875,1000.150634765625,0.0,4.890655517578125,0.417999267578125,31.78314781188965,5878.44775390625,7.558670043945312,-2.607391357421875,0.0093052722513675,4.9084859966504135,7.995747777662481,0.0,0.0,2.4081937877185124,0.0,3.660614013671882,1.0145263671873863,1
2019-06-01,2019-06-05,4,26.0,79.0,central,monsoon,6,152,2019,normal,31.70330810546875,998.05810546875,0.0,2.962921142578125,-0.620086669921875,25.29561424255371,5870.46826171875,3.728591918945313,-0.275360107421875,0.0079052783548831,3.027112349311017,3.7387458975950314,0.0,0.0,4.090419443341637,0.0,2.366058349609375,2.306640625,1
2019-06-01,2019-06-05,4,26.0,82.0,central,monsoon,6,152,2019,normal,31.55096435546875,998.4255981445312,0.0,-3.127899169921875,0.128936767578125,53.49163818359375,5864.09521484375,3.814529418945313,0.767608642578125,0.0135181285440921,3.1305555269363055,3.8909970079865004,0.0,0.0,6.778886336978042,0.0,0.73223876953125,1.942138671875,0
2019-06-01,2019-06-05,4,26.0,85.0,east,monsoon,6,152,2019,normal,28.24432373046875,1000.1056518554688,0.0,-3.897430419921875,0.236358642578125,69.17218780517578,5850.3798828125,-0.4706268310546875,-1.330047607421875,0.0133850909769535,3.904590796236371,1.410856566812244,0.0,0.0,6.824304812892204,0.0576786696910858,0.641937255859375,1.491943359375,0
2019-06-01,2019-06-05,4,26.0,88.0,northeast,monsoon,6,152,2019,normal,25.19744873046875,1001.8881225585938,0.0,-2.620086669921875,-0.418914794921875,87.99058532714844,5835.568359375,-5.374923706054688,0.330108642578125,0.014837060123682,2.653364611829052,5.3850512125525265,21.24701605902778,59.99856717584118,6.8605223322126605,0.0241082161664962,2.43060302734375,1.7997436523438637,0
2019-06-01,2019-06-05,4,26.0,91.0,northeast,monsoon,6,152,2019,normal,25.27947998046875,1002.2606201171876,0.213623046875,-1.685516357421875,-1.668914794921875,88.82269287109375,5834.3447265625,-9.175704956054688,-1.142547607421875,0.0146768428385257,2.37197006385954,9.2465656584373,21.389431423611114,59.94886868880571,6.158181832427884,0.1596566289663315,1.1346740722656214,2.8799438476561363,1
2019-06-01,2019-06-05,4,26.0,94.0,northeast,monsoon,6,152,2019,normal,22.73065185546875,1004.5606079101562,0.3204345703125,-0.756805419921875,1.915069580078125,83.95230865478516,5835.84912109375,0.2813262939453125,0.701202392578125,0.0140707828104496,2.059185746882425,0.7555324473656253,21.531846788194446,59.89879036098538,6.3642476681417275,0.07451510429382319,2.660369873046875,1.881591796875,0
2019-06-01,2019-06-05,4,29.0,70.0,north,monsoon,6,152,2019,normal,35.41815185546875,997.0131225585938,0.0,5.180694580078125,-6.250946044921875,9.3999662399292,5840.87109375,13.443435668945312,0.662139892578125,0.0028999189380556,8.118738990051058,13.459732234424816,0.0,0.0,2.1208930347873793,0.0,3.5357360839843786,3.0716552734375,1
2019-06-01,2019-06-05,4,29.0,73.0,north,monsoon,6,152,2019,normal,33.10369873046875,997.2531127929688,0.0,4.208038330078125,2.760772705078125,9.523238182067873,5849.99755859375,12.546951293945312,0.265655517578125,0.0030439237598329,5.032837422022599,12.549763329507678,0.0,0.0,1.852109377361759,0.0,2.73187255859375,2.4637451171875,1
2019-06-01,2019-06-05,4,29.0,76.0,north,monsoon,6,152,2019,normal,30.33612060546875,997.8681030273438,0.0,2.300811767578125,1.740264892578125,13.234405517578123,5854.509765625,3.5020294189453125,-1.765594482421875,0.0042431694455444,2.8848321764300136,3.9219298728453844,0.0,0.0,7.215445318037449,0.0,3.384490966796875,1.8238525390625,1
2019-06-01,2019-06-05,4,29.0,79.0,north,monsoon,6,152,2019,normal,28.92791748046875,999.0381469726562,0.0,-3.676727294921875,-0.168914794921875,49.142879486083984,5848.8759765625,4.5020294189453125,-0.080047607421875,0.012461457401514,3.68060535906351,4.502740999491647,0.0,0.0,8.72818352788286,0.0,2.3321533203125,2.82177734375,1
2019-06-01,2019-06-05,4,29.0,82.0,central,monsoon,6,152,2019,normal,6.86737060546875,1011.5331420898438,0.0,-0.095672607421875,-1.621063232421875,51.79232406616211,5841.20263671875,-0.2577362060546875,-0.642547607421875,0.008529458194971,1.6238840018058427,0.6923116203813426,0.0,0.0,8.988889090760704,0.1020673662424087,3.03216552734375,0.2139892578125,1
2019-06-01,2019-06-05,4,29.0,85.0,east,monsoon,6,152,2019,normal,-4.93145751953125,1018.7831420898438,0.0,1.339874267578125,-1.527313232421875,25.819581985473636,5834.93115234375,0.8848419189453125,-0.771453857421875,0.0038564542774111,2.0317354067025986,1.1739191946867185,0.0,0.0,7.0600884519738845,0.003976747393608,2.676727294921875,0.7623291015625,0
2019-06-01,2019-06-05,4,29.0,88.0,northeast,monsoon,6,152,2019,normal,3.47479248046875,1011.7380981445312,0.0,-0.017547607421875,1.353546142578125,31.423830032348636,5828.2265625,-0.6385955810546875,1.482452392578125,0.0049498421140015,1.3536598829153335,1.6141466514549356,0.03221299913194444,0.06687785821979446,6.800898690754733,0.0,1.971923828125,0.3740234375,0
2019-06-01,2019-06-05,4,29.0,91.0,northeast,monsoon,6,152,2019,normal,1.62713623046875,1015.2281494140624,0.06103515625,-0.311492919921875,0.680694580078125,40.99823760986328,5826.263671875,-0.4159393310546875,0.810577392578125,0.0062158447690308,0.7485806239204903,0.9110659890902375,0.06951226128472222,0.11005881325356365,6.404663651394892,0.0584721565246583,4.247314453125,0.6475219726561363,1
2019-06-01,2019-06-05,4,29.0,94.0,northeast,monsoon,6,152,2019,normal,1.55487060546875,1017.6531372070312,0.0152587890625,0.118194580078125,-0.011688232421875,46.38582229614258,5830.4443359375,0.2871856689453125,-0.322235107421875,0.0067313057370483,0.11877109722904843,0.43163766390660807,0.1068115234375,0.13027189610662535,6.462303487039969,0.019744038581848103,3.487213134765625,0.7901611328125,1
2019-06-01,2019-06-05,4,32.0,70.0,north,monsoon,6,152,2019,normal,26.61737060546875,1001.6881103515624,0.0,2.262725830078125,0.327178955078125,30.229394912719727,5792.02685546875,-1.0428924560546875,-1.759735107421875,0.0069978577084839,2.2862576956128007,2.0455542826307145,0.0,0.0,2.2318300281530132,0.128176063299179,2.61749267578125,3.0214233398438637,1
2019-06-01,2019-06-05,4,32.0,73.0,north,monsoon,6,152,2019,normal,28.87713623046875,997.3681030273438,0.0,-1.289031982421875,-4.673797607421875,24.849552154541016,5811.171875,-2.0487518310546875,0.835968017578125,0.0068710190244019,4.848297384324616,2.2127418719008856,0.0,0.0,1.740113142321762,0.0,0.821319580078125,3.8043212890625,1
2019-06-01,2019-06-05,4,32.0,76.0,north,monsoon,6,152,2019,normal,26.79119873046875,999.0281372070312,0.0,-2.703094482421875,0.844757080078125,28.165769577026367,5823.1533203125,-1.3592987060546875,1.929718017578125,0.0078218318521976,2.832019474728538,2.360403482383382,0.0,0.0,9.67987562016055,0.0,0.86065673828125,3.44891357421875,1
2019-06-01,2019-06-05,4,32.0,79.0,north,monsoon,6,152,2019,normal,-7.09942626953125,1021.358154296875,0.0,1.855499267578125,0.395538330078125,14.72336769104004,5824.326171875,1.1192169189453125,0.265655517578125,0.0020101408008486,1.897189527312427,1.1503127251635268,0.0,0.0,9.747682484401155,0.0,2.337921142578125,3.036376953125,1
2019-06-01,2019-06-05,4,32.0,82.0,central,monsoon,6,152,2019,normal,-1.99005126953125,1016.798095703125,0.0,-1.077117919921875,1.075225830078125,16.931915283203125,5820.50244140625,-0.1092987060546875,1.513702392578125,0.0024717191699892,1.5219374491364681,1.517643284979039,0.0,0.0,6.592013660407138,0.0,0.12261962890625,0.27520751953125,0
2019-06-01,2019-06-05,4,32.0,85.0,east,monsoon,6,152,2019,normal,1.01776123046875,1011.2731323242188,0.0,2.497100830078125,1.405303955078125,12.769583702087402,5818.33544921875,0.9590606689453124,1.248077392578125,0.0020192007068544,2.8653781184575067,1.5740058908982653,0.0,0.0,2.6981719551643306,0.0,0.08746337890625,1.0045776367188637,0
2019-06-01,2019-06-05,4,32.0,88.0,northeast,monsoon,6,152,2019,normal,0.41424560546875,1014.795654296875,0.0,-1.806610107421875,-0.537078857421875,31.61704635620117,5810.712890625,-0.9393768310546876,-0.683563232421875,0.0046375137753784,1.8847529756783687,1.1617605275793241,0.010172526041666666,0.019031053602976182,2.777120768015817,0.1800879836082458,0.830108642578125,1.11065673828125,0
2019-06-01,2019-06-05,4,32.0,91.0,northeast,monsoon,6,152,2019,normal,-1.27716064453125,1017.8931274414062,0.0152587890625,-2.316375732421875,0.141632080078125,31.25184631347656,5813.109375,-1.3397674560546875,-0.306610107421875,0.0043890816159546,2.320701656796977,1.3744040869687861,0.011867947048611112,0.018726537097824538,2.048792643081857,0.5188249349594116,1.427093505859375,1.8085327148438637,0
2019-06-01,2019-06-05,4,32.0,94.0,northeast,monsoon,6,152,2019,normal,-1.34942626953125,1017.8031005859376,0.0,-1.067352294921875,-1.006805419921875,28.180784225463867,5816.2705078125,-0.6620330810546875,-0.345672607421875,0.0039518219418823,1.4672757324576238,0.746844931650875,0.013563368055555558,0.01826024307974753,0.8086108615350052,0.7813069820404053,1.198760986328125,0.0419921875,0
2019-06-01,2019-06-06,5,8.0,70.0,south,monsoon,6,152,2019,normal,28.009429931640625,1007.2887573242188,1.373291015625,7.03106689453125,-4.682708740234375,79.41383361816406,5853.87890625,10.690521240234377,-4.598236083984375,0.0129551663994789,8.447701629510878,11.637483382241985,3.7299262152777772,3.1435748166025084,0.37986331990202726,3.3679661750793457,0.573944091796875,0.10186767578125,0
2019-06-01,2019-06-06,5,8.0,73.0,south,monsoon,6,152,2019,normal,27.228179931640625,1007.3262329101562,9.2926025390625,6.21563720703125,-1.877044677734375,80.799072265625,5852.91015625,8.231536865234375,-4.352142333984375,0.0129995122551918,6.492876297269353,9.311248147212678,4.567464192708333,3.4367108041164114,0.47061639150896906,3.5971179008483887,0.897430419921875,0.5489501953125,0
2019-06-01,2019-06-06,5,8.0,76.0,south,monsoon,6,152,2019,normal,27.120758056640625,1006.5962524414062,7.049560546875,3.88458251953125,-4.199310302734375,72.02413940429688,5858.0087890625,6.833099365234375,-6.238861083984375,0.0124115720391273,5.720505953995575,9.252817655202177,3.8214789496527772,3.9876179539960024,1.0208656269523242,6.610129028558731,0.43072509765625,0.32177734375,1
2019-06-01,2019-06-06,5,8.0,79.0,south,monsoon,6,152,2019,normal,28.392242431640625,1005.09375,0.0,8.24884033203125,4.703033447265625,73.47096252441406,5853.11376953125,2.878021240234375,-1.467376708984375,0.0131177678704261,9.495361521787604,3.2305108984973296,1.6615125868055551,2.887962446459259,0.8903258464617663,0.0105779618024826,0.266632080078125,1.0123291015623863,0
2019-06-01,2019-06-06,5,8.0,82.0,south,monsoon,6,152,2019,normal,29.140289306640625,1004.9212646484376,0.0,0.39532470703125,-0.247161865234375,59.2768669128418,5853.26708984375,9.307708740234377,-1.533782958984375,0.0112309232354164,0.4662302131088021,9.433235508472492,0.26448567708333304,0.33577041512246075,0.4595892371398238,1.2393183708190918,0.34490966796875,1.0574340820311363,0
2019-06-01,2019-06-06,5,8.0,85.0,south,monsoon,6,152,2019,normal,29.073883056640625,1005.561279296875,0.7476806640625,6.30352783203125,5.405181884765625,78.8243179321289,5858.36572265625,6.247161865234375,0.858795166015625,0.013274647295475,8.303641028885526,6.305914724099148,1.366509331597222,1.7881395661781714,0.6155000713701605,0.5104634910821915,0.790679931640625,1.15374755859375,0
2019-06-01,2019-06-06,5,8.0,88.0,south,monsoon,6,152,2019,normal,27.646148681640625,1006.271240234375,4.669189453125,4.59747314453125,5.254791259765625,71.98991394042969,5864.15234375,4.592864990234375,3.003326416015625,0.0123648419976234,6.982090696803878,5.487656911620648,2.717759874131944,2.454504738308231,0.554041779942605,4.358220845460892,1.1998901367187464,1.3076171875,1
2019-06-01,2019-06-06,5,8.0,91.0,south,monsoon,6,152,2019,normal,28.193023681640625,1006.7887573242188,6.134033203125,3.08087158203125,4.648345947265625,71.78875732421875,5863.99951171875,4.401458740234375,4.616607666015625,0.0125574842095375,5.576637853620091,6.378550413996883,3.2755533854166665,2.2101671077095557,0.4787771996509695,4.9901734590530396,0.804779052734375,1.6019287109375,1
2019-06-01,2019-06-06,5,8.0,94.0,south,monsoon,6,152,2019,normal,28.251617431640625,1007.2987670898438,3.23486328125,0.88653564453125,3.123931884765625,78.34346008300781,5867.033203125,1.604583740234375,2.802154541015625,0.0128783956170082,3.247290542849492,3.2290492487973954,2.9178195529513893,2.132967655481462,0.33859272441540356,3.2093971967697144,0.723876953125,0.7719116210938637,0
2019-06-01,2019-06-06,5,11.0,70.0,south,monsoon,6,152,2019,normal,27.044586181640625,1007.3387451171876,3.96728515625,4.43634033203125,-2.672943115234375,90.52385711669922,5855.71435546875,3.837005615234375,-2.637298583984375,0.0144510045647621,5.1793571453304885,4.655959182856537,2.5041368272569446,2.747716263948773,0.5791974620514276,2.9726719856262207,0.2510986328125,0.23413085937477263,0
2019-06-01,2019-06-06,5,11.0,73.0,south,monsoon,6,152,2019,normal,28.933258056640625,1006.103759765625,1.556396484375,2.13555908203125,-3.605560302734375,80.10348510742188,5862.26611328125,3.008880615234375,-3.746673583984375,0.0135431066155433,4.190546228059077,4.805301811713757,2.683851453993056,3.1898813465409086,0.6380993889497737,4.762997627258301,0.794525146484375,0.027587890625,1
2019-06-01,2019-06-06,5,11.0,76.0,south,monsoon,6,152,2019,normal,24.400054931640625,1006.3362426757812,0.152587890625,0.83184814453125,-0.620208740234375,87.49571228027344,5860.37939453125,4.618255615234375,-4.057220458984375,0.0147228017449378,1.0376079303008405,6.147302073303802,2.0599365234375004,3.3419031755128317,1.092404783175621,13.522334098815918,1.427215576171875,0.2731323242188637,1
2019-06-01,2019-06-06,5,11.0,79.0,south,monsoon,6,152,2019,normal,27.825836181640625,1004.1487426757812,0.0,3.54180908203125,0.093658447265625,72.0910415649414,5856.40283203125,2.934661865234375,-2.441986083984375,0.0139956250786781,3.543047202381483,3.817792071031926,0.8816189236111115,2.191344604847423,1.4540039944291625,0.0,0.72003173828125,1.03875732421875,0
2019-06-01,2019-06-06,5,11.0,82.0,south,monsoon,6,152,2019,normal,29.517242431640625,1004.2937622070312,0.701904296875,5.10333251953125,6.483306884765625,80.24919128417969,5855.22998046875,5.919036865234375,0.280670166015625,0.0144943967461586,8.25089516155396,5.9256875680459915,0.18141004774305594,0.29609254958382114,0.8854418285268043,0.7793363332748413,0.254669189453125,0.9041137695311363,0
2019-06-01,2019-06-06,5,11.0,85.0,south,monsoon,6,152,2019,normal,28.859039306640625,1005.15625,0.18310546875,2.59747314453125,6.480377197265625,82.38710021972656,5857.85546875,5.081146240234375,1.751373291015625,0.0142440572381019,6.981558232615505,5.374509793379376,0.788370768229167,1.4013739219087233,1.0707789614333387,1.55463445186615,1.136810302734375,0.98687744140625,0
2019-06-01,2019-06-06,5,11.0,88.0,south,monsoon,6,152,2019,normal,29.077789306640625,1005.7137451171876,0.579833984375,4.46563720703125,4.362213134765625,72.59121704101562,5865.630859375,4.512786865234375,3.940826416015625,0.0124749913811683,6.242661219219221,5.991273498363971,1.5275743272569446,2.1120359720009567,0.9228037748629154,3.164941549301148,1.500030517578125,0.7775878906247726,0
2019-06-01,2019-06-06,5,11.0,91.0,south,monsoon,6,152,2019,normal,28.068023681640625,1006.4812622070312,0.5950927734375,4.09063720703125,5.167877197265625,80.63544464111328,5865.01904296875,2.417083740234375,4.224029541015625,0.0133414044976234,6.590923113310186,4.866694912430619,1.9378662109375002,2.071464525946497,0.7081485457148345,0.3254879117012024,0.652313232421875,0.869384765625,0
2019-06-01,2019-06-06,5,11.0,94.0,south,monsoon,6,152,2019,normal,28.159820556640625,1006.5787353515624,0.2288818359375,-0.17694091796875,4.405181884765625,66.74004364013672,5870.62744140625,0.913177490234375,3.513092041015625,0.01176068931818,4.408734004940516,3.629835921542196,1.844618055555556,1.8699809684705455,0.4441676389640872,0.0015385448932646872,0.8588256835937464,1.4623413085938637,0
2019-06-01,2019-06-06,5,14.0,70.0,south,monsoon,6,152,2019,normal,29.232086181640625,1006.3912353515624,0.274658203125,3.92169189453125,-2.294036865234375,74.89592742919922,5866.8544921875,1.919036865234375,-3.549407958984375,0.0130448117852211,4.543376767855211,4.034972038246387,1.1850992838541667,1.550434469872435,0.4878704565092849,0.2723392099142075,0.58209228515625,0.10729980468738631,0
2019-06-01,2019-06-06,5,14.0,73.0,south,monsoon,6,152,2019,normal,28.956695556640625,1005.8687744140624,0.457763671875,3.20684814453125,-3.612396240234375,79.45561218261719,5870.5,4.727630615234375,-3.815032958984375,0.01365277916193,4.830453562404153,6.074945902000974,0.7307264539930557,1.2327751120214305,0.6529329145477578,0.4569906741380692,0.887481689453125,0.3913574218752274,0
2019-06-01,2019-06-06,5,14.0,76.0,south,monsoon,6,152,2019,normal,21.761383056640625,1007.8412475585938,0.030517578125,2.88458251953125,-0.378997802734375,55.57081985473633,5873.6611328125,5.815521240234375,-4.441986083984375,0.010528065264225,2.909373755030924,7.317890930174349,0.2560085720486112,0.48047166452248496,1.59871090370983,0.0174641609191895,1.4054565429687464,0.45166015625,0
2019-06-01,2019-06-06,5,14.0,79.0,south,monsoon,6,152,2019,normal,26.025054931640625,1005.0712280273438,0.0,2.74884033203125,1.065338134765625,65.21832275390625,5868.537109375,5.366302490234375,-5.449798583984375,0.0139174237847328,2.948061823026711,7.648366297628125,0.0983344184027779,0.21854496316626063,2.062961522526977,0.0,2.49267578125,0.14892578125,0
2019-06-01,2019-06-06,5,14.0,82.0,south,monsoon,6,152,2019,normal,30.370758056640625,1002.5962524414062,0.0,4.88067626953125,7.559478759765625,76.30381774902344,5854.23583984375,8.170989990234375,-0.697845458984375,0.0151304975152015,8.998150919345214,8.20073568072618,0.0983344184027779,0.2208997595879771,1.3632289882776396,0.0084992498159408,0.417755126953125,1.2149047851561363,0
2019-06-01,2019-06-06,5,14.0,85.0,south,monsoon,6,152,2019,normal,29.954742431640625,1003.5762329101562,0.0,3.64337158203125,8.544830322265625,46.35709381103516,5862.31689453125,6.835052490234375,2.669342041015625,0.0094785466790199,9.289148600440353,7.33780140615652,0.2051459418402779,0.24887486839114784,1.4003595172647152,0.1065954566001892,0.369476318359375,1.1964111328125,0
2019-06-01,2019-06-06,5,14.0,88.0,south,monsoon,6,152,2019,normal,29.618804931640625,1004.751220703125,0.213623046875,4.47149658203125,6.003814697265625,74.42605590820312,5862.03662109375,4.370208740234375,6.013092041015625,0.013401485979557,7.4859917580919015,7.433437988370279,0.2983940972222223,0.2334269040187684,1.2953471002804278,0.1198668032884598,0.343109130859375,0.9415283203126137,0
2019-06-01,2019-06-06,5,14.0,91.0,south,monsoon,6,152,2019,normal,28.372711181640625,1005.7137451171876,0.6256103515625,2.86016845703125,5.602447509765625,78.79713439941406,5865.12109375,4.008880615234375,4.233795166015625,0.013823963701725,6.290308553821154,5.8306213472475825,1.0325113932291667,1.5719103889029211,1.1890914913673285,0.6960146427154541,0.07745361328125,1.3020629882811363,0
2019-06-01,2019-06-06,5,14.0,94.0,south,monsoon,6,152,2019,normal,28.833648681640625,1006.623779296875,1.15966796875,1.35528564453125,3.614166259765625,77.44796752929688,5870.80615234375,3.401458740234375,3.124420166015625,0.0132078900933265,3.859921881528269,4.618649470929996,1.6801622178819446,2.0163481730494768,0.7513158894121011,4.21461820602417,1.027008056640625,0.78759765625,0
2019-06-01,2019-06-06,5,17.0,70.0,west,monsoon,6,152,2019,normal,29.349273681640625,1006.271240234375,0.030517578125,2.91094970703125,-1.045013427734375,32.768104553222656,5880.34033203125,3.340911865234375,-2.498626708984375,0.0066799893975257,3.0928435558576943,4.171909337715037,0.13054741753472224,0.15645713968993227,0.29922204140329456,0.030517578125,0.42926025390625,0.55029296875,0
2019-06-01,2019-06-06,5,17.0,73.0,west,monsoon,6,152,2019,normal,29.288726806640625,1006.2562255859376,0.1068115234375,3.36993408203125,-2.715911865234375,84.33212280273438,5881.25830078125,1.641693115234375,-1.543548583984375,0.0146136060357093,4.328121183256849,2.253374916814358,0.10002983940972222,0.15209731372074248,0.7473714161703906,0.0671800225973129,0.217529296875,0.3812255859376137,0
2019-06-01,2019-06-06,5,17.0,76.0,central,monsoon,6,152,2019,normal,25.995758056640625,1005.6962280273438,0.0,4.62579345703125,-0.491302490234375,54.15323257446289,5882.30322265625,0.747161865234375,-4.236907958984375,0.0124830976128578,4.651810748947513,4.302283103860746,0.06612141927083333,0.14241536458333334,2.1619612810574877,0.0,2.694580078125,0.05731201171863631,0
2019-06-01,2019-06-06,5,17.0,79.0,central,monsoon,6,152,2019,normal,30.579742431640625,1001.7962646484376,0.0,2.28497314453125,0.805572509765625,37.96323776245117,5878.5302734375,4.364349365234375,-3.533782958984375,0.0102071538567543,2.4228184702364963,5.6156181657080335,0.003390842013888886,0.009590749527812492,2.364069036807339,0.0,1.3939208984375,1.3214721679686363,0
2019-06-01,2019-06-06,5,17.0,82.0,central,monsoon,6,152,2019,normal,30.657867431640625,1001.15625,0.0,0.98419189453125,1.923736572265625,55.97841644287109,5870.11767578125,7.975677490234375,-1.455657958984375,0.0134138837456703,2.1608785446510654,8.107426935951125,-2.8912057932946786e-18,1.757832811044238e-09,1.4438577683632963,0.0240802764892578,0.110107421875,2.40155029296875,1
2019-06-01,2019-06-06,5,17.0,85.0,east,monsoon,6,152,2019,normal,30.023101806640625,1002.2887573242188,0.0,5.11993408203125,9.163970947265623,71.44593811035156,5869.07275390625,9.731536865234377,2.850982666015625,0.0152206197381019,10.497241948563136,10.140557771707496,0.04408094618055555,0.07926886479736982,1.3962215337536508,0.027727335691452,0.120758056640625,2.9921264648436363,1
2019-06-01,2019-06-06,5,17.0,88.0,east,monsoon,6,152,2019,normal,29.782867431640625,1003.0912475585938,0.1678466796875,4.18243408203125,8.672760009765625,27.92070960998535,5867.033203125,5.448333740234375,3.952545166015625,0.0067367330193519,9.628578349763085,6.731044037470694,0.6510416666666666,1.380543338257638,1.7028966696152235,0.6444379687309265,0.024993896484375,2.5570068359375,1
2019-06-01,2019-06-06,5,17.0,91.0,east,monsoon,6,152,2019,normal,30.060211181640625,1004.291259765625,0.3204345703125,4.35528564453125,7.200103759765625,73.00743865966797,5864.27978515625,5.307708740234375,5.985748291015625,0.0137543454766273,8.414868222191663,8.000059666937295,2.6753743489583335,3.6964501799756326,1.9468556892873286,2.3522191047668457,0.733856201171875,1.60888671875,0
2019-06-01,2019-06-06,5,17.0,94.0,east,monsoon,6,152,2019,normal,27.577789306640625,1006.7012329101562,5.401611328125,2.20977783203125,5.589752197265625,84.26815795898438,5864.4326171875,4.542083740234375,3.614654541015625,0.0140781179070472,6.01069444355414,5.804847298093755,4.655626085069444,4.198798351069875,1.2323126104973328,4.82060432434082,0.8330688476562536,1.07464599609375,1
2019-06-01,2019-06-06,5,20.0,70.0,west,monsoon,6,152,2019,normal,29.224273681640625,1005.6737670898438,0.0,6.64141845703125,0.340728759765625,15.391688346862791,5886.96875,4.727630615234375,-0.143157958984375,0.0037069094832986,6.650153021482045,4.729797610397503,0.01864963107638889,0.03356762334734316,0.8667241138590052,0.0007729977369308,0.539581298828125,0.1202392578125,0
2019-06-01,2019-06-06,5,20.0,73.0,west,monsoon,6,152,2019,normal,27.132476806640625,1006.4912719726562,0.0,0.62286376953125,1.508697509765625,28.585363388061523,5890.1298828125,4.268646240234375,-2.820892333984375,0.0065159574151039,1.6322155039600856,5.116519743360606,0.015258789062500002,0.03373845205032756,0.8284308600684622,0.0023189932107925,2.387115478515625,0.6459350585938637,0
2019-06-01,2019-06-06,5,20.0,76.0,central,monsoon,6,152,2019,normal,28.237945556640625,1004.9437255859376,0.0,2.81231689453125,-1.764739990234375,40.54835891723633,5890.51220703125,5.817474365234375,-5.369720458984375,0.0102748647332191,3.3201556512305737,7.916874749406767,0.011867947048611114,0.03356762334734316,2.108698421603163,0.0,3.458038330078125,1.1177978515626137,1
2019-06-01,2019-06-06,5,20.0,79.0,central,monsoon,6,152,2019,normal,34.769195556640625,1000.67626953125,0.0,4.62091064453125,-0.295989990234375,29.700891494750977,5887.9375,9.047943115234377,-11.793548583984377,0.0084233060479164,4.630380681872837,14.864489995264453,2.3129646346357427e-18,0.0,1.9312919069236596,0.0,0.151947021484375,0.022094726562386313,0
2019-06-01,2019-06-06,5,20.0,82.0,central,monsoon,6,152,2019,normal,29.669586181640625,1001.2837524414062,0.0,3.08770751953125,3.654205322265625,26.79957771301269,5878.07177734375,11.190521240234377,-3.174407958984375,0.0080489888787269,4.784052075745439,11.632051904896233,2.3129646346357427e-18,0.0,0.7080808681582097,0.0,0.457916259765625,1.73919677734375,0
2019-06-01,2019-06-06,5,20.0,85.0,east,monsoon,6,152,2019,normal,28.259429931640625,1000.1487426757812,0.0,0.32794189453125,2.107330322265625,32.15888214111328,5874.96142578125,6.237396240234375,1.505279541015625,0.0095457807183265,2.1326947679705337,6.416461513504942,2.521091037326389,7.066175095100672,0.9630539547750009,0.0,0.222015380859375,2.1763305664063637,0
2019-06-01,2019-06-06,5,20.0,88.0,east,monsoon,6,152,2019,normal,29.802398681640625,1000.7687377929688,0.0152587890625,6.02130126953125,9.596588134765623,59.600772857666016,5863.107421875,10.891693115234377,5.612701416015625,0.0139055028557777,11.329191180608746,12.2528117630929,6.522284613715278,11.135634105426803,1.3507973168259695,23.047182083129883,0.260284423828125,2.5919799804688637,1
2019-06-01,2019-06-06,5,20.0,91.0,east,monsoon,6,152,2019,normal,28.278961181640625,1003.40625,4.5166015625,0.86895751953125,6.186431884765625,70.92829895019531,5856.0966796875,5.212005615234375,8.671295166015625,0.0134386792778968,6.24716148627476,10.117132122760907,8.644951714409721,10.517322259891857,2.429489094437204,14.145469665527344,0.8438110351562536,1.73974609375,1
2019-06-01,2019-06-06,5,20.0,94.0,east,monsoon,6,152,2019,normal,24.005523681640625,1007.0437622070312,11.65771484375,0.36993408203125,-0.677825927734375,99.5786361694336,5855.71435546875,3.520599365234375,5.327545166015625,0.0162153020501136,0.772204126741932,6.385715103762862,8.246527777777777,8.936667216069093,1.8603821954370297,8.4339120388031,0.152008056640625,1.046142578125,1
2019-06-01,2019-06-06,5,23.0,70.0,west,monsoon,6,152,2019,normal,28.337554931640625,1004.2112426757812,0.0,5.85626220703125,2.384674072265625,10.958781242370604,5884.72509765625,7.116302490234375,2.356842041015625,0.0029010546859353,6.3231698908410205,7.496430186349678,0.0,0.0,2.0252386612232516,0.0006929039955139,1.8499755859375,0.4014282226563637,0
2019-06-01,2019-06-06,5,23.0,73.0,west,monsoon,6,152,2019,normal,27.726226806640625,1004.69873046875,0.0,2.48223876953125,-0.623138427734375,41.661651611328125,5887.86083984375,7.948333740234375,3.401763916015625,0.0099043622612953,2.5592598166429457,8.645692973177692,0.0,0.0,1.904688362753812,0.0,4.6226806640625,1.025390625,1
2019-06-01,2019-06-06,5,23.0,76.0,central,monsoon,6,152,2019,normal,27.609039306640625,1004.2962646484376,0.0,5.49493408203125,-1.836029052734375,23.20958137512207,5889.6708984375,7.137786865234375,-5.215423583984375,0.0064573064446449,5.793557046267285,8.840172198203652,0.0,0.0,2.3300889816384984,0.0,4.9537353515625,0.6436767578126137,1
2019-06-01,2019-06-06,5,23.0,79.0,central,monsoon,6,152,2019,normal,32.107086181640625,1001.0887451171876,0.0,3.05352783203125,0.631744384765625,21.13186264038086,5884.90380859375,5.723724365234375,-10.947845458984377,0.006445862352848,3.118193898504768,12.353798638596247,0.0,0.0,1.9423546204371804,0.0,2.3131103515625,0.11627197265613631,0
2019-06-01,2019-06-06,5,23.0,82.0,central,monsoon,6,152,2019,normal,30.198883056640625,1000.2062377929688,0.0,0.67266845703125,0.671783447265625,33.852264404296875,5876.92431640625,0.424896240234375,-3.967376708984375,0.0100092664361,0.9506712644783629,3.9900645064907154,0.0,0.0,0.909524798260496,0.0,0.439117431640625,1.3825073242188637,0
2019-06-01,2019-06-06,5,23.0,85.0,east,monsoon,6,152,2019,normal,25.841461181640625,1001.9662475585938,0.0,-1.56072998046875,-0.335052490234375,52.82087707519531,5869.40380859375,3.460052490234375,1.608795166015625,0.0133695378899574,1.5962888971443234,3.8157810630816256,2.5075276692708335,7.070794724282391,0.9536982098447289,0.0121202319860458,1.60870361328125,1.96197509765625,0
2019-06-01,2019-06-06,5,23.0,88.0,east,monsoon,6,152,2019,normal,23.437164306640625,1000.34375,22.5067138671875,0.80841064453125,-0.660247802734375,83.29529571533203,5862.3681640625,7.389739990234375,-3.572845458984375,0.0168432965874671,1.0437695776401041,8.20813509861128,6.568060980902779,11.111702878412595,1.1513347984163464,22.025899946689606,3.909820556640625,2.72216796875,1
2019-06-01,2019-06-06,5,23.0,91.0,east,monsoon,6,152,2019,normal,25.105133056640625,1001.5137329101562,31.1737060546875,-3.46307373046875,4.281158447265625,93.81805419921876,5839.0927734375,3.958099365234375,17.768951416015625,0.0163373723626136,5.50646867904073,18.204455086867952,8.124457465277779,10.778575281496323,2.265857220897759,12.865966796875,0.8834838867187464,2.771484375,1
2019-06-01,2019-06-06,5,23.0,94.0,east,monsoon,6,152,2019,normal,23.259429931640625,1006.438720703125,2.044677734375,-0.33319091796875,-0.858489990234375,90.18389129638672,5850.2841796875,1.008880615234375,1.958404541015625,0.015084721148014,0.9208806932222412,2.202995334099987,7.1733262803819455,9.487843776701093,1.8478053531306105,0.3665257692337036,0.10198974609375,1.4837646484373863,0
2019-06-01,2019-06-06,5,26.0,70.0,west,monsoon,6,152,2019,normal,27.903961181640625,1000.6537475585938,0.0,2.98907470703125,5.189361572265625,15.436930656433104,5868.3076171875,5.993255615234375,-1.639251708984375,0.0044369474053382,5.988659376848972,6.213393520045754,0.0,0.0,2.348340387266368,0.0,2.3642578125,1.1513061523438637,0
2019-06-01,2019-06-06,5,26.0,73.0,west,monsoon,6,152,2019,normal,30.193023681640625,1002.4812622070312,0.0,4.32794189453125,2.738189697265625,48.48628234863281,5870.44921875,8.213958740234375,3.571685791015625,0.0120029225945472,5.121402528668329,8.956899998102893,0.0,0.0,2.333095424069114,0.0,5.0433349609375,0.4776611328125,1
2019-06-01,2019-06-06,5,26.0,76.0,central,monsoon,6,152,2019,normal,32.374664306640625,1001.0187377929688,0.0,4.50958251953125,0.265533447265625,41.73957443237305,5874.68115234375,8.561614990234375,-4.014251708984375,0.0111160054802894,4.517393331566179,9.45597525504852,0.0,0.0,2.1453838646556296,0.0,2.807281494140625,0.3995971679688637,0
2019-06-01,2019-06-06,5,26.0,79.0,central,monsoon,6,152,2019,normal,32.370758056640625,999.0437622070312,0.0,2.85528564453125,-0.347747802734375,27.72431182861328,5875.0634765625,7.063568115234375,-4.441986083984375,0.0084786191582679,2.8763839531906763,8.344173709173758,0.0,0.0,4.168233902478361,0.0,2.227691650390625,0.97454833984375,0
2019-06-01,2019-06-06,5,26.0,82.0,central,monsoon,6,152,2019,normal,31.714508056640625,999.0862426757812,0.0,-3.09197998046875,0.381744384765625,40.95170974731445,5873.94189453125,3.897552490234375,-4.303314208984375,0.0108070150017738,3.1154564633323987,5.805982138740955,0.0,0.0,6.97141970945098,0.0,1.069671630859375,1.951416015625,0
2019-06-01,2019-06-06,5,26.0,85.0,east,monsoon,6,152,2019,normal,28.784820556640625,1000.5162353515624,0.0,-3.99237060546875,0.434478759765625,69.07453155517578,5861.09326171875,-1.166900634765625,-1.570892333984375,0.0144228711724281,4.0159425847611905,1.9568750129702448,2.505832248263889,7.071393916236582,7.1398540055307045,0.0,0.8117065429687464,2.171875,0
2019-06-01,2019-06-06,5,26.0,88.0,northeast,monsoon,6,152,2019,normal,26.062164306640625,1002.416259765625,0.0457763671875,-3.37811279296875,0.037017822265625,87.49542236328125,5849.69775390625,-5.393463134765625,0.862701416015625,0.0152764096856117,3.3783156100613834,5.462023280733176,6.064520941840278,11.294436400141779,7.202379220303794,0.007364898920059197,1.067169189453125,2.06011962890625,0
2019-06-01,2019-06-06,5,26.0,91.0,northeast,monsoon,6,152,2019,normal,25.419586181640625,1003.1212768554688,0.8544921875,0.82794189453125,-0.209075927734375,88.45858764648438,5849.2646484375,-4.862213134765625,-0.811126708984375,0.0151657834649086,0.8539323885870503,4.929405958725168,6.325615776909721,11.171578399069018,6.226047400238858,0.32469630241394043,2.206939697265625,2.1166381835936363,0
2019-06-01,2019-06-06,5,26.0,94.0,northeast,monsoon,6,152,2019,normal,23.993804931640625,1005.0887451171876,0.30517578125,-0.62127685546875,0.288970947265625,84.38153839111328,5853.26708984375,-2.243072509765625,1.136138916015625,0.0144500508904457,0.685192775432382,2.514395736663467,4.080878363715277,9.610154760561143,6.129487773847682,0.3013107925653458,2.184326171875,1.8914794921873863,0
2019-06-01,2019-06-06,5,29.0,70.0,north,monsoon,6,152,2019,normal,31.069976806640625,998.7837524414062,0.0,-1.95721435546875,-4.208099365234375,13.834094047546388,5840.240234375,0.610443115234375,-1.496673583984375,0.0035624278243631,4.640990013018656,1.6163763837465834,0.0,0.0,1.6510743655818247,0.0,0.4058837890625,3.0672607421875,1
2019-06-01,2019-06-06,5,29.0,73.0,north,monsoon,6,152,2019,normal,28.730133056640625,998.751220703125,0.0,2.08575439453125,1.846588134765625,17.85948944091797,5842.78955078125,3.659271240234375,3.485748291015625,0.0048098340630531,2.7857241668484716,5.053781471128799,0.0,0.0,1.4875705190097948,0.0,1.960205078125,2.2716064453126137,1
2019-06-01,2019-06-06,5,29.0,76.0,north,monsoon,6,152,2019,normal,29.579742431640625,998.9012451171876,0.0,2.27618408203125,0.719635009765625,20.81539726257324,5847.556640625,6.227630615234375,-0.147064208984375,0.0060171857476234,2.387234492581911,6.229366818655704,0.0,0.0,7.6031119348833744,0.0,3.316986083984375,0.8222045898436363,0
2019-06-01,2019-06-06,5,29.0,79.0,north,monsoon,6,152,2019,normal,28.038726806640625,999.771240234375,0.0,-3.25506591796875,1.850494384765625,22.15593719482422,5851.2021484375,6.026458740234375,-1.020111083984375,0.0065841451287269,3.7443001480077487,6.112187134849118,0.0,0.0,9.379491438692215,0.0,4.28765869140625,1.527099609375,1
2019-06-01,2019-06-06,5,29.0,82.0,central,monsoon,6,152,2019,normal,6.927398681640625,1012.708740234375,0.0,-0.29022216796875,-1.557708740234375,43.72094345092773,5851.431640625,-0.305572509765625,-0.865814208984375,0.0075201764702796,1.5845142555947689,0.9181551084668113,0.0,0.0,9.621908265536968,0.0007729977369308,4.712127685546875,0.2451171875,1
2019-06-01,2019-06-06,5,29.0,85.0,east,monsoon,6,152,2019,normal,-4.502288818359375,1020.0037231445312,0.0,1.01837158203125,-0.961029052734375,21.840185165405277,5850.15673828125,0.698333740234375,-0.551361083984375,0.0032558215316385,1.400234808626168,0.8897578646363046,0.005086263020833333,0.014386124291718497,7.48728746235978,0.0100433826446533,2.772125244140625,1.70123291015625,0
2019-06-01,2019-06-06,5,29.0,88.0,northeast,monsoon,6,152,2019,normal,3.677398681640625,1012.84375,0.0,0.08184814453125,1.229400634765625,34.63147735595703,5844.29345703125,-0.430572509765625,1.315826416015625,0.0054993405938148,1.2321221690746944,1.3844825182176892,0.10002983940972222,0.26712432713800904,6.674169557078011,0.0,2.217254638671875,0.19354248046875,0
2019-06-01,2019-06-06,5,29.0,91.0,northeast,monsoon,6,152,2019,normal,1.927398681640625,1016.353759765625,0.0,-0.15838623046875,0.175689697265625,45.03217697143555,5839.88330078125,-0.252838134765625,0.632232666015625,0.0068454518914222,0.2365440080141261,0.6809150214006041,0.16106499565972224,0.2690542863617265,6.159451659880325,0.0030118972063064,5.860321044921875,1.7685546875,1
2019-06-01,2019-06-06,5,29.0,94.0,northeast,monsoon,6,152,2019,normal,3.060211181640625,1017.6612548828124,0.0,0.14727783203125,-0.141693115234375,50.45438003540039,5842.58544921875,0.112396240234375,-0.102142333984375,0.0074658170342445,0.20437147235523592,0.15187485377967921,0.21701388888888892,0.260720252641345,6.32806942868079,0.3107115626335144,4.50799560546875,0.12329101562477263,1
2019-06-01,2019-06-06,5,32.0,70.0,north,monsoon,6,152,2019,normal,24.804351806640625,1002.5862426757812,0.0,2.33477783203125,1.185455322265625,28.781686782836918,5806.8701171875,-0.364166259765625,0.282623291015625,0.0064949765801429,2.618490375394273,0.46096961871276,0.0,0.0,1.8917404121629062,0.0,2.297943115234375,1.96722412109375,0
2019-06-01,2019-06-06,5,32.0,73.0,north,monsoon,6,152,2019,normal,27.657867431640625,998.7887573242188,0.0,1.41778564453125,-2.076263427734375,18.114059448242188,5807.78759765625,4.327239990234375,-3.758392333984375,0.0047278180718421,2.514157106305449,5.731537216945914,0.0,0.0,1.5125935958125227,0.0,0.76416015625,2.28741455078125,1
2019-06-01,2019-06-06,5,32.0,76.0,north,monsoon,6,152,2019,normal,27.280914306640625,999.5962524414062,0.0,-1.60858154296875,1.759674072265625,21.94381523132324,5818.80078125,-1.907135009765625,6.614654541015625,0.006171204149723,2.3841114531379635,6.884098970994851,0.0,0.0,10.205265144757421,0.0,0.792144775390625,2.39697265625,1
2019-06-01,2019-06-06,5,32.0,79.0,north,monsoon,6,152,2019,normal,-7.904632568359375,1023.7012329101562,0.0,1.81134033203125,0.308502197265625,18.66718101501465,5830.3486328125,1.143646240234375,0.204498291015625,0.0024938357528299,1.8374241220145113,1.1617858123727165,0.0,0.0,10.55254459987099,0.0,4.812347412109375,0.49615478515625,1
2019-06-01,2019-06-06,5,32.0,82.0,central,monsoon,6,152,2019,normal,-2.283538818359375,1019.501220703125,0.0,-1.61541748046875,0.799713134765625,16.00185203552246,5832.2353515625,-0.123931884765625,1.450592041015625,0.0022940409835428,1.8025300924313765,1.45587649940489,0.0,0.0,7.010307315561317,0.0,1.932373046875,3.92779541015625,1
2019-06-01,2019-06-06,5,32.0,85.0,east,monsoon,6,152,2019,normal,1.441070556640625,1013.8062744140624,0.0,2.78692626953125,2.750885009765625,16.893203735351562,5832.923828125,1.403411865234375,2.391998291015625,0.0026192439254373,3.915906838620729,2.77330501166069,0.0,0.0,2.870917032805941,0.0,0.59613037109375,2.4080200195311363,1
2019-06-01,2019-06-06,5,32.0,88.0,northeast,monsoon,6,152,2019,normal,-0.271820068359375,1014.5862426757812,0.0,-1.00018310546875,0.222564697265625,19.89647102355957,5827.162109375,-1.221588134765625,-0.076751708984375,0.0030331385787576,1.0246469093956474,1.2239968937183545,0.0,0.0,1.9702068696811976,0.0,1.4835205078125,2.16265869140625,0
2019-06-01,2019-06-06,5,32.0,91.0,northeast,monsoon,6,152,2019,normal,-1.373382568359375,1015.623779296875,0.0,-2.27947998046875,-0.425872802734375,34.24272918701172,5820.330078125,-1.100494384765625,-0.553314208984375,0.0049800649285316,2.318921435811624,1.2317647927931192,0.05425347222222222,0.10149895254920631,2.0302992084467584,0.0,1.868377685546875,0.99560546875,0
2019-06-01,2019-06-06,5,32.0,94.0,northeast,monsoon,6,152,2019,normal,-1.027679443359375,1019.1837768554688,0.244140625,-1.35272216796875,-0.491302490234375,42.107948303222656,5825.9638671875,-0.733306884765625,0.216217041015625,0.0059261098504066,1.4391787243510006,0.7645186695367341,0.10850694444444443,0.12131445190428547,1.4616889018140167,0.22075325250625621,0.0589599609375,1.96484375,0
2019-06-01,2019-06-07,6,8.0,70.0,south,monsoon,6,152,2019,normal,27.20199584960937,1008.530029296875,10.7574462890625,4.83270263671875,-4.788177490234375,82.31673431396484,5854.794921875,7.571441650390625,-8.567703247070312,0.0133524676784873,6.803062431944566,11.43382121581097,7.5242784288194455,3.9527132766634367,0.6136482668268646,8.438726902008057,0.20333862304687145,0.5091552734373863,1
2019-06-01,2019-06-07,6,8.0,73.0,south,monsoon,6,152,2019,normal,26.95785522460937,1008.0499877929688,9.185791015625,5.87957763671875,-4.334075927734375,85.47669219970703,5852.6025390625,7.165191650390625,-8.073562622070312,0.0136862536892294,7.304358105512751,10.794553478459328,7.2801378038194455,3.319926990964574,0.6577920248027448,4.061771392822266,0.03738403320312145,0.3399658203125,0
2019-06-01,2019-06-07,6,8.0,76.0,south,monsoon,6,152,2019,normal,27.45394897460937,1007.3975219726562,7.293701171875,4.80535888671875,-3.643646240234375,83.14671325683594,5857.4462890625,6.993316650390625,-7.776687622070312,0.0135980388149619,6.0305581793181435,10.458649441677082,5.233764648437501,3.461178628402179,0.8997097700006531,0.6513333320617676,0.27304077148437855,0.1951293945313637,0
2019-06-01,2019-06-07,6,8.0,79.0,south,monsoon,6,152,2019,normal,27.75082397460937,1006.385009765625,3.0670166015625,8.60809326171875,4.688385009765625,77.88541412353516,5856.681640625,8.196441650390625,-1.1282501220703125,0.0132447024807333,9.80205200977034,8.273729755449466,3.172132703993056,3.24847354735604,0.7650306399292985,1.088080883026123,0.22784423828124645,0.38348388671875,0
2019-06-01,2019-06-07,6,8.0,82.0,south,monsoon,6,152,2019,normal,29.14535522460937,1006.1325073242188,0.0,4.27117919921875,-0.310638427734375,70.72058868408203,5859.6640625,5.464019775390625,1.9264373779296875,0.0124512454494833,4.28246050590361,5.79367526505796,1.0494656032986116,1.2448524114157284,0.553042449792013,0.006234273314476,0.29724121093749645,0.200439453125,0
2019-06-01,2019-06-07,6,8.0,85.0,south,monsoon,6,152,2019,normal,28.68441772460937,1006.7274780273438,1.5869140625,7.19989013671875,7.716705322265625,77.40209197998047,5864.9921875,7.846832275390625,6.313156127929688,0.0132118007168173,10.553954662187182,10.07118250523384,0.8782280815972227,0.756575806705486,0.7477699655414024,6.466671943664551,0.8087158203124964,0.08355712890625,1
2019-06-01,2019-06-07,6,8.0,88.0,south,monsoon,6,152,2019,normal,27.38363647460937,1007.6799926757812,1.4801025390625,7.27313232421875,6.858306884765625,94.3234634399414,5862.8251953125,9.339019775390623,6.719406127929688,0.0147071620449423,9.996740825450024,11.505116647700543,2.2515190972222228,1.6363403958429037,0.6175078962998551,1.0313634872436523,0.13711547851562145,0.483154296875,0
2019-06-01,2019-06-07,6,8.0,91.0,south,monsoon,6,152,2019,normal,28.69808959960937,1007.7100219726562,5.157470703125,4.13153076171875,5.006744384765625,68.40768432617188,5870.880859375,8.227691650390625,4.723312377929688,0.0120249530300498,6.491304627685442,9.487074876557653,3.1602647569444446,1.955844316546215,0.7906411051111133,1.2953672409057617,1.5144958496093714,0.6158447265625,0
2019-06-01,2019-06-07,6,8.0,94.0,south,monsoon,6,152,2019,normal,27.21762084960937,1009.3400268554688,5.4473876953125,5.70477294921875,4.836822509765625,94.17594146728516,5863.48779296875,7.598785400390625,3.860031127929688,0.0145808001980185,7.479257074944906,8.522991251302317,3.919813368055556,2.0713701641014324,0.7840648826287441,3.3142919540405273,0.5703735351562536,0.31304931640625,0
2019-06-01,2019-06-07,6,11.0,70.0,south,monsoon,6,152,2019,normal,27.90707397460937,1007.6599731445312,3.0364990234375,4.76824951171875,-3.961029052734375,74.76342010498047,5860.09765625,4.700347900390625,-5.6223907470703125,0.0130458613857626,6.198867199949671,7.3283386996950695,4.218207465277778,4.404105313113098,0.7966589666248648,0.2908129692077641,0.8150024414062464,0.37677001953125,0
2019-06-01,2019-06-07,6,11.0,73.0,south,monsoon,6,152,2019,normal,29.02426147460937,1006.5750122070312,0.244140625,5.67742919921875,-3.496185302734375,80.07829284667969,5862.64697265625,1.729644775390625,-5.7063751220703125,0.0140734454616904,6.66757182062537,5.962750043630796,4.338582356770833,4.134315325651623,0.8130800548367465,3.269374370574951,2.5918884277343714,0.49114990234375,0
2019-06-01,2019-06-07,6,11.0,76.0,south,monsoon,6,152,2019,normal,24.13558959960937,1006.7874755859376,7.7667236328125,0.35418701171875,-0.070404052734375,81.22944641113281,5864.12548828125,5.946441650390625,-6.7903594970703125,0.0141320964321494,0.36111656000754466,9.02602627965116,4.896375868055555,5.229759077139598,1.051830894553079,7.033355534076691,3.1357116699218786,0.8359375,1
2019-06-01,2019-06-07,6,11.0,79.0,south,monsoon,6,152,2019,normal,27.90121459960937,1005.030029296875,0.0,3.09832763671875,0.632720947265625,68.10667419433594,5864.048828125,4.186676025390625,-1.3313751220703125,0.0134163638576865,3.1622729075087594,4.393269381366044,4.172431098090278,5.07809357302832,1.0858992886767216,0.0,1.8487243652343786,0.39373779296875,0
2019-06-01,2019-06-07,6,11.0,82.0,south,monsoon,6,152,2019,normal,29.29574584960937,1005.3275146484376,0.06103515625,6.19891357421875,5.669830322265625,72.45127868652344,5865.935546875,4.085113525390625,3.957687377929688,0.013290955685079,8.400803853436658,5.6878327943737395,2.6838514539930554,4.864182665538514,0.6039547261274004,0.1072902232408523,0.07012939453124645,0.018493652343636313,0
2019-06-01,2019-06-07,6,11.0,85.0,south,monsoon,6,152,2019,normal,29.34848022460937,1005.8474731445312,0.0762939453125,2.61102294921875,5.384674072265625,76.30148315429688,5866.87841796875,3.645660400390625,2.8131561279296875,0.0133147975429892,5.984325835537087,4.604854737674652,0.9256998697916666,1.1183534671853774,0.8510689939063855,0.3845095634460449,0.5899963378906214,0.37548828125,0
2019-06-01,2019-06-07,6,11.0,88.0,south,monsoon,6,152,2019,normal,28.46957397460937,1006.8350219726562,1.6326904296875,2.61590576171875,4.899322509765625,77.09970092773438,5869.9375,4.214019775390625,4.516281127929688,0.0131903430446982,5.553946705622002,6.176953771389026,1.3817681206597223,1.5394684149361444,0.9285706833851409,1.1016614437103271,0.25256347656249645,0.41741943359375,0
2019-06-01,2019-06-07,6,11.0,91.0,south,monsoon,6,152,2019,normal,27.45590209960937,1007.4500122070312,2.105712890625,0.82781982421875,3.172760009765625,71.08360290527344,5874.5009765625,4.458160400390625,4.793624877929688,0.0125690242275595,3.278977240076169,6.546299231315165,1.895480685763889,1.9354922056921677,0.9470632042488266,1.7317235469818115,1.4112548828125036,0.24530029296875,0
2019-06-01,2019-06-07,6,11.0,94.0,south,monsoon,6,152,2019,normal,28.10043334960937,1008.0750122070312,0.5340576171875,1.30535888671875,5.119049072265625,73.54058837890625,5877.6875,1.926910400390625,4.201828002929688,0.0126491328701376,5.282861462067614,4.62259042716718,2.241346571180556,2.2617056034538723,0.7626490155338063,1.2490265369415283,0.9282836914062464,1.37274169921875,0
2019-06-01,2019-06-07,6,14.0,70.0,south,monsoon,6,152,2019,normal,28.92660522460937,1006.927490234375,0.1983642578125,4.46356201171875,-2.620208740234375,71.9427261352539,5870.90625,1.897613525390625,-3.919265747070313,0.0127592822536826,5.17579749167791,4.354489762062147,0.8595784505208334,1.1707468253720843,0.44982228940363067,0.1436937600374222,0.5430603027343786,0.08001708984375,0
2019-06-01,2019-06-07,6,14.0,73.0,south,monsoon,6,152,2019,normal,29.20394897460937,1006.177490234375,0.54931640625,4.32196044921875,-5.085052490234375,69.13594818115234,5873.60888671875,3.305816650390625,-5.6555938720703125,0.0129867335781455,6.673612286689268,6.550890456403554,1.339382595486111,2.4460935924640426,0.6729091100104987,0.5427859723567963,0.12896728515624645,0.78314208984375,0
2019-06-01,2019-06-07,6,14.0,76.0,south,monsoon,6,152,2019,normal,22.75277709960937,1008.5875244140624,0.0152587890625,3.46453857421875,0.504791259765625,87.3604965209961,5874.73046875,8.196441650390625,-4.8177032470703125,0.0153933307155966,3.501120070518213,9.5074665555599,2.7262369791666665,5.249861224045844,1.403573580641039,0.0152587890625,0.6384887695312536,0.3643188476561363,0
2019-06-01,2019-06-07,6,14.0,79.0,south,monsoon,6,152,2019,normal,25.51840209960937,1005.739990234375,15.9454345703125,2.89031982421875,1.248931884765625,62.780879974365234,5875.0361328125,6.423004150390625,-5.8040313720703125,0.0141154071316123,3.148615495587882,8.65689104031647,3.0229356553819446,5.2059607488301225,1.6603947490940691,15.929503366351128,3.7415161132812536,0.08264160156261369,1
2019-06-01,2019-06-07,6,14.0,82.0,south,monsoon,6,152,2019,normal,27.58090209960937,1005.2849731445312,3.4027099609375,10.50360107421875,2.353424072265625,90.76921081542967,5856.0439453125,12.682769775390623,6.670578002929688,0.0156846772879362,10.76402528751436,14.330012563453366,2.180311414930556,4.978541936695344,1.020718959531964,3.385636955499649,2.4760131835937536,0.66632080078125,0
2019-06-01,2019-06-07,6,14.0,85.0,south,monsoon,6,152,2019,normal,29.75082397460937,1004.8125,0.0152587890625,4.55145263671875,9.306549072265623,46.97754669189453,5873.4814453125,4.200347900390625,5.098312377929688,0.0096708079800009,10.359902351797636,6.605733236156832,0.6052652994791673,1.1044337336531787,1.076652132272555,0.0184401869773864,0.027587890625,0.58782958984375,0
2019-06-01,2019-06-07,6,14.0,88.0,south,monsoon,6,152,2019,normal,29.59457397460937,1005.7324829101562,0.0762939453125,3.52606201171875,7.752838134765625,75.49874877929688,5874.90869140625,3.729644775390625,7.418624877929687,0.0136662265285849,8.517018988728521,8.303387575564315,0.5137125651041673,0.738191835796169,1.1161673937107193,0.6404686570167542,0.8284606933593714,0.2632446289061363,0
2019-06-01,2019-06-07,6,14.0,91.0,south,monsoon,6,152,2019,normal,29.33090209960937,1006.844970703125,0.30517578125,2.52899169921875,6.877838134765625,72.68328857421875,5875.75,3.354644775390625,5.395187377929688,0.0127917071804404,7.328059526419913,6.353084952369789,1.2885199652777783,1.903609767413103,1.1620564770279653,1.0173301696777344,1.8784790039062464,0.46612548828125,0
2019-06-01,2019-06-07,6,14.0,94.0,south,monsoon,6,152,2019,normal,29.00668334960937,1008.0349731445312,0.3204345703125,2.57684326171875,4.776275634765625,82.02687072753906,5876.61669921875,2.872222900390625,4.285812377929688,0.0136910220608115,5.427055383421207,5.159249182617919,1.8886990017361116,2.4283140496054805,0.7996494773737605,0.3897082209587097,0.9212341308593714,0.2484130859375,0
2019-06-01,2019-06-07,6,17.0,70.0,west,monsoon,6,152,2019,normal,29.66879272460937,1006.77001953125,0.2288818359375,4.75653076171875,-2.322357177734375,61.35380554199219,5883.958984375,3.339019775390625,-0.8919219970703125,0.0115633746609091,5.293196364027233,3.45609286757569,0.1593695746527778,0.16901570299725482,0.47747837636184665,0.2265069633722306,0.39743041992187145,0.40191650390625,0
2019-06-01,2019-06-07,6,17.0,73.0,west,monsoon,6,152,2019,normal,29.44418334960937,1006.8175048828124,0.0152587890625,3.16961669921875,-3.733489990234375,18.752016067504883,5884.953125,0.915191650390625,-4.1653594970703125,0.0040579577907919,4.897490942017824,4.26471517182315,0.11359320746527779,0.17576863854566022,0.8814732720288305,0.0144187361001969,0.611328125,0.3307495117188637,0
2019-06-01,2019-06-07,6,17.0,76.0,central,monsoon,6,152,2019,normal,26.03793334960937,1006.64501953125,0.0,3.88153076171875,-0.829193115234375,61.18537902832031,5887.47705078125,5.276519775390625,-4.3079376220703125,0.013532712124288,3.969111018417226,6.811753628526001,1.8378363715277777,4.990664038266628,2.226136568571257,0.0,2.875,1.12152099609375,0
2019-06-01,2019-06-07,6,17.0,79.0,central,monsoon,6,152,2019,normal,30.03598022460937,1003.135009765625,0.0,3.96258544921875,2.584869384765625,38.16378021240234,5886.30419921875,5.444488525390625,-3.0833282470703125,0.0102854510769248,4.731134449437977,6.256945611262085,2.153184678819444,4.990100711806464,2.281853916815432,0.0,1.2565307617187464,1.41326904296875,0
2019-06-01,2019-06-07,6,17.0,82.0,central,monsoon,6,152,2019,normal,30.27230834960937,1002.9774780273438,0.0152587890625,-0.55108642578125,2.515533447265625,68.11803436279297,5877.56005859375,9.364410400390623,1.9791717529296875,0.0144525310024619,2.5751902401555564,9.571274887628025,2.1650526258680554,4.985090183316681,1.5405774387596705,0.004187226295471101,1.54052734375,1.0501708984375,0
2019-06-01,2019-06-07,6,17.0,85.0,east,monsoon,6,152,2019,normal,30.33090209960937,1003.85498046875,0.1068115234375,6.17840576171875,9.193267822265623,62.29347610473633,5879.166015625,8.393707275390625,5.137374877929688,0.0133171817287802,11.076500846763114,9.84108441490716,0.4170735677083333,1.0562051050625723,1.2292969262103703,0.0048056244850158,0.6248168945312464,0.6405029296876137,0
2019-06-01,2019-06-07,6,17.0,88.0,east,monsoon,6,152,2019,normal,29.93832397460937,1004.5625,0.06103515625,5.02606201171875,8.559478759765625,42.2709846496582,5875.4443359375,5.985504150390625,7.838546752929687,0.0090261241421103,9.926025185567545,9.86250856183192,1.5784369574652777,4.152690718290045,1.3714827730024293,0.3429092466831207,0.9949035644531214,0.75274658203125,0
2019-06-01,2019-06-07,6,17.0,91.0,east,monsoon,6,152,2019,normal,29.87191772460937,1005.489990234375,0.244140625,3.13641357421875,8.481353759765625,70.75775909423828,5872.0283203125,4.399566650390625,7.701828002929687,0.0132265826687216,9.042701571258124,8.86985576534034,2.8228759765625,4.318569786113588,1.6867691178893862,0.5403794050216675,0.8217163085937464,0.5189208984373863,0
2019-06-01,2019-06-07,6,17.0,94.0,east,monsoon,6,152,2019,normal,27.68832397460937,1007.6624755859376,6.317138671875,0.57489013671875,4.669830322265625,78.97383880615234,5880.26220703125,3.907379150390625,5.037765502929688,0.0134263774380087,4.705083836452649,6.375475910660771,4.057142469618056,4.127980763374073,1.2467395590111274,3.7944893836975098,0.31979370117187145,0.2762451171873863,0
2019-06-01,2019-06-07,6,20.0,70.0,west,monsoon,6,152,2019,normal,29.47348022460937,1005.7949829101562,0.0,7.47528076171875,-0.553802490234375,15.883880615234377,5895.32861328125,4.620269775390625,-0.4641876220703125,0.0039339801296591,7.49576678297239,4.643529147735742,0.05425347222222222,0.09354054242712213,0.9437550564315279,0.0297371298074722,0.5491333007812464,0.497314453125,0
2019-06-01,2019-06-07,6,20.0,73.0,west,monsoon,6,152,2019,normal,27.27621459960937,1007.1174926757812,0.0152587890625,0.61883544921875,2.263580322265625,32.47917175292969,5895.53271484375,4.098785400390625,-0.5637969970703125,0.0076566478237509,2.3466472228602924,4.137379461973586,0.028822157118055552,0.07100555959530953,0.8737834513704841,0.0152587890625,1.9246215820312536,0.94732666015625,0
2019-06-01,2019-06-07,6,20.0,76.0,central,monsoon,6,152,2019,normal,29.89340209960937,1005.2525024414062,0.0,3.28387451171875,-1.833099365234375,44.23281097412109,5895.9404296875,6.092926025390625,-5.2512969970703125,0.0114413043484091,3.7608622803206617,8.043622797118353,0.003390842013888886,0.0063436845343253345,2.127895770791766,0.0,1.4676513671875036,0.118408203125,0
2019-06-01,2019-06-07,6,20.0,79.0,central,monsoon,6,152,2019,normal,36.069183349609375,1000.6749877929688,0.0,3.41180419921875,-2.059661865234375,28.07821655273437,5889.5927734375,5.417144775390625,-10.911453247070312,0.0085974475368857,3.9852998498114847,12.18217014659306,0.0016954210069444415,0.004795374763906087,1.8050477719236653,0.0,1.340972900390625,1.5533447265625,0
2019-06-01,2019-06-07,6,20.0,82.0,central,monsoon,6,152,2019,normal,29.77621459960937,1002.4924926757812,0.0,3.74481201171875,4.565338134765625,30.84939193725586,5883.16845703125,8.415191650390625,5.912765502929688,0.0093284389004111,5.904737867836159,10.284757965331,0.013563368055555552,0.03330973765799373,1.0448666635414852,0.0286083668470382,1.5325317382812464,2.79345703125,0
2019-06-01,2019-06-07,6,20.0,85.0,east,monsoon,6,152,2019,normal,28.51254272460937,1002.1124877929688,0.0,0.38543701171875,2.183502197265625,49.292579650878906,5880.8232421875,2.901519775390625,1.9557342529296875,0.013215615414083,2.217260367089642,3.4991018097599427,0.028822157118055552,0.03903152273634621,0.8540863818049089,12.87330150604248,0.15255737304687145,0.27862548828125,1
2019-06-01,2019-06-07,6,20.0,88.0,east,monsoon,6,152,2019,monsoon_depression,29.67660522460937,1002.8800048828124,0.0762939453125,6.72137451171875,8.330963134765625,71.46702575683594,5865.68017578125,10.208160400390623,6.106124877929688,0.0144034167751669,10.704289891422334,11.895011550434708,6.412082248263889,13.88309775258144,0.9740490156530512,64.29964447021484,1.4424438476562464,0.7645263671873863,1
2019-06-01,2019-06-07,6,20.0,91.0,east,monsoon,6,152,2019,normal,28.75863647460937,1004.2025146484376,13.3209228515625,2.50360107421875,8.271392822265625,74.5964126586914,5864.048828125,7.606597900390625,10.670578002929688,0.0137525340542197,8.641988055942717,13.104257572820902,7.719251844618056,13.461923796493847,1.9284411051777741,7.784027576446533,1.3996276855468714,0.8605346679686363,1
2019-06-01,2019-06-07,6,20.0,94.0,east,monsoon,6,152,2019,normal,24.42465209960937,1007.6500244140624,4.6844482421875,-1.53643798828125,1.993072509765625,91.11013793945312,5876.33642578125,3.196441650390625,7.029953002929688,0.0150004168972373,2.5165412217997107,7.72253057279491,9.023030598958334,12.897689967241968,1.6044886407476313,2.136610507965088,0.30886840820312145,0.8709106445313637,0
2019-06-01,2019-06-07,6,23.0,70.0,west,monsoon,6,152,2019,normal,27.95199584960937,1004.6174926757812,0.0,5.35125732421875,1.656158447265625,15.017816543579102,5891.22412109375,7.087066650390625,-1.9895782470703125,0.0039473315700888,5.601679725979887,7.3610417271127035,0.0016954210069444443,0.004795374763906166,1.8854542704867863,0.0,1.4452209472656286,0.19677734375,0
2019-06-01,2019-06-07,6,23.0,73.0,west,monsoon,6,152,2019,normal,28.35238647460937,1004.967529296875,0.0,2.26727294921875,-0.166107177734375,44.35991287231445,5896.75634765625,6.196441650390625,2.6295623779296875,0.0107231875881552,2.2733495597364626,6.731306517023194,0.0016954210069444443,0.004795374763906166,1.6934455865242055,0.0,3.1001892089843786,0.87237548828125,1
2019-06-01,2019-06-07,6,23.0,76.0,central,monsoon,6,152,2019,normal,28.37582397460937,1005.35498046875,0.0,4.82098388671875,-1.793060302734375,29.826011657714844,5896.83251953125,5.747222900390625,-6.0559844970703125,0.0079804202541708,5.143632071332835,8.348983129431415,0.0016954210069444443,0.004795374763906166,2.179266990461035,0.0,3.8623046875000036,1.02960205078125,1
2019-06-01,2019-06-07,6,23.0,79.0,central,monsoon,6,152,2019,normal,31.25277709960937,1002.0175170898438,0.0,2.01629638671875,0.859283447265625,25.67995834350586,5894.9970703125,2.012847900390625,-9.177078247070312,0.0077887317165732,2.1917616571698173,9.395228673265919,0.0,0.0,1.6661934424045708,0.0,3.3553161621093786,0.58984375,1
2019-06-01,2019-06-07,6,23.0,82.0,central,monsoon,6,152,2019,normal,28.03207397460937,1002.33251953125,0.0,-0.91339111328125,1.912994384765625,34.4754753112793,5887.75732421875,-1.285980224609375,1.7115936279296875,0.0098486682400107,2.1198657603645503,2.1408638175409216,0.0,0.0,1.1769393734337479,0.0,1.7445678710937536,1.7113037109376137,0
2019-06-01,2019-06-07,6,23.0,85.0,east,monsoon,6,152,2019,normal,25.67465209960937,1004.4724731445312,0.0,-1.97686767578125,1.137603759765625,61.5397834777832,5882.70947265625,2.573394775390625,-2.4075469970703125,0.0141893168911337,2.2808218084238074,3.5240095364669553,0.010172526041666666,0.02385668823152379,0.9279721794775204,0.0,0.9865112304687536,0.86767578125,0
2019-06-01,2019-06-07,6,23.0,88.0,east,monsoon,6,152,2019,normal,25.62973022460937,1002.9224853515624,0.0,-1.10577392578125,-1.440521240234375,81.49293518066406,5865.88427734375,4.106597900390625,-2.0950469970703125,0.0144696971401572,1.815994883942149,4.610137550597164,7.154676649305556,13.71959359837506,0.9495771318018031,1.833140850067139,2.4595336914062536,1.0451049804688637,0
2019-06-01,2019-06-07,6,23.0,91.0,east,monsoon,6,152,2019,normal,25.38558959960937,1003.657470703125,43.8995361328125,-3.24053955078125,2.500885009765625,99.20140075683594,5847.7841796875,2.112457275390625,13.006515502929688,0.0167480241507291,4.093351000372183,13.17694658364756,7.863362630208333,13.423184866783775,1.7970234555940876,41.849175453186035,0.7855834960937536,1.81610107421875,1
2019-06-01,2019-06-07,6,23.0,94.0,east,monsoon,6,152,2019,normal,23.50277709960937,1007.8400268554688,0.8697509765625,0.36688232421875,-0.111419677734375,98.2709732055664,5869.1220703125,-1.024261474609375,2.1178436279296875,0.0158186685293912,0.38342793900625444,2.3525248565597243,8.561876085069445,13.08837982583727,1.5131723942285267,4.869500160217285,0.04095458984374645,0.8011474609375,1
2019-06-01,2019-06-07,6,26.0,70.0,west,monsoon,6,152,2019,normal,27.98129272460937,1001.3375244140624,0.0,2.28875732421875,5.704010009765625,10.850652694702148,5878.73291015625,7.346832275390625,5.902999877929688,0.0032377978786826,6.146067057938061,9.424508053026392,0.0,0.0,2.0897924674005512,0.0,0.9869384765625036,0.9905395507813637,0
2019-06-01,2019-06-07,6,26.0,73.0,west,monsoon,6,152,2019,normal,30.63363647460937,1003.1224975585938,0.0,3.59930419921875,2.210845947265625,40.26323699951172,5885.61572265625,6.655426025390625,4.299484252929688,0.0100999614223837,4.224077475740065,7.923399549476046,0.0,0.0,2.000415664627687,0.0,2.6512451171875036,0.56707763671875,0
2019-06-01,2019-06-07,6,26.0,76.0,central,monsoon,6,152,2019,normal,31.11215209960937,1002.532470703125,0.0,1.94891357421875,-1.215911865234375,28.28702735900879,5889.51611328125,4.317535400390625,-2.8645782470703125,0.0079804202541708,2.297108134980119,5.1814013999317465,0.0,0.0,1.7077025576407106,0.0,1.0897521972656286,0.3558349609373863,0
2019-06-01,2019-06-07,6,26.0,79.0,central,monsoon,6,152,2019,normal,30.81137084960937,1000.3800048828124,0.0,0.84735107421875,0.085845947265625,27.72430419921875,5886.6357421875,1.352691650390625,-0.3040313720703125,0.0084024211391806,0.8516885402784296,1.3864378010713174,0.0,0.0,4.208753302497608,0.0,2.7556762695312536,2.6211547851563637,0
2019-06-01,2019-06-07,6,26.0,82.0,central,monsoon,6,152,2019,normal,31.83676147460937,1001.41748046875,0.0,-4.09698486328125,0.671783447265625,55.71072006225586,5883.93310546875,1.079254150390625,0.6080780029296875,0.0136705180630087,4.151695794488774,1.238768896438051,0.0,0.0,6.7120719162563915,0.0,2.1192321777343714,2.074951171875,0
2019-06-01,2019-06-07,6,26.0,85.0,east,monsoon,6,152,2019,normal,28.71176147460937,1003.1824951171876,0.0,-4.48760986328125,0.355377197265625,75.09200286865234,5878.55419921875,-3.610198974609375,3.2408905029296875,0.0145173808559775,4.501659164947467,4.851485121924052,0.0016954210069444443,0.004795374763906166,6.792203812298368,0.0008400529623031,0.5557861328125036,1.4405517578123863,0
2019-06-01,2019-06-07,6,26.0,88.0,northeast,monsoon,6,152,2019,normal,26.12387084960937,1004.2750244140624,0.0152587890625,-1.84014892578125,-1.384857177734375,98.72300720214844,5868.81591796875,-7.635589599609375,1.4596405029296875,0.0167094003409147,2.3030365763001477,7.773852258144329,5.683051215277778,13.689601304104233,6.7847859230817615,0.0013653188943862013,1.7117919921875036,0.9185180664063637,0
2019-06-01,2019-06-07,6,26.0,91.0,northeast,monsoon,6,152,2019,normal,24.73715209960937,1005.39501953125,7.080078125,-1.41241455078125,0.000885009765625,91.2192153930664,5865.90966796875,-2.340667724609375,0.8971405029296875,0.0153651973232626,1.4124148280519027,2.5067082955591307,5.8729383680555545,13.615078580999741,6.070371989526115,1.5952939987182617,2.0346069335937536,0.9775390625,0
2019-06-01,2019-06-07,6,26.0,94.0,northeast,monsoon,6,152,2019,normal,24.32113647460937,1006.4324951171876,0.823974609375,-1.23370361328125,-0.835052490234375,87.86094665527344,5870.5751953125,-3.350433349609375,-0.6966094970703125,0.0152183314785361,1.4897440272979259,3.422085390749806,6.061130099826388,13.538240681331471,6.004048350047627,0.4762839674949646,2.1283874511718786,0.9782714843747726,0
2019-06-01,2019-06-07,6,29.0,70.0,north,monsoon,6,152,2019,normal,32.537933349609375,999.5050048828124,0.0,-0.22491455078125,-0.961029052734375,12.735116004943848,5861.47412109375,1.645660400390625,1.1666717529296875,0.0036583682522177,0.9869971607622089,2.0172558421027964,0.0,0.0,1.9045735024083827,0.0,1.365631103515625,2.4534912109376137,0
2019-06-01,2019-06-07,6,29.0,73.0,north,monsoon,6,152,2019,normal,29.66098022460937,1000.4375,0.0,0.14813232421875,2.432525634765625,16.904508590698242,5863.69189453125,2.764801025390625,4.092453002929688,0.0048518916592001,2.437031831813109,4.938855767400915,0.0,0.0,1.4779055276298478,0.0,0.38830566406250355,2.07391357421875,0
2019-06-01,2019-06-07,6,29.0,76.0,north,monsoon,6,152,2019,normal,27.92855834960937,1000.969970703125,0.0,2.91180419921875,0.050689697265625,12.199386596679688,5868.00048828125,2.225738525390625,-0.6321563720703125,0.0035830279812216,2.912245377710612,2.3137704428393784,0.0,0.0,7.355216621758686,0.0,1.3294677734375036,2.65301513671875,0
2019-06-01,2019-06-07,6,29.0,79.0,north,monsoon,6,152,2019,normal,27.58676147460937,1001.8900146484376,0.0,-4.69757080078125,0.829010009765625,31.89964485168457,5865.39990234375,2.631988525390625,0.9791717529296876,0.0087900897487998,4.770160272427352,2.8082273625052716,0.0,0.0,9.304109061600613,0.0,0.5385437011718714,2.8958740234373863,0
2019-06-01,2019-06-07,6,29.0,82.0,central,monsoon,6,152,2019,normal,7.053558349609375,1014.83251953125,0.0,-0.09893798828125,-1.447357177734375,48.06647109985352,5863.38623046875,-0.237152099609375,-0.4778594970703125,0.0081716319546103,1.4507348225862493,0.5334705402263811,0.0,0.0,9.385267741482274,0.0204332172870636,0.5018310546875,1.0250244140623863,0
2019-06-01,2019-06-07,6,29.0,85.0,east,monsoon,6,152,2019,normal,-1.008941650390625,1020.8049926757812,0.0,0.90203857421875,0.193267822265625,13.054588317871094,5863.3603515625,0.622222900390625,-0.1145782470703125,0.0019393702968955,0.9225107264969294,0.6326843703397669,0.0016954210069444443,0.004795374763906166,7.2010933754732145,0.080157071352005,2.895416259765625,0.86126708984375,1
2019-06-01,2019-06-07,6,29.0,88.0,northeast,monsoon,6,152,2019,normal,4.188323974609375,1015.3775024414062,0.0,0.07684326171875,1.037994384765625,38.39542770385742,5861.52490234375,-0.553558349609375,1.6334686279296875,0.0059881946071982,1.0408348714741185,1.724716383888305,0.8053249782986112,2.2189608995871026,6.258178643523457,0.0,1.185089111328125,0.15631103515625,0
2019-06-01,2019-06-07,6,29.0,91.0,northeast,monsoon,6,152,2019,normal,3.295745849609375,1017.9500122070312,0.152587890625,0.50164794921875,1.025299072265625,47.24763107299805,5859.00146484375,-0.160980224609375,0.9186248779296876,0.0072079440578818,1.1414415677309675,0.932623342548651,0.9511311848958334,2.1835772029012417,6.000402388969519,0.1503620296716691,4.083465576171875,1.2066650390625,1
2019-06-01,2019-06-07,6,29.0,94.0,northeast,monsoon,6,152,2019,normal,3.114105224609375,1019.1275024414062,0.0152587890625,0.11590576171875,0.248931884765625,51.94529342651367,5864.9921875,0.087066650390625,-0.1145782470703125,0.0077844401821494,0.27459284195435624,0.14390544225966193,1.0952419704861112,2.138551665326056,6.2668996867419375,0.6152894496917725,4.1182861328125,0.734375,1
2019-06-01,2019-06-07,6,32.0,70.0,north,monsoon,6,152,2019,normal,27.89730834960937,1004.75,0.0,1.02410888671875,0.530181884765625,24.82011604309082,5840.97802734375,-3.174652099609375,-2.1262969970703125,0.005954816006124,1.1532093664161542,3.820936386974329,0.0,0.0,2.2771490569587858,0.0,0.21417236328124645,1.409912109375,0
2019-06-01,2019-06-07,6,32.0,73.0,north,monsoon,6,152,2019,normal,28.10043334960937,1000.9625244140624,0.0,-2.00616455078125,-1.784271240234375,17.682968139648438,5842.583984375,-0.414886474609375,-0.8782501220703125,0.0049310466274619,2.68483147767953,0.9713156354812345,0.0,0.0,1.7198668272233961,0.0,2.2858276367187464,2.6384277343752274,0
2019-06-01,2019-06-07,6,32.0,76.0,north,monsoon,6,152,2019,normal,25.48910522460937,1001.8474731445312,0.0,-2.80010986328125,1.005767822265625,13.49106502532959,5845.7958984375,4.085113525390625,-2.9602813720703125,0.0039034625515341,2.975262031947754,5.044939872501546,0.0,0.0,9.773525473242707,0.0,1.0491943359374964,3.3402099609375,1
2019-06-01,2019-06-07,6,32.0,79.0,north,monsoon,6,152,2019,normal,-5.038238525390625,1024.7550048828125,0.0,1.37664794921875,0.237213134765625,15.346231460571287,5847.962890625,0.663238525390625,0.1666717529296875,0.0020638247951865,1.3969358064684019,0.6838602304469719,0.0,0.0,10.317936441659928,0.050172209739685,1.00042724609375,2.800537109375,0
2019-06-01,2019-06-07,6,32.0,82.0,central,monsoon,6,152,2019,normal,-2.434722900390625,1022.0,0.0,-1.21124267578125,1.225494384765625,18.434459686279297,5848.37060546875,-0.162933349609375,1.8912811279296875,0.0026040812954306,1.7230627692355842,1.89828648556479,0.0,0.0,6.719961516281348,0.0,0.66693115234375,2.553955078125,0
2019-06-01,2019-06-07,6,32.0,85.0,east,monsoon,6,152,2019,normal,1.756683349609375,1016.2675170898438,0.0,3.08953857421875,2.331939697265625,21.12843894958496,5845.89794921875,1.731597900390625,2.0143280029296875,0.0032277842983603,3.8708127509954444,2.6563035579586765,0.0,0.0,3.1621878888970754,0.0,0.785736083984375,2.0596923828125,0
2019-06-01,2019-06-07,6,32.0,88.0,northeast,monsoon,6,152,2019,normal,2.059417724609375,1014.0125122070312,0.0,5.29168701171875,0.177642822265625,11.850828170776367,5840.13671875,3.053863525390625,0.2584686279296875,0.0018649837002158,5.294667921814871,3.064781960162111,0.016954210069444444,0.047953747639061656,2.002812158542594,0.0,2.410247802734375,3.159912109375,1
2019-06-01,2019-06-07,6,32.0,91.0,northeast,monsoon,6,152,2019,normal,-0.618316650390625,1017.4650268554688,0.0,-2.71026611328125,0.564361572265625,34.031436920166016,5835.29296875,-1.668792724609375,0.1744842529296875,0.0049567958340048,2.768401414002453,1.6778897199248861,0.12376573350694443,0.19239853920592662,2.4176319592425815,0.0534858554601669,1.675079345703125,0.0452880859375,0
2019-06-01,2019-06-07,6,32.0,94.0,northeast,monsoon,6,152,2019,normal,0.590667724609375,1020.7374877929688,0.4730224609375,-1.74444580078125,-0.857513427734375,45.05329513549805,5847.2744140625,-1.018402099609375,-0.1380157470703125,0.0064059039577841,1.943815945661547,1.0277116244006195,0.23057725694444442,0.2211728527338718,1.368910516896925,6.912428855895996,0.252716064453125,0.197509765625,1
2019-06-01,2019-06-08,7,8.0,70.0,south,monsoon,6,152,2019,normal,27.352752685546875,1008.5818481445312,5.3558349609375,8.167510986328125,-2.9680938720703125,82.19239044189453,5856.56005859375,6.069183349609375,-6.380630493164063,0.0132459606975317,8.690098788000741,8.80610197655414,5.547417534722221,1.1197200073720948,0.8705892604147082,2.512948513031006,0.66668701171875,0.94830322265625,0
2019-06-01,2019-06-08,7,8.0,73.0,south,monsoon,6,152,2019,normal,26.458221435546875,1007.701904296875,4.8065185546875,4.616729736328125,-1.5550079345703125,93.257080078125,5858.140625,5.473480224609375,-6.804458618164063,0.0146264042705297,4.871575015831429,8.732676729130484,5.622016059027778,2.47993908204701,0.8696561343365805,3.271860957145691,0.88323974609375,0.7581787109373863,0
2019-06-01,2019-06-08,7,8.0,76.0,south,monsoon,6,152,2019,normal,26.733612060546875,1007.4668579101562,9.063720703125,0.544464111328125,-3.813796997070313,88.74971771240234,5858.8544921875,4.635589599609375,-7.2907867431640625,0.0145229306071996,3.8524652760780156,8.63969109808351,4.601372612847222,2.905330346732726,0.7687217419210468,8.923251181840897,2.035308837890625,0.05023193359386369,1
2019-06-01,2019-06-08,7,8.0,79.0,south,monsoon,6,152,2019,normal,28.210174560546875,1006.81689453125,4.4708251953125,7.306182861328125,5.692062377929688,84.05974578857422,5861.3271484375,7.743011474609375,2.412338256835937,0.0140422787517309,9.261742930863898,8.110092635804273,4.406399197048611,3.2439257101409957,0.6111140720970747,4.173055291175842,0.475128173828125,0.71124267578125,0
2019-06-01,2019-06-08,7,8.0,82.0,south,monsoon,6,152,2019,normal,26.803924560546875,1007.2393798828124,5.67626953125,1.682159423828125,-0.2093048095703125,85.0073471069336,5860.97021484375,2.264495849609375,0.7599945068359375,0.0143259968608617,1.6951309183903862,2.388625777161187,2.6007758246527772,2.2651535297141834,0.6725478039435868,5.65432570874691,2.062225341796875,0.019165039062613687,1
2019-06-01,2019-06-08,7,8.0,85.0,south,monsoon,6,152,2019,normal,28.516815185546875,1007.7818603515624,1.03759765625,6.936065673828125,8.426437377929688,70.30481719970703,5864.84521484375,8.383636474609375,9.892807006835938,0.0124973263591527,10.913929352704614,12.96738181025387,2.3939344618055554,1.90506786981713,0.8389805090920003,2.278059720993042,0.901153564453125,0.5625,0
2019-06-01,2019-06-08,7,8.0,88.0,south,monsoon,6,152,2019,normal,28.397674560546875,1008.8869018554688,2.5482177734375,6.337432861328125,7.289718627929687,76.01579284667969,5869.28076171875,12.024261474609377,8.879135131835938,0.0125044789165258,9.659350544742988,14.947304261945646,2.4210611979166665,1.3734228753729067,0.8174449337747212,2.4542342871427536,0.55792236328125,0.9385986328125,0
2019-06-01,2019-06-08,7,8.0,91.0,south,monsoon,6,152,2019,normal,28.387908935546875,1009.2518920898438,4.5623779296875,4.732940673828125,6.374679565429688,71.20626068115234,5872.5693359375,10.010589599609377,4.5705413818359375,0.0116218533366918,7.939601185442721,11.004624148733212,4.547119140625,2.0777368876258,0.6587477747210141,3.0065159797668457,0.31329345703125,0.56268310546875,0
2019-06-01,2019-06-08,7,8.0,94.0,south,monsoon,6,152,2019,normal,27.714080810546875,1009.8643798828124,7.1563720703125,4.981964111328125,4.641281127929688,75.92998504638672,5873.9970703125,11.465667724609377,1.6017913818359375,0.0120901074260473,6.8089247987503665,11.577014813935111,6.169637044270833,1.5930318689659395,0.5022804429442806,1.755239486694336,0.110076904296875,0.18115234375,0
2019-06-01,2019-06-08,7,11.0,70.0,south,monsoon,6,152,2019,normal,28.483612060546875,1007.4618530273438,7.476806640625,5.192901611328125,-2.8948516845703125,77.56123352050781,5864.41162109375,2.491058349609375,-5.021255493164063,0.0134185757488012,5.94528329187044,5.605209936192298,4.162258572048612,2.4739196190584125,0.9705557293922894,2.8683876991271973,0.5606689453125036,1.5,0
2019-06-01,2019-06-08,7,11.0,73.0,south,monsoon,6,152,2019,normal,28.759002685546875,1005.766845703125,3.936767578125,2.671417236328125,-6.0022735595703125,81.15428924560547,5869.5615234375,0.139495849609375,-9.138442993164062,0.0147818531841039,6.569913084239993,9.139507614273736,3.7875705295138893,2.9688162839627212,0.9540870961539174,3.600969910621643,1.0655517578125036,0.28387451171875,0
2019-06-01,2019-06-08,7,11.0,76.0,south,monsoon,6,152,2019,normal,23.952362060546875,1006.31689453125,0.732421875,-0.408660888671875,1.6666717529296875,78.78627014160156,5872.2890625,0.424652099609375,-7.4958648681640625,0.0145129170268774,1.7160415070573916,7.507883824852306,3.004286024305556,2.7300058422976847,0.9094625301574598,0.7193535566329957,3.60107421875,0.34222412109375,1
2019-06-01,2019-06-08,7,11.0,79.0,south,monsoon,6,152,2019,normal,27.907440185546875,1005.56689453125,0.06103515625,2.560089111328125,1.3424530029296875,72.1001968383789,5867.369140625,2.705902099609375,2.150619506835937,0.0139311756938695,2.8907155382388914,3.4564534476618767,2.6719835069444446,2.9338122792831074,0.876545121453405,0.06103515625,1.46630859375,0.5281982421876137,0
2019-06-01,2019-06-08,7,11.0,82.0,south,monsoon,6,152,2019,normal,28.954315185546875,1006.224365234375,0.4425048828125,6.126495361328125,7.870773315429687,79.55608367919922,5863.2392578125,4.268402099609375,7.4377288818359375,0.0139507260173559,9.974117404324808,8.575492254305066,1.669989691840278,1.9612159447818867,0.8040208043200725,0.0476501882076264,0.6722412109374964,0.708251953125,0
2019-06-01,2019-06-08,7,11.0,85.0,south,monsoon,6,152,2019,normal,28.725799560546875,1006.704345703125,0.5340576171875,4.886260986328125,7.615890502929687,73.44168090820312,5869.68896484375,6.004730224609375,6.2892913818359375,0.0130609478801488,9.04860953843887,8.695514427333967,1.410590277777778,1.7217298753761627,1.097791287523646,4.721900463104248,0.67449951171875,0.32537841796875,1
2019-06-01,2019-06-08,7,11.0,88.0,south,monsoon,6,152,2019,normal,27.782440185546875,1007.6443481445312,2.044677734375,4.592315673828125,7.567062377929687,74.24414825439453,5868.1083984375,9.936370849609377,9.355697631835938,0.0128778424113988,8.851542028345476,13.647730354872474,1.5343560112847225,1.4971441097266045,1.1921746465132577,4.062662124633789,0.532379150390625,0.58013916015625,0
2019-06-01,2019-06-08,7,11.0,91.0,south,monsoon,6,152,2019,normal,28.188690185546875,1008.3518676757812,2.9144287109375,4.126495361328125,6.469406127929688,74.22664642333984,5875.52685546875,9.049652099609377,4.6916351318359375,0.0126737561076879,7.673407301528881,10.193509863351368,3.129747178819445,2.585437544137481,1.0491905651723799,2.175677537918091,0.609405517578125,1.475830078125,0
2019-06-01,2019-06-08,7,11.0,94.0,south,monsoon,6,152,2019,normal,28.264862060546875,1009.0318603515624,7.4310302734375,6.142120361328125,4.038742065429688,79.35336303710938,5878.20361328125,8.407073974609375,0.8791351318359375,0.0131510701030492,7.350991770102372,8.452914964352976,4.391140407986112,2.8367560149652533,0.8555857309502195,6.45874810218811,0.856048583984375,0.7462158203123863,1
2019-06-01,2019-06-08,7,14.0,70.0,south,monsoon,6,152,2019,normal,28.637908935546875,1006.6943969726562,1.15966796875,4.356964111328125,-3.869461059570313,84.72021484375,5875.32275390625,1.407073974609375,-4.843521118164063,0.0150851216167211,5.827166134488726,5.043763871566975,2.471923828125,2.8976525691650616,0.5489269178068593,0.7400065660476685,0.173797607421875,0.02191162109375,0
2019-06-01,2019-06-08,7,14.0,73.0,south,monsoon,6,152,2019,normal,29.907440185546875,1005.8943481445312,0.732421875,0.726104736328125,-6.9251251220703125,49.62156295776367,5880.0390625,0.399261474609375,-6.907974243164063,0.009758373722434,6.963087393135856,6.9195027183552265,1.6750759548611114,2.3397006465559116,0.7843900106182765,0.0668298602104187,1.51776123046875,0.30242919921875,0
2019-06-01,2019-06-08,7,14.0,76.0,south,monsoon,6,152,2019,normal,22.169158935546875,1008.2693481445312,0.823974609375,2.725128173828125,-0.4583282470703125,80.04493713378906,5881.89990234375,5.071136474609375,-5.913833618164063,0.015624901279807,2.763401589681521,7.790369260018491,0.9799533420138892,1.2665872954947217,1.1333022297369606,0.7772240787744523,2.84246826171875,0.1036376953125,0
2019-06-01,2019-06-08,7,14.0,79.0,south,monsoon,6,152,2019,normal,25.374237060546875,1006.0293579101562,2.410888671875,0.498565673828125,1.6998748779296875,66.34918212890625,5879.98779296875,4.543792724609375,-2.8923492431640625,0.0142868962138891,1.7714802656919897,5.386254400661448,0.5459255642361113,0.7214887949632041,1.2423868608360047,0.9045209884643557,2.002227783203125,0.580078125,0
2019-06-01,2019-06-08,7,14.0,82.0,south,monsoon,6,152,2019,normal,29.905487060546875,1005.4568481445312,0.3662109375,8.685089111328125,6.947921752929688,83.28606414794922,5868.36328125,7.237152099609375,6.1838226318359375,0.0151847805827856,11.1222475047332,9.519245393143656,0.44250488281250017,0.7210663612668456,0.9364911223992954,0.3100167959928513,0.024169921875,1.24346923828125,0
2019-06-01,2019-06-08,7,14.0,85.0,south,monsoon,6,152,2019,normal,29.817596435546875,1005.2993774414062,0.030517578125,4.393096923828125,9.683273315429688,51.38960266113281,5875.8837890625,3.629730224609375,6.1486663818359375,0.0104960408061742,10.633206604005247,7.14010082411742,0.4085964626736113,0.6069417769390191,1.0214185563594615,0.1444704830646515,0.255218505859375,0.35107421875,0
2019-06-01,2019-06-08,7,14.0,88.0,south,monsoon,6,152,2019,normal,29.637908935546875,1006.3118896484376,0.0152587890625,2.313018798828125,7.311203002929687,65.95423126220703,5877.158203125,3.409027099609375,6.5041351318359375,0.0120090451091527,7.66836001461723,7.343380664180061,0.6679958767361113,1.000476541119251,1.1230540787424335,1.21286141872406,1.098480224609375,0.798828125,0
2019-06-01,2019-06-08,7,14.0,91.0,south,monsoon,6,152,2019,normal,29.276580810546875,1007.2068481445312,0.1220703125,3.791534423828125,6.131515502929688,71.77738952636719,5880.93115234375,4.391448974609375,4.9064788818359375,0.0126084294170141,7.209106439063081,6.584706456213501,1.6665988498263893,2.248378846458767,1.0331811579760468,1.0720789432525637,1.666748046875,0.4453125,0
2019-06-01,2019-06-08,7,14.0,94.0,south,monsoon,6,152,2019,normal,28.801971435546875,1007.9893798828124,1.373291015625,1.857940673828125,3.769210815429688,72.66736602783203,5886.56494140625,2.955902099609375,3.515853881835937,0.0125593151897192,4.202248650260601,4.593319686337534,2.493964301215278,2.750432751730379,0.8391731362641351,3.016541004180908,1.409942626953125,0.004028320312613687,0
2019-06-01,2019-06-08,7,17.0,70.0,west,monsoon,6,152,2019,normal,29.716033935546875,1006.681884765625,0.091552734375,4.890167236328125,-2.8352813720703125,17.73816680908203,5893.16796875,0.955902099609375,-4.152114868164063,0.0039886441081762,5.652659202363607,4.260728423927849,0.3831651475694444,0.4643534985790563,0.3089481548945948,0.0401604920625687,0.066131591796875,0.2576904296873863,0
2019-06-01,2019-06-08,7,17.0,73.0,west,monsoon,6,152,2019,normal,29.446502685546875,1006.8768920898438,0.1220703125,1.562042236328125,-3.5071563720703125,39.33110427856445,5892.9638671875,-1.419097900390625,-1.0857086181640625,0.0088337864726781,3.839286622046649,1.7867853968646594,0.3306070963541667,0.4218839793564397,0.9618437536196687,0.0557061284780503,0.477264404296875,0.121337890625,0
2019-06-01,2019-06-08,7,17.0,76.0,central,monsoon,6,152,2019,normal,26.807830810546875,1005.7893676757812,0.0,4.269073486328125,1.0973358154296875,61.66265487670898,5893.77978515625,9.922698974609377,-5.855239868164063,0.0138901676982641,4.407849172044628,11.521449077891717,0.4543728298611111,0.7589883100108621,2.145851953947316,0.0,0.29290771484375,2.2613525390625,0
2019-06-01,2019-06-08,7,17.0,79.0,central,monsoon,6,152,2019,normal,31.012908935546875,1003.7093505859376,0.0,4.421417236328125,3.3434295654296875,43.822540283203125,5889.1142578125,6.561370849609375,-3.2595367431640625,0.0110568013042211,5.543234762905932,7.32640206418814,0.4085964626736111,0.7548870362968498,2.0148884959718596,0.7876176238059998,3.228057861328125,2.4362182617186363,1
2019-06-01,2019-06-08,7,17.0,82.0,central,monsoon,6,152,2019,normal,30.034393310546875,1004.1243896484376,0.0762939453125,2.496612548828125,4.196945190429688,66.59337615966797,5878.9169921875,6.424652099609375,7.6408538818359375,0.0133351292461156,4.883382347352802,9.982925555396196,0.3289116753472222,0.7441295315042388,1.5528246126105072,1.9982008934021,0.400054931640625,0.2709350585938637,0
2019-06-01,2019-06-08,7,17.0,85.0,east,monsoon,6,152,2019,normal,30.227752685546875,1004.5744018554688,0.06103515625,5.905792236328125,9.106124877929688,61.041259765625,5881.8232421875,6.453948974609375,5.6935882568359375,0.0128354039043188,10.853565876297223,8.60641647872339,0.23396809895833334,0.4373003186076799,0.9601275826550874,0.1953430473804474,0.688720703125,0.62762451171875,0
2019-06-01,2019-06-08,7,17.0,88.0,east,monsoon,6,152,2019,normal,29.913299560546875,1005.5543823242188,0.1068115234375,3.703643798828125,7.722335815429687,57.675819396972656,5878.71337890625,5.569183349609375,5.6545257568359375,0.0115479435771703,8.564545979493957,7.9365902449532655,1.8988715277777777,4.694315533542137,1.2283635214453301,7.457375526428223,2.595184326171875,0.378662109375,1
2019-06-01,2019-06-08,7,17.0,91.0,east,monsoon,6,152,2019,normal,29.485565185546875,1006.3643798828124,0.18310546875,3.191925048828125,7.963546752929687,78.66229248046875,5881.8232421875,4.651214599609375,6.5314788818359375,0.0140809025615453,8.579420866435763,8.018354796059365,2.3871527777777777,4.563243199087366,1.2920041785202734,1.0143425464630127,0.975311279296875,0.3106079101561363,0
2019-06-01,2019-06-08,7,17.0,94.0,east,monsoon,6,152,2019,normal,28.632049560546875,1007.286865234375,0.8087158203125,1.424346923828125,5.282882690429688,77.01427459716797,5890.23583984375,2.651214599609375,4.7658538818359375,0.0134471859782934,5.471527545417301,5.453650344144972,2.7143690321180554,4.450160100823098,0.7653190079023056,3.672884941101074,1.3917236328125036,0.426513671875,0
2019-06-01,2019-06-08,7,20.0,70.0,west,monsoon,6,152,2019,normal,29.180877685546875,1006.2293701171876,0.0457763671875,6.569854736328125,-2.6731719970703125,15.914528846740724,5902.09033203125,-0.020660400390625,-0.3122711181640625,0.0041026081889867,7.0928724634222755,0.3129538358667853,0.04408094618055555,0.045175891772712626,0.7079752231365168,0.0172983855009079,0.18054199218750355,0.4588012695313637,0
2019-06-01,2019-06-08,7,20.0,73.0,west,monsoon,6,152,2019,normal,27.100799560546875,1006.7619018554688,0.0,0.733917236328125,1.8404998779296875,39.21711730957031,5901.0703125,0.325042724609375,-3.7790679931640634,0.0093883480876684,1.9814323885610399,3.793020916074488,0.028822157118055552,0.044599563388284996,0.8513990871414425,0.0584013760089874,2.502410888671875,0.5635986328125,0
2019-06-01,2019-06-08,7,20.0,76.0,central,monsoon,6,152,2019,normal,30.350799560546875,1004.4893798828124,0.0,2.960479736328125,-3.3616485595703125,34.7671012878418,5899.8212890625,4.530120849609375,-5.769302368164063,0.0099305119365453,4.479410821444111,7.335314903081464,0.013563368055555552,0.03836299811124932,1.9742661813087532,0.0,1.2376708984375036,1.9017333984376137,0
2019-06-01,2019-06-08,7,20.0,79.0,central,monsoon,6,152,2019,normal,35.108612060546875,1000.4293823242188,0.0,1.149932861328125,0.6510467529296875,27.45429801940918,5892.708984375,3.741058349609375,-15.085708618164062,0.0082668270915746,1.3214414327024027,15.542654924025415,0.00847710503472222,0.02397687381953082,1.4741096867312369,0.0016819685697555,3.300018310546875,3.2764892578125,1
2019-06-01,2019-06-08,7,20.0,82.0,central,monsoon,6,152,2019,normal,29.391815185546875,1003.8768920898438,0.0,1.650909423828125,4.760421752929688,40.86056518554688,5887.45751953125,5.639495849609375,6.8537445068359375,0.0114816632121801,5.038563008581979,8.87568178805128,0.016954210069444444,0.028268317329462795,1.2714882384921264,0.0,2.13397216796875,0.8590698242186363,0
2019-06-01,2019-06-08,7,20.0,85.0,east,monsoon,6,152,2019,normal,28.497283935546875,1003.204345703125,0.0152587890625,0.480010986328125,2.7731170654296875,63.06572341918945,5883.07275390625,1.967620849609375,3.572494506835937,0.0155981983989477,2.8143540654247934,4.078510611631464,0.2577039930555556,0.45609030971572195,0.7575559682690176,0.0152587890625,0.428497314453125,0.19580078125,0
2019-06-01,2019-06-08,7,20.0,88.0,east,monsoon,6,152,2019,normal,29.821502685546875,1003.8193969726562,1.434326171875,6.718292236328125,7.614913940429687,70.9324951171875,5875.83251953125,8.139495849609375,4.5060882568359375,0.014058968052268,10.154918261259278,9.30355975227778,4.062228732638888,7.024671639151933,1.075915884251751,0.5218144655227659,1.960784912109375,0.4930419921875,0
2019-06-01,2019-06-08,7,20.0,91.0,east,monsoon,6,152,2019,normal,27.649627685546875,1006.1218872070312,15.1214599609375,5.169464111328125,5.295578002929688,91.4751205444336,5875.83251953125,7.440277099609375,8.871322631835938,0.0154432263225317,7.4004395533929115,11.578345674451779,4.421657986111111,6.853488982288326,1.660307635354293,14.498915553092957,0.9520263671874964,1.262451171875,1
2019-06-01,2019-06-08,7,20.0,94.0,east,monsoon,6,152,2019,normal,24.757049560546875,1008.3543701171876,2.3193359375,-0.594207763671875,1.4713592529296875,95.50054931640624,5882.91943359375,5.643402099609375,6.4377288818359375,0.0152219738811254,1.5868147080203596,8.561094580361795,4.548814561631944,6.79929481183484,1.2874444201129582,1.9848551750183105,0.737274169921875,0.28564453125,0
2019-06-01,2019-06-08,7,23.0,70.0,west,monsoon,6,152,2019,normal,27.651580810546875,1005.139404296875,0.0,4.647003173828125,1.0309295654296875,13.595863342285156,5896.685546875,8.403167724609375,-0.6560211181640625,0.0036462747957557,4.759984691828926,8.428736056811479,0.010172526041666666,0.019031053602976182,1.5814254309053004,0.0006463378667831,1.414886474609375,0.59326171875,0
2019-06-01,2019-06-08,7,23.0,73.0,west,monsoon,6,152,2019,normal,27.577362060546875,1005.1443481445312,0.0,1.913604736328125,0.5338592529296875,20.373388290405277,5900.38232421875,5.170745849609375,0.0041351318359375,0.0052617993205785,1.9866778271365684,5.170747503076115,0.005086263020833333,0.014386124291718497,1.4424565986609161,0.0,4.464599609375,1.310546875,1
2019-06-01,2019-06-08,7,23.0,76.0,central,monsoon,6,152,2019,normal,29.928924560546875,1004.8518676757812,0.0,4.032745361328125,-1.6731719970703125,23.827438354492188,5903.56884765625,6.192230224609375,-7.7439117431640625,0.0064867939800024,4.366066843406519,9.915234956393123,0.0,0.0,2.014693735451771,0.0,2.49420166015625,0.91558837890625,0
2019-06-01,2019-06-08,7,23.0,79.0,central,monsoon,6,152,2019,normal,30.032440185546875,1002.2818603515624,0.0,2.101104736328125,-0.5071563720703125,28.22964859008789,5900.7646484375,-5.434722900390625,0.2580413818359375,0.0083588566631078,2.161445974053481,5.44084537170191,0.0,0.0,1.5075013367430392,0.0,2.427642822265625,0.9812011718752274,0
2019-06-01,2019-06-08,7,23.0,82.0,central,monsoon,6,152,2019,normal,28.344940185546875,1003.0918579101562,0.0,-0.748504638671875,1.8590545654296875,36.86404037475586,5892.4794921875,-1.766754150390625,0.3010101318359375,0.0102700199931859,2.0040816029688706,1.7922129693176498,0.0016954210069444443,0.004795374763906166,1.4120021771300453,0.0,1.402191162109375,0.69378662109375,0
2019-06-01,2019-06-08,7,23.0,85.0,east,monsoon,6,152,2019,normal,25.317596435546875,1004.8618774414062,0.0,-1.022918701171875,-0.1360626220703125,71.07696533203125,5883.65869140625,3.641448974609375,1.4338226318359375,0.0155896153301,1.0319281497913526,3.913565889856539,0.23057725694444445,0.46790548275992444,0.8966681417631941,0.0,1.728240966796875,0.02349853515625,0
2019-06-01,2019-06-08,7,23.0,88.0,east,monsoon,6,152,2019,normal,25.930877685546875,1003.5493774414062,0.6256103515625,-0.576629638671875,-0.0081329345703125,94.71228790283205,5868.56689453125,2.350433349609375,-1.0407867431640625,0.0166739430278539,0.5766869903332155,2.5705590784306054,4.062228732638889,7.025260853576254,0.8611277087050195,0.624770298600197,2.30322265625,0.43963623046875,0
2019-06-01,2019-06-08,7,23.0,91.0,east,monsoon,6,152,2019,normal,24.866424560546875,1003.974365234375,19.012451171875,2.697784423828125,3.1481170654296875,95.7757568359375,5853.0673828125,10.823089599609377,9.685775756835938,0.0165914501994848,4.1459235225820645,14.524239067602938,4.670884874131945,6.755298146612928,1.6649249168113422,13.48734998703003,1.955780029296875,1.41217041015625,1
2019-06-01,2019-06-08,7,23.0,94.0,east,monsoon,6,152,2019,normal,23.530487060546875,1007.6143798828124,0.18310546875,-0.240692138671875,-1.0247344970703125,90.82130432128906,5877.4384765625,0.856292724609375,1.7346038818359375,0.015343090519309,1.0526221996064815,1.9344476878683616,5.052354600694445,6.576329378441539,1.4968497127538438,0.0854935497045517,0.21081542968750355,0.4573974609376137,0
2019-06-01,2019-06-08,7,26.0,70.0,west,monsoon,6,152,2019,normal,27.565643310546875,1002.329345703125,0.0,1.431182861328125,4.425460815429688,19.48208236694336,5883.81201171875,5.815277099609375,0.6017913818359375,0.0055221524089574,4.651127584947865,5.846332235897412,0.0,0.0,1.707956665837093,0.0,2.22039794921875,0.09338378906261369,0
2019-06-01,2019-06-08,7,26.0,73.0,west,monsoon,6,152,2019,normal,30.372283935546875,1003.369384765625,0.0,3.196807861328125,1.8512420654296875,31.530933380126957,5887.1513671875,6.260589599609375,1.9142913818359373,0.0082687344402074,3.694140994475668,6.54671624780763,0.0,0.0,1.7008405298341687,0.0,2.887115478515625,0.8924560546873863,0
2019-06-01,2019-06-08,7,26.0,76.0,central,monsoon,6,152,2019,normal,30.657440185546875,1002.576904296875,0.0,2.655792236328125,-1.2805938720703125,17.015119552612305,5894.34033203125,3.987152099609375,-2.2575836181640625,0.0049871411174535,2.948415348577059,4.581928159456692,0.0,0.0,1.6076338333929114,0.0,3.774658203125,0.07470703125,1
2019-06-01,2019-06-08,7,26.0,79.0,central,monsoon,6,152,2019,normal,28.973846435546875,1000.546875,0.0,1.451690673828125,0.7115936279296875,20.624385833740234,5893.85595703125,3.340667724609375,-2.4763336181640625,0.006244083866477,1.6167162100349246,4.158399816599685,0.0,0.0,4.20470619141744,0.0,5.10040283203125,2.43450927734375,1
2019-06-01,2019-06-08,7,26.0,82.0,central,monsoon,6,152,2019,normal,31.612518310546875,1001.6369018554688,0.0,-4.037567138671875,0.7428436279296875,47.91714477539063,5891.58740234375,2.473480224609375,-0.4587554931640625,0.0118936505168676,4.10533373245571,2.5156631380297814,0.0,0.0,6.525652141739509,0.0,0.306915283203125,0.894287109375,0
2019-06-01,2019-06-08,7,26.0,85.0,east,monsoon,6,152,2019,normal,28.669158935546875,1003.3968505859376,0.0,-4.013153076171875,0.5924530029296875,77.30076599121094,5881.59375,-5.227691650390625,2.728744506835937,0.0147661175578832,4.05664863815788,5.8970167521511385,0.06951226128472222,0.1966103653201528,6.5178522251542415,0.2171713858842849,1.490264892578125,0.294921875,0
2019-06-01,2019-06-08,7,26.0,88.0,northeast,monsoon,6,152,2019,normal,25.823455810546875,1004.701904296875,0.0,-1.323699951171875,-0.7903594970703125,88.65292358398438,5871.62646484375,-5.145660400390625,-1.6110992431640625,0.0154117550700902,1.5417035043553808,5.391981243241859,2.224392361111111,5.939112300134269,6.579510293499134,1.2891758680343628,1.165985107421875,0.75689697265625,0
2019-06-01,2019-06-08,7,26.0,91.0,northeast,monsoon,6,152,2019,normal,25.905487060546875,1004.40185546875,0.3509521484375,0.570831298828125,0.3561248779296875,83.630615234375,5864.00390625,-8.042144775390625,0.3674163818359375,0.0150422062724828,0.6728100031972168,8.05053336034229,2.577039930555556,5.8802543689705375,6.073244922997002,0.6299763917922974,1.540985107421875,1.534423828125,0
2019-06-01,2019-06-08,7,26.0,94.0,northeast,monsoon,6,152,2019,normal,24.188690185546875,1006.576904296875,2.99072265625,-0.434051513671875,0.3053436279296875,81.77659606933594,5872.314453125,-1.229644775390625,1.8264007568359373,0.0147594418376684,0.5306933649840644,2.2017642921567115,2.860175238715278,5.830264678279528,6.1973766701164115,2.84547358751297,1.92950439453125,0.79608154296875,0
2019-06-01,2019-06-08,7,29.0,70.0,north,monsoon,6,152,2019,normal,32.323455810546875,1001.264404296875,0.0,-2.260223388671875,-3.4085235595703125,19.00446319580078,5864.97265625,-2.794097900390625,-0.5622711181640625,0.0054029431194067,4.089821832653013,2.850110855263136,0.0,0.0,1.74308090081713,0.0,1.902496337890625,0.66888427734375,0
2019-06-01,2019-06-08,7,29.0,73.0,north,monsoon,6,152,2019,normal,30.520721435546875,1000.6643676757812,0.0,2.399932861328125,1.1569061279296875,16.165231704711914,5868.26123046875,1.112152099609375,2.226791381835937,0.0047973599284887,2.664227754476682,2.4890725483368987,0.0,0.0,1.444487251097586,0.0,0.28240966796875,1.27490234375,0
2019-06-01,2019-06-08,7,29.0,76.0,north,monsoon,6,152,2019,normal,29.124237060546875,1000.9368896484376,0.0,2.203643798828125,0.4430389404296875,16.40615463256836,5871.24365234375,2.096527099609375,-2.5759429931640625,0.0050314869731664,2.2477387514679523,3.3212811057523464,0.0,0.0,7.069404593178923,0.0,0.014190673828125,2.3518066406247726,0
2019-06-01,2019-06-08,7,29.0,79.0,north,monsoon,6,152,2019,normal,27.639862060546875,1001.9494018554688,0.0,-4.974090576171875,1.6051483154296875,14.82241439819336,5873.13037109375,3.575042724609375,-3.2497711181640625,0.004361530765891,5.226669893391835,4.831349998006326,0.0,0.0,8.797808336290311,0.0,2.093658447265625,2.0199584960936363,0
2019-06-01,2019-06-08,7,29.0,82.0,central,monsoon,6,152,2019,normal,7.999237060546875,1015.0693969726562,0.0,0.010284423828125,-1.6370391845703125,52.509063720703125,5876.138671875,-0.192535400390625,-0.6462554931640625,0.008849998936057,1.637071489334571,0.6743263622670435,0.0,0.0,8.794100904226754,0.2149026840925216,1.884002685546875,0.5880126953125,0
2019-06-01,2019-06-08,7,29.0,85.0,east,monsoon,6,152,2019,normal,-1.461700439453125,1020.3368530273438,0.0,0.826690673828125,-0.0052032470703125,19.224714279174805,5875.57763671875,0.311370849609375,-0.1833648681640625,0.002961536636576,0.8267070484606225,0.36135091097614247,0.0,0.0,6.61192450730982,0.1380089670419693,0.418975830078125,0.5014038085938637,0
2019-06-01,2019-06-08,7,29.0,88.0,northeast,monsoon,6,152,2019,normal,4.200408935546875,1015.33935546875,0.0,-0.299285888671875,0.5270233154296875,32.909786224365234,5872.72265625,-0.758941650390625,1.0178070068359375,0.0052389111369848,0.6060739378694763,1.2696155055220364,0.04238552517361111,0.10950897394446575,6.408001047153239,0.0014863908290863,1.464630126953125,0.8203125,0
2019-06-01,2019-06-08,7,29.0,91.0,northeast,monsoon,6,152,2019,normal,3.813690185546875,1017.8618774414062,0.030517578125,-0.104949951171875,0.9371795654296876,52.27901077270508,5871.62646484375,-0.243316650390625,1.0041351318359375,0.0081314053386449,0.9430376610241804,1.033194248602115,0.4408094618055555,0.9233898486985858,6.926902814789003,0.019323080778122,3.20880126953125,3.54620361328125,1
2019-06-01,2019-06-08,7,29.0,94.0,northeast,monsoon,6,152,2019,normal,3.598846435546875,1019.5643920898438,0.0,0.258331298828125,-0.4798126220703125,53.340576171875,5872.67138671875,0.116058349609375,-0.2693023681640625,0.0080384220927953,0.5449359707820861,0.29324615259679737,0.8392333984375,1.172954450702257,7.498668764477447,1.3371371030807495,2.706024169921875,2.9234008789061363,0
2019-06-01,2019-06-08,7,32.0,70.0,north,monsoon,6,152,2019,normal,25.733612060546875,1005.5744018554688,0.0,2.480010986328125,1.1598358154296875,23.301937103271484,5849.396484375,1.041839599609375,2.408432006835937,0.0058587994426488,2.737822786643001,2.6241140377022494,0.0,0.0,2.1961408719522804,0.0,0.740478515625,0.69085693359375,0
2019-06-01,2019-06-08,7,32.0,73.0,north,monsoon,6,152,2019,normal,30.290252685546875,1001.3318481445312,0.0,0.309112548828125,-2.5403594970703125,19.30449867248535,5851.30859375,2.776214599609375,-4.876724243164063,0.0053023304790258,2.559096899728174,5.61157792843941,0.0,0.0,1.815763400965083,0.0,2.4820556640625036,1.4990234375,0
2019-06-01,2019-06-08,7,32.0,76.0,north,monsoon,6,152,2019,normal,25.969940185546875,1001.6668701171876,0.0,-2.312957763671875,1.8024139404296875,14.749404907226562,5854.18896484375,3.137542724609375,-3.0700836181640625,0.0044354405254125,2.9323147220558154,4.389713859839678,0.0,0.0,9.399834226116296,0.0,0.670501708984375,3.0163574218747726,1
2019-06-01,2019-06-08,7,32.0,79.0,north,monsoon,6,152,2019,normal,-6.696075439453125,1023.9568481445312,0.0,1.947784423828125,0.1246795654296875,11.668651580810549,5854.240234375,1.012542724609375,0.1389007568359375,0.001611610641703,1.9517707743849422,1.0220255326600078,0.0,0.0,9.757719476027495,0.0014863908290863,1.05810546875,0.56219482421875,0
2019-06-01,2019-06-08,7,32.0,82.0,central,monsoon,6,152,2019,normal,-0.973419189453125,1019.8968505859376,0.0,-0.777801513671875,1.2770233154296875,15.336018562316896,5853.93408203125,0.241058349609375,1.7971038818359375,0.0022520029451698,1.4952470507649533,1.8131992416792455,0.0,0.0,6.438241477679092,0.0,1.506256103515625,1.1428833007813637,0
2019-06-01,2019-06-08,7,32.0,85.0,east,monsoon,6,152,2019,normal,2.382049560546875,1013.9918823242188,0.0,1.926300048828125,2.6334686279296875,11.907721519470217,5857.9111328125,0.526214599609375,1.8068695068359373,0.0019096338655799,3.2627885148144538,1.8819349668826493,0.0,0.0,2.7951998628825545,0.0,1.610076904296875,0.02105712890625,0
2019-06-01,2019-06-08,7,32.0,88.0,northeast,monsoon,6,152,2019,normal,1.852752685546875,1013.5443725585938,0.0,-2.441864013671875,-0.8352813720703125,8.507942199707031,5861.6328125,-1.639801025390625,-0.6618804931640625,0.001377006759867,2.580774076085193,1.7683419324619454,0.0033908420138888886,0.009590749527812331,2.8865772819060864,0.0,0.0938720703125,1.12322998046875,0
2019-06-01,2019-06-08,7,32.0,91.0,northeast,monsoon,6,152,2019,normal,0.032440185546875,1020.1768798828124,0.0,-2.374481201171875,0.4488983154296875,25.65554428100586,5863.67236328125,-1.288238525390625,-0.0056304931640625,0.0037559473421424,2.4165410553752737,1.2882508299061493,0.13563368055555555,0.24577172852065357,3.9379044245076633,0.0,3.46612548828125,6.895812988281136,1
2019-06-01,2019-06-08,7,32.0,94.0,northeast,monsoon,6,152,2019,normal,-1.860137939453125,1024.5919189453125,0.5950927734375,-1.786590576171875,-1.3450469970703125,39.18318557739258,5867.82763671875,-0.885894775390625,-0.2634429931640625,0.0054615940898656,2.2363043869728507,0.9242357727937424,0.26787651909722227,0.2928125098291393,2.623113676665255,0.48138387501239777,2.149810791015625,8.17083740234375,1
2019-06-01,2019-06-09,8,8.0,70.0,south,monsoon,6,152,2019,normal,27.06674194335937,1007.7793579101562,1.7242431640625,5.99871826171875,-2.4798736572265625,78.95404815673828,5849.6630859375,4.8862152099609375,-3.280014038085937,0.0121543249115347,6.491101149980969,5.8850311102061665,5.562676323784722,5.9582227508555565,0.7754724270840854,0.5900207757949829,0.41555786132812855,2.5416870117186363,1
2019-06-01,2019-06-09,8,8.0,73.0,south,monsoon,6,152,2019,normal,27.89291381835937,1007.0943603515624,16.41845703125,8.86004638671875,0.0220794677734375,81.438232421875,5845.60986328125,7.2358245849609375,-3.9948577880859375,0.0131671270355582,8.86007389798218,8.265352150474655,6.963094075520833,6.013778524240191,0.7952920497142647,13.54198169708252,0.47293090820312145,1.6491088867186363,1
2019-06-01,2019-06-09,8,8.0,76.0,south,monsoon,6,152,2019,normal,28.03744506835937,1006.171875,9.7808837890625,5.22039794921875,7.832626342773437,77.87628173828125,5851.6005859375,1.9174652099609373,1.7824859619140625,0.0130011877045035,9.412894888062636,2.618000961770496,7.295396592881944,5.932150424463815,0.8276786363868043,6.674120187759399,0.7381591796874964,0.74725341796875,0
2019-06-01,2019-06-09,8,8.0,79.0,south,monsoon,6,152,2019,normal,27.13705444335937,1007.516845703125,5.615234375,6.80926513671875,7.597274780273437,81.1068115234375,5852.5439453125,11.110824584960938,5.692642211914063,0.0129782995209097,10.202189754612105,12.484254014983764,4.426744249131944,3.4500421969147337,0.7733853441772891,4.366954803466797,1.2330932617187536,0.05700683593738631,0
2019-06-01,2019-06-09,8,8.0,82.0,south,monsoon,6,152,2019,normal,27.96517944335937,1006.5493774414062,3.692626953125,1.51531982421875,1.7330169677734375,80.05298614501953,5865.52001953125,2.601058959960937,3.1906890869140625,0.0139024099335074,2.302073408964402,4.116552509387627,3.757052951388888,2.7268990408114893,0.9474706370784731,3.6926288157701492,1.3064880371093786,0.4168701171875,0
2019-06-01,2019-06-09,8,8.0,85.0,south,monsoon,6,152,2019,normal,26.64291381835937,1007.8568725585938,7.1868896484375,8.45379638671875,8.789657592773438,85.49105072021484,5861.36474609375,13.134262084960938,12.507095336914062,0.013626798056066,12.195275886436466,18.136600405894704,3.375583224826388,2.4375119173525994,1.1501370063497287,6.26136177778244,2.8234558105468786,0.2818603515625,0
2019-06-01,2019-06-09,8,8.0,88.0,south,monsoon,6,152,2019,normal,26.59603881835937,1008.9293823242188,3.4942626953125,5.99481201171875,6.2066497802734375,87.74986267089844,5867.78857421875,8.054183959960938,8.403579711914062,0.0137860616669058,8.629036594592453,11.640018523842034,2.622816297743055,2.7295319913545213,0.8786297813673263,8.563926696777344,0.40338134765625355,0.91302490234375,1
2019-06-01,2019-06-09,8,8.0,91.0,south,monsoon,6,152,2019,normal,28.47299194335937,1008.6693725585938,0.244140625,3.44696044921875,5.7291107177734375,70.9429702758789,5872.78515625,6.5268402099609375,4.716079711914063,0.0116941770538687,6.686123387657814,8.052394114515904,2.1887885199652772,1.7454274865777457,0.6521315338320955,1.7644314765930176,0.9751281738281214,0.25537109375,0
2019-06-01,2019-06-09,8,8.0,94.0,south,monsoon,6,152,2019,normal,28.31869506835937,1009.1468505859376,2.716064453125,4.69012451171875,3.9351654052734375,74.9769515991211,5870.337890625,7.7455902099609375,0.8156890869140625,0.012284024618566,6.122319389111115,7.788421944601706,2.5346544053819438,1.905787453046741,0.4511497741659319,0.1849679946899414,0.7137451171874964,0.3294067382811363,0
2019-06-01,2019-06-09,8,11.0,70.0,south,monsoon,6,152,2019,normal,28.58041381835937,1006.359375,4.82177734375,6.18231201171875,-2.2601470947265625,75.44129943847656,5850.5810546875,2.923324584960937,-4.7175140380859375,0.0132105192169547,6.582495476644314,5.549843721094759,3.9452446831597228,4.6167755384636,0.9686132818723796,38.67401123046875,1.0202331542968714,3.12060546875,1
2019-06-01,2019-06-09,8,11.0,73.0,south,monsoon,6,152,2019,normal,28.59213256835937,1005.5243530273438,0.6866455078125,4.84149169921875,-4.3714752197265625,86.7426986694336,5852.18701171875,2.061996459960937,-7.4831390380859375,0.0148918470367789,6.523023644774519,7.762035768032582,4.248725043402778,5.133856868930596,0.9054431291363819,3.139875888824463,0.7983093261718714,2.044921875,0
2019-06-01,2019-06-09,8,11.0,76.0,south,monsoon,6,152,2019,normal,23.89291381835937,1005.6793823242188,1.312255859375,-0.17706298828125,0.7144622802734375,76.48374938964844,5856.52099609375,4.5912933349609375,-7.2565765380859375,0.0139543851837515,0.7360758464673366,8.587076192788556,4.240247938368056,5.237544341597776,0.9411271062791251,0.713936984539032,4.1326293945312536,1.18048095703125,1
2019-06-01,2019-06-09,8,11.0,79.0,south,monsoon,6,152,2019,normal,27.88314819335937,1005.244384765625,0.030517578125,1.24578857421875,2.496688842773437,80.54447174072266,5859.50341796875,5.2026214599609375,3.4231109619140625,0.0146076520904898,2.79024091240942,6.227757117391645,2.622816297743056,3.125163614146074,1.0169037780572099,0.03051944077014923,2.7047119140625036,0.27239990234375,0
2019-06-01,2019-06-09,8,11.0,82.0,south,monsoon,6,152,2019,normal,29.00814819335937,1005.4243774414062,0.3204345703125,7.05926513671875,8.381454467773438,76.71944427490234,5862.51171875,7.6713714599609375,7.7102203369140625,0.0137102445587515,10.95819343075546,10.87646255546657,2.256605360243056,2.549435185207596,1.2149638013823905,0.32043643295764923,0.6100769042968786,0.0296630859375,0
2019-06-01,2019-06-09,8,11.0,85.0,south,monsoon,6,152,2019,normal,28.30697631835937,1006.1593627929688,0.4730224609375,6.97625732421875,9.291610717773438,79.7101821899414,5861.568359375,6.4994964599609375,7.073501586914063,0.013664468191564,11.619044538358478,9.606137565802424,1.8344455295138893,2.3172243754405795,1.4674070911789798,0.6969515085220337,0.7913818359375036,0.45770263671875,0
2019-06-01,2019-06-09,8,11.0,88.0,south,monsoon,6,152,2019,normal,28.42611694335937,1007.0918579101562,0.8392333984375,5.92938232421875,7.724227905273437,81.12152099609375,5868.6044921875,11.188949584960938,8.964126586914062,0.0135524114593863,9.737621448760606,14.336950801373948,1.5479193793402783,2.2199205869443976,1.3166562884764705,1.827195167541504,0.35385131835937145,0.05413818359386369,0
2019-06-01,2019-06-09,8,11.0,91.0,south,monsoon,6,152,2019,normal,29.24057006835937,1007.7318725585938,0.4425048828125,5.61004638671875,6.0054779052734375,70.01132202148438,5869.93017578125,10.743637084960938,5.063735961914063,0.0117389997467398,8.218174087463927,11.877169684117916,2.036200629340278,1.837895804144537,1.1368820637512953,17.67750549316406,1.5655212402343714,0.5703125,1
2019-06-01,2019-06-09,8,11.0,94.0,south,monsoon,6,152,2019,normal,28.01986694335937,1008.4718627929688,5.5084228515625,7.09735107421875,3.7125091552734375,70.79291534423828,5871.91845703125,11.061996459960938,2.0520172119140625,0.0117294630035758,8.009688913978067,11.250712880443615,2.8923882378472228,1.91998326025566,0.861723104497377,7.7834596633911115,0.41683959960937145,0.7451171875,0
2019-06-01,2019-06-09,8,14.0,70.0,south,monsoon,6,152,2019,normal,27.16049194335937,1006.7468872070312,1.8463134765625,8.70770263671875,1.3023529052734375,82.01708984375,5862.86865234375,3.7241058349609375,-4.2936859130859375,0.0141961416229605,8.804556110298396,5.683722634877842,1.7530653211805554,1.7873484962310289,0.8533455257872045,1.6816947609186172,1.7781982421875036,2.0516357421875,0
2019-06-01,2019-06-09,8,14.0,73.0,south,monsoon,6,152,2019,normal,29.04330444335937,1004.5693969726562,1.617431640625,0.73992919921875,-3.8851470947265625,56.355995178222656,5872.0205078125,0.3256683349609375,-4.5143890380859375,0.0115120252594351,3.954979540720628,4.526120662508536,1.156277126736111,1.4697060908841388,0.9357535397409886,4.084439754486084,1.0430908203124964,0.56536865234375,0
2019-06-01,2019-06-09,8,14.0,76.0,south,monsoon,6,152,2019,normal,22.70541381835937,1006.8993530273438,0.030517578125,3.35614013671875,1.0884857177734375,69.120849609375,5869.72607421875,3.6752777099609375,-4.7546234130859375,0.0143067678436636,3.5282400393243236,6.009501647025374,1.0867648654513888,1.192070270841679,1.1520144636144822,0.022098422050476102,2.8103332519531286,0.5675048828125,0
2019-06-01,2019-06-09,8,14.0,79.0,south,monsoon,6,152,2019,normal,25.31869506835937,1005.1693725585938,2.6702880859375,0.99481201171875,1.3062591552734375,71.39854431152344,5869.24169921875,4.8705902099609375,1.7785797119140625,0.0146400770172476,1.6419390729852252,5.185170661125788,0.8985731336805555,1.2120564660068338,1.2416036076717896,2.6702899485826492,3.6122131347656286,0.0172119140625,1
2019-06-01,2019-06-09,8,14.0,82.0,south,monsoon,6,152,2019,normal,30.01400756835937,1003.90185546875,0.152587890625,5.35906982421875,9.221298217773438,47.17682647705078,5859.630859375,5.6772308349609375,6.419204711914063,0.0094868978485465,10.665456867943519,8.569547192640401,0.820583767361111,1.1998790448457286,1.1120172658636038,0.15258975327014923,0.05789184570312855,1.0399169921876137,0
2019-06-01,2019-06-09,8,14.0,85.0,south,monsoon,6,152,2019,normal,29.82650756835937,1004.806884765625,0.1678466796875,4.79656982421875,8.255477905273438,59.50309371948242,5864.78076171875,6.9057464599609375,8.950454711914062,0.0112545331940054,9.547774480111258,11.304865046487183,0.26448567708333326,0.24115538718932394,1.159947745655555,2.30408263206482,0.6560974121093714,0.89837646484375,0
2019-06-01,2019-06-09,8,14.0,88.0,south,monsoon,6,152,2019,normal,29.79135131835937,1005.5193481445312,0.18310546875,6.50164794921875,8.067977905273438,69.45599365234375,5868.45166015625,8.038558959960938,8.839126586914062,0.0124809583649039,10.361645310256511,11.94774409552947,0.44250488281249994,0.34571625707939446,1.2968795851061239,3.7283935546875,2.1201782226562464,1.0404663085936363,0
2019-06-01,2019-06-09,8,14.0,91.0,south,monsoon,6,152,2019,normal,28.44564819335937,1006.6468505859376,0.9002685546875,6.23602294921875,5.8951263427734375,78.91861724853516,5873.193359375,10.106918334960938,5.018814086914063,0.0134403547272086,8.58140412872184,11.28442701551907,1.7564561631944444,1.8229331919006857,1.2069440333906225,9.946832656860352,1.2476196289062464,1.3428955078126137,1
2019-06-01,2019-06-09,8,14.0,94.0,south,monsoon,6,152,2019,normal,28.84799194335937,1007.19189453125,3.997802734375,5.54559326171875,3.9839935302734375,74.8519058227539,5876.583984375,10.528793334960938,2.4387359619140625,0.0128910383209586,6.828309386201025,10.807540061561223,3.021240234375,1.821762809694306,0.9373847470244868,0.43619775772094727,0.5751953125,0.7000732421876137,0
2019-06-01,2019-06-09,8,17.0,70.0,west,monsoon,6,152,2019,normal,29.87338256835937,1005.1043701171876,0.0457763671875,5.47137451171875,-2.9310455322265625,18.0333309173584,5879.56640625,-1.0473785400390625,-2.084701538085937,0.0041367849335074,6.207009502125068,2.333019997563722,0.6052652994791666,0.826169454111611,0.8819463061180104,0.0374168157577515,0.65234375,0.61669921875,0
2019-06-01,2019-06-09,8,17.0,73.0,west,monsoon,6,152,2019,normal,29.30502319335937,1004.4818725585938,0.0457763671875,4.02606201171875,-3.6019439697265625,49.13029098510742,5880.45849609375,-0.1508941650390625,-0.9557952880859376,0.0112173398956656,5.402145470389924,0.9676330305286794,0.3984239366319444,0.7150296140300693,1.1391321163777521,0.284142792224884,0.43835449218749645,0.09014892578136369,0
2019-06-01,2019-06-09,8,17.0,76.0,central,monsoon,6,152,2019,normal,27.44369506835937,1004.2593994140624,0.0,3.77313232421875,0.9634857177734376,59.82048797607422,5879.20947265625,5.9994964599609375,-6.6550140380859375,0.0140206655487418,3.8942049592205317,8.960087589985084,0.8612738715277777,1.2714052452224063,2.052221466886023,0.072551891207695,2.2329406738281286,0.5474853515626137,0
2019-06-01,2019-06-09,8,17.0,79.0,central,monsoon,6,152,2019,normal,29.85775756835937,1002.4368896484376,3.387451171875,2.18426513671875,2.560165405273437,41.122859954833984,5876.8388671875,7.0541839599609375,-0.9811859130859376,0.010814412496984,3.365332240632993,7.122094996348228,0.713772243923611,1.2506784184594246,1.9846612695238721,3.3856388181447983,1.5401000976562536,0.14428710937477263,0
2019-06-01,2019-06-09,8,17.0,82.0,central,monsoon,6,152,2019,normal,29.87142944335937,1003.65185546875,0.18310546875,2.59930419921875,3.432235717773437,78.1037826538086,5864.958984375,9.452621459960938,8.841079711914062,0.0145261129364371,4.305418021799506,12.942825925497587,0.729031032986111,1.2430639058015556,1.6842618839932686,1.3274774551391602,0.08752441406250355,0.44976806640625,0
2019-06-01,2019-06-09,8,17.0,85.0,east,monsoon,6,152,2019,normal,30.15463256835937,1003.451904296875,0.0,6.97332763671875,9.249618530273438,58.53373336791992,5870.23583984375,6.9272308349609375,5.331314086914063,0.0122968992218375,11.58372743483734,8.741249163258187,0.09494357638888877,0.07638807729810262,1.0343887038071338,0.0169165432453155,0.30859375,0.417236328125,0
2019-06-01,2019-06-09,8,17.0,88.0,east,monsoon,6,152,2019,normal,29.95541381835937,1004.264404296875,0.06103515625,6.17938232421875,8.552352905273438,55.57868194580078,5869.5224609375,8.202621459960938,6.034439086914063,0.0110628446564078,10.551185057859906,10.183194680898914,1.9632975260416667,4.7398950313595964,1.4258971981200945,1.7497949600219729,2.0622863769531214,0.422119140625,0
2019-06-01,2019-06-09,8,17.0,91.0,east,monsoon,6,152,2019,normal,29.01400756835937,1005.5618896484376,0.91552734375,5.31512451171875,5.4576263427734375,80.94004821777344,5872.12255859375,7.7573089599609375,4.807876586914063,0.0143048604950308,7.618151604714102,9.126418770541195,3.058539496527778,4.556094370597914,1.3815333884390972,3.1477956771850586,0.5250854492187464,1.3742065429688637,0
2019-06-01,2019-06-09,8,17.0,94.0,east,monsoon,6,152,2019,normal,28.60385131835937,1006.33935546875,2.960205078125,3.50946044921875,3.9039154052734375,80.60494995117188,5878.087890625,6.3510589599609375,2.9973297119140625,0.0138022741302847,5.249463604613517,7.022815341073902,4.133436414930556,4.100805321469505,0.745699687162271,1.7139930725097656,0.38946533203124645,0.419677734375,0
2019-06-01,2019-06-09,8,20.0,70.0,west,monsoon,6,152,2019,normal,29.14486694335937,1004.4268798828124,0.0,5.85906982421875,-2.3001861572265625,14.627965927124023,5888.845703125,1.0659027099609375,-0.0475921630859375,0.0037863096222281,6.294406688717169,1.0669646672168993,0.0152587890625,0.021579186437577745,0.7762322674482731,0.002395361661911,0.5722045898437464,0.6857910156247726,0
2019-06-01,2019-06-09,8,20.0,73.0,west,monsoon,6,152,2019,normal,27.03353881835937,1004.8869018554688,0.0,1.14129638671875,1.2808685302734375,38.55034637451172,5887.92822265625,4.0287933349609375,-3.121810913085937,0.0093514760956168,1.7155703524432073,5.09675181982487,0.010172526041666666,0.019031053602976182,0.8287328624392967,1.862645149230957e-06,1.3366088867187536,0.5823974609375,0
2019-06-01,2019-06-09,8,20.0,76.0,central,monsoon,6,152,2019,normal,30.19955444335937,1003.076904296875,0.0,1.59051513671875,-1.4935455322265625,24.51823234558105,5886.806640625,4.5248870849609375,-10.658920288085938,0.0069525083526968,2.181837908041152,11.579602101947039,0.3814697265625,1.0628707743693846,1.8126336237744534,1.862645149230957e-06,0.5521240234374964,2.92303466796875,1
2019-06-01,2019-06-09,8,20.0,79.0,central,monsoon,6,152,2019,normal,34.740570068359375,999.1468505859376,0.0,-0.83624267578125,2.934188842773437,28.229219436645508,5883.74755859375,8.489730834960938,1.2981109619140625,0.008413060568273,3.051027036565541,8.588400416813831,0.396728515625,1.0589203840879804,1.575679599624208,1.862645149230957e-06,0.63824462890625,3.0557861328123863,1
2019-06-01,2019-06-09,8,20.0,82.0,central,monsoon,6,152,2019,normal,28.55892944335937,1003.1943969726562,0.0,3.13934326171875,4.7056732177734375,45.96846771240234,5874.62109375,7.3959808349609375,5.352798461914063,0.0123951276764273,5.656751412902032,9.129785533350663,0.396728515625,1.0589203840879804,1.4661473980117699,1.862645149230957e-06,0.7652893066406286,0.072265625,0
2019-06-01,2019-06-09,8,20.0,85.0,east,monsoon,6,152,2019,normal,28.49642944335937,1002.0093994140624,0.0,0.68035888671875,2.162704467773437,48.3105354309082,5872.9638671875,4.9252777099609375,0.5168609619140625,0.0124494871124625,2.267196248599658,4.952323270364,0.15767415364583334,0.3275806109233524,0.9137561921159879,1.862645149230957e-06,0.13464355468750355,0.6049194335938637,0
2019-06-01,2019-06-09,8,20.0,88.0,east,monsoon,6,152,2019,normal,29.88705444335937,1002.451904296875,0.1068115234375,6.38641357421875,8.501571655273438,71.58424377441406,5868.42626953125,10.718246459960938,4.923110961914063,0.014720662496984,10.633108621222405,11.794822114800358,5.089653862847222,9.463719479175255,1.2132772449143596,3.747420310974121,1.9024047851562464,0.680419921875,0
2019-06-01,2019-06-09,8,20.0,91.0,east,monsoon,6,152,2019,normal,27.56674194335937,1004.6468505859376,15.3350830078125,3.76434326171875,5.4293060302734375,84.64192199707031,5866.08056640625,9.237777709960938,6.848892211914063,0.0147082647308707,6.606636372800525,11.499733107732032,5.7966444227430545,9.15952073778932,1.6368237202644633,12.578105449676514,0.42764282226562855,0.7417602539063637,1
2019-06-01,2019-06-09,8,20.0,94.0,east,monsoon,6,152,2019,normal,24.68588256835937,1006.37939453125,3.0670166015625,0.11395263671875,1.3648529052734375,91.74870300292967,5874.79931640625,6.7162933349609375,4.257095336914063,0.0149500211700797,1.3696016415178898,7.951820978166961,6.366305881076388,8.880932108669366,1.107433662517911,3.0063148587942123,0.32473754882812145,0.6025390625,0
2019-06-01,2019-06-09,8,23.0,70.0,west,monsoon,6,152,2019,normal,27.67025756835937,1003.2093505859376,0.0,3.98406982421875,1.0914154052734375,13.636454582214355,5883.7216796875,5.6088714599609375,-1.7214202880859375,0.0037019094452261,4.130859468817428,5.867088448506483,0.0,0.0,1.5154153458248139,1.862645149230957e-06,1.6520080566406286,0.5828857421876137,0
2019-06-01,2019-06-09,8,23.0,73.0,west,monsoon,6,152,2019,normal,27.20932006835937,1003.1168823242188,0.0,2.25653076171875,0.3980560302734375,28.451068878173828,5886.1689453125,4.6713714599609375,-0.4304046630859375,0.007192357443273,2.2913706993457104,4.691157585388035,0.0,0.0,1.4693721555818986,1.862645149230957e-06,5.2438354492187536,0.90203857421875,1
2019-06-01,2019-06-09,8,23.0,76.0,central,monsoon,6,152,2019,normal,30.15072631835937,1002.7818603515624,0.0,4.04071044921875,-2.0999908447265625,25.051387786865234,5888.43798828125,8.228012084960938,-9.717514038085938,0.0065991720184683,4.553822842663181,12.733038205811702,0.0,0.0,1.9169512813340974,1.862645149230957e-06,2.3744812011718786,0.3225708007813637,0
2019-06-01,2019-06-09,8,23.0,79.0,central,monsoon,6,152,2019,normal,33.336273193359375,1000.2168579101562,0.0,3.74090576171875,-0.6351470947265625,21.231693267822266,5885.55712890625,-1.1450347900390625,-1.3347015380859375,0.0065371831879019,3.7944416914745354,1.7585598841577068,0.0,0.0,1.6044559883891396,1.862645149230957e-06,0.41949462890625,1.7381591796875,0
2019-06-01,2019-06-09,8,23.0,82.0,central,monsoon,6,152,2019,normal,27.77963256835937,1001.421875,0.0,-1.62042236328125,0.5826263427734375,28.93696403503418,5878.572265625,1.0834808349609375,1.2141265869140625,0.0085723241791129,1.721982023923462,1.6272781227495319,0.0,0.0,1.5263636299032046,1.862645149230957e-06,0.8125,0.934326171875,0
2019-06-01,2019-06-09,8,23.0,85.0,east,monsoon,6,152,2019,normal,25.41049194335937,1003.1343994140624,0.0,-0.46417236328125,0.4361419677734375,54.66402053833008,5871.306640625,4.5034027099609375,0.7121734619140625,0.0132391294464468,0.6369268395093638,4.559366952542664,0.13054741753472224,0.3331491493507467,1.083006429768102,1.862645149230957e-06,1.9335632324218786,0.7671508789063637,0
2019-06-01,2019-06-09,8,23.0,88.0,east,monsoon,6,152,2019,normal,25.52572631835937,1001.6568603515624,1.068115234375,-0.49835205078125,1.9576263427734373,77.9426498413086,5861.517578125,4.2299652099609375,0.7570953369140625,0.0152675947174429,2.0200632822855775,4.297185011918488,5.179511176215278,9.428669897179006,0.9917626217436979,1.0681170970201492,3.3467712402343786,0.9452514648438637,1
2019-06-01,2019-06-09,8,23.0,91.0,east,monsoon,6,152,2019,normal,25.10775756835937,1002.7893676757812,28.3203125,1.75262451171875,2.753524780273437,99.91032409667967,5845.2021484375,10.878402709960938,7.6555328369140625,0.0174853634089231,3.2639839758579186,13.302136239610348,5.5830213758680545,9.253136928154513,1.5691536016030931,28.173236176371574,2.2849731445312536,0.54705810546875,1
2019-06-01,2019-06-09,8,23.0,94.0,east,monsoon,6,152,2019,normal,24.12142944335937,1005.4443969726562,0.335693359375,-0.23370361328125,-0.6253814697265625,95.06368255615234,5862.970703125,1.6303558349609375,1.5129547119140625,0.0164749454706907,0.6676221697472812,2.2242059501975393,5.855984157986111,9.134199904322315,1.4466736840388386,0.5345847606658936,0.001708984375,0.8921508789061363,0
2019-06-01,2019-06-09,8,26.0,70.0,west,monsoon,6,152,2019,normal,27.67221069335937,1000.8568725585938,0.0,2.56024169921875,5.1334075927734375,26.76262855529785,5868.884765625,-2.8950347900390625,3.0715484619140625,0.0074713071808218,5.736437140940576,4.220857305029769,0.0,0.0,1.5376676110156684,1.862645149230957e-06,1.8194580078125036,0.084716796875,0
2019-06-01,2019-06-09,8,26.0,73.0,west,monsoon,6,152,2019,normal,30.85580444335937,1001.036865234375,0.0,3.89324951171875,1.5699310302734375,26.54480743408203,5872.91259765625,2.644027709960937,-1.9694671630859373,0.0073468526825308,4.197865552910634,3.2969202958996515,0.0,0.0,1.51571751049828,1.862645149230957e-06,3.5366516113281286,0.211669921875,1
2019-06-01,2019-06-09,8,26.0,76.0,central,monsoon,6,152,2019,normal,30.73666381835937,1000.4768676757812,0.0,2.74578857421875,-1.3324127197265625,19.991331100463867,5876.55810546875,1.0405120849609375,-4.8561859130859375,0.0060155233368277,3.051995830599932,4.966407858946349,0.0,0.0,1.4068315513377099,1.862645149230957e-06,4.2730102539062536,0.3442993164063637,1
2019-06-01,2019-06-09,8,26.0,79.0,central,monsoon,6,152,2019,normal,29.33432006835937,998.9668579101562,0.0,1.64227294921875,-1.3783111572265625,19.9985466003418,5876.8642578125,4.2748870849609375,0.6262359619140625,0.0061881383880972,2.14401541176151,4.320512824788309,0.0,0.0,4.243368778349589,1.862645149230957e-06,2.9046630859375036,1.308349609375,0
2019-06-01,2019-06-09,8,26.0,82.0,central,monsoon,6,152,2019,normal,31.33627319335937,999.50439453125,0.0,-2.76300048828125,0.2642669677734375,36.68928909301758,5876.4306640625,3.233871459960937,-2.047592163085937,0.0097930273041129,2.7756096138503685,3.8276047713786787,0.0,0.0,6.500551729840709,1.862645149230957e-06,0.55419921875,0.9766845703123863,0
2019-06-01,2019-06-09,8,26.0,85.0,east,monsoon,6,152,2019,normal,29.86947631835937,1000.8943481445312,0.0,-3.98858642578125,0.6070404052734375,79.12553405761719,5869.98095703125,-2.2446441650390625,1.1027984619140625,0.0156099637970328,4.034516046511773,2.5009182064281776,0.1186794704861111,0.33567623347343156,6.627078050379749,1.862645149230957e-06,1.1000366210937536,0.177978515625,0
2019-06-01,2019-06-09,8,26.0,88.0,northeast,monsoon,6,152,2019,normal,25.72299194335937,1002.1369018554688,0.0,-1.18096923828125,0.1168060302734375,82.03329467773438,5860.14111328125,-9.381362915039062,-0.5241546630859375,0.0145528158172965,1.186731642147809,9.395994266415075,3.4722222222222228,8.805724560094005,6.738319312312943,0.0396426767110824,2.0474853515625036,0.71807861328125,0
2019-06-01,2019-06-09,8,26.0,91.0,northeast,monsoon,6,152,2019,normal,25.62338256835937,1002.1243896484376,1.7852783203125,0.01434326171875,1.2017669677734375,86.49699401855469,5843.41748046875,-4.260269165039063,0.3430328369140625,0.0150482496246695,1.2018525591719207,4.274057192619671,3.5349527994791674,8.781774466182595,6.316876936157351,1.7804205417633057,2.3826904296875036,1.43701171875,0
2019-06-01,2019-06-09,8,26.0,94.0,northeast,monsoon,6,152,2019,normal,24.96127319335937,1003.6643676757812,0.2288818359375,-0.92901611328125,-0.2249908447265625,79.12380981445312,5858.8408203125,-3.8520660400390634,0.2863922119140625,0.0146677335724234,0.9558722817128722,3.862697668193469,3.4790039062500004,8.797929553026172,6.422754319581721,1.0276399850845337,1.8317565917968786,1.3919067382811363,0
2019-06-01,2019-06-09,8,29.0,70.0,north,monsoon,6,152,2019,normal,33.707366943359375,999.5393676757812,0.0,-0.21514892578125,-0.7611236572265625,18.886877059936523,5852.23828125,0.4936370849609375,0.5110015869140625,0.0056001981720328,0.7909477112014192,0.710492922890455,0.0,0.0,1.2454089962990456,1.862645149230957e-06,1.374908447265625,0.847900390625,0
2019-06-01,2019-06-09,8,29.0,73.0,north,monsoon,6,152,2019,normal,30.34799194335937,999.2619018554688,0.0,-1.71612548828125,1.9058685302734373,16.152196884155273,5854.2265625,-1.1450347900390625,-1.1608734130859375,0.0049898466095328,2.564648425460143,1.6305617901844731,0.0,0.0,1.03445732564621,1.862645149230957e-06,1.8579101562500036,0.2528686523436363,0
2019-06-01,2019-06-09,8,29.0,76.0,north,monsoon,6,152,2019,normal,28.51205444335937,999.3468627929688,0.0,1.63641357421875,0.3687591552734375,16.872154235839844,5857.1328125,-1.3090972900390625,-4.0905609130859375,0.0051748594269156,1.6774482705840332,4.294930069099388,0.0,0.0,7.1318303677894175,1.862645149230957e-06,3.4796447753906286,0.9074096679688637,1
2019-06-01,2019-06-09,8,29.0,79.0,north,monsoon,6,152,2019,normal,27.56869506835937,1000.016845703125,0.0,-4.48077392578125,1.1968841552734375,17.461835861206055,5858.20361328125,4.0229339599609375,-2.992904663085937,0.00517104472965,4.6378730744928465,5.014127637837767,0.0,0.0,9.041738348869798,1.862645149230957e-06,1.1130065917968786,0.88458251953125,0
2019-06-01,2019-06-09,8,29.0,82.0,central,monsoon,6,152,2019,normal,8.180023193359375,1013.3843994140624,0.0,-0.05889892578125,-1.9037017822265625,53.98765563964844,5861.69580078125,-0.3149566650390625,-0.5944671630859375,0.0091931661590933,1.9046127058041946,0.6727472845281286,0.0,0.0,9.076540514244272,0.0602416694164276,2.7638549804687482,1.2498779296873863,0
2019-06-01,2019-06-09,8,29.0,85.0,east,monsoon,6,152,2019,normal,-0.476226806640625,1018.1243896484376,0.0,1.11981201171875,-0.4456939697265625,16.682641983032227,5862.2060546875,0.5854339599609375,-0.3229827880859375,0.0025813421234488,1.2052477157166555,0.6686185780213635,0.0,0.0,7.02165306206017,0.1267828047275543,0.677032470703125,2.1994628906247726,0
2019-06-01,2019-06-09,8,29.0,88.0,northeast,monsoon,6,152,2019,normal,4.810882568359375,1013.9068603515624,0.0,-0.16632080078125,0.5201263427734375,35.493099212646484,5858.45849609375,-0.8208160400390625,1.3781890869140625,0.0056626638397574,0.5460714433289728,1.6041022819242,0.2068413628472222,0.5585685377829357,6.275831137701084,0.0011660158634185,0.3521728515625,2.5607910156247726,1
2019-06-01,2019-06-09,8,29.0,91.0,northeast,monsoon,6,152,2019,normal,3.435882568359375,1016.5693969726562,0.0762939453125,-0.84503173828125,0.1089935302734375,45.96624374389648,5858.71337890625,-0.8305816650390625,0.7883453369140625,0.007187589071691,0.8520318235512672,1.1451437781052685,0.23227267795138887,0.5537619795129495,5.903927549451868,0.0718962401151658,2.500152587890625,4.2552490234375,1
2019-06-01,2019-06-09,8,29.0,94.0,northeast,monsoon,6,152,2019,normal,3.648773193359375,1017.6568603515624,0.0,0.29071044921875,-0.4740142822265625,53.69869613647461,5860.65087890625,0.3256683349609375,-0.3620452880859375,0.0081932386383414,0.5560594438005083,0.4869667904708275,0.2577039930555555,0.5477338267182142,6.134772737019815,7.663617134094238,2.883056640625,4.329284667968636,1
2019-06-01,2019-06-09,8,32.0,70.0,north,monsoon,6,152,2019,normal,25.97885131835937,1002.724365234375,0.0,3.57098388671875,0.3589935302734375,16.8512020111084,5838.80322265625,3.089340209960937,1.3820953369140625,0.0047590574249625,3.588983459697625,3.384406957385752,0.0,0.0,1.5681915230124817,1.862645149230957e-06,2.2998046875,0.24267578125,0
2019-06-01,2019-06-09,8,32.0,73.0,north,monsoon,6,152,2019,normal,26.95932006835937,999.7843627929688,0.0,-1.12335205078125,-2.3890533447265625,12.062281608581545,5831.97119140625,2.104965209960937,-3.7858734130859375,0.0033747991546988,2.639980248779073,4.3317105206900495,0.0,0.0,1.287689828267939,1.862645149230957e-06,0.998046875,0.4298706054688637,0
2019-06-01,2019-06-09,8,32.0,76.0,north,monsoon,6,152,2019,normal,25.71517944335937,1000.0643920898438,0.0,-3.13214111328125,0.2886810302734375,14.912458419799805,5836.9169921875,5.2182464599609375,-4.5046234130859375,0.0045258840546011,3.145416457441914,6.893600525894785,0.0,0.0,9.450146355038473,1.862645149230957e-06,0.49761962890625355,1.7894287109375,0
2019-06-01,2019-06-09,8,32.0,79.0,north,monsoon,6,152,2019,normal,-6.193023681640625,1022.4818725585938,0.0,1.75946044921875,0.2291107177734375,14.660322189331056,5839.64453125,1.0151214599609375,0.0442047119140625,0.0020167669281363,1.7743147390932943,1.01608347837598,0.0,0.0,9.977408189338549,1.862645149230957e-06,4.013671875,2.38580322265625,1
2019-06-01,2019-06-09,8,32.0,82.0,central,monsoon,6,152,2019,normal,-1.794586181640625,1019.1218872070312,0.0,-0.91241455078125,1.0806732177734375,17.868566513061523,5842.37255859375,0.1537933349609375,1.7668609619140625,0.0026109060272574,1.4143390385936978,1.7735416681359064,0.0,0.0,6.516683041513233,1.862645149230957e-06,0.616455078125,2.406982421875,0
2019-06-01,2019-06-09,8,32.0,85.0,east,monsoon,6,152,2019,normal,2.855804443359375,1013.5068969726562,0.0,2.97918701171875,1.9742279052734373,18.7194766998291,5843.544921875,1.7729339599609375,1.7336578369140625,0.0029718717560172,3.5739517446034497,2.4796903681460547,0.0,0.0,3.064938992189718,1.862645149230957e-06,0.08172607421875,3.17242431640625,1
2019-06-01,2019-06-09,8,32.0,88.0,northeast,monsoon,6,152,2019,normal,3.564788818359375,1010.9243774414062,0.0,5.26922607421875,-0.6126861572265625,9.880428314208984,5840.8935546875,2.317855834960937,0.1184234619140625,0.0016300519928336,5.304726924968315,2.32087909809929,0.008477105034722222,0.023976873819530828,2.2050814035169966,1.862645149230957e-06,0.97576904296875,1.7857055664061363,0
2019-06-01,2019-06-09,8,32.0,91.0,northeast,monsoon,6,152,2019,normal,1.035491943359375,1013.2168579101562,0.0,-0.06085205078125,0.5328216552734375,20.2025203704834,5839.3388671875,-0.3833160400390625,0.6574859619140625,0.0031297048553824,0.5362852677564522,0.7610643709078019,0.008477105034722222,0.023976873819530828,2.157259613872287,1.862645149230957e-06,0.72601318359375,0.9044189453125,0
2019-06-01,2019-06-09,8,32.0,94.0,northeast,monsoon,6,152,2019,normal,1.693695068359375,1014.9393920898438,0.0,-1.81378173828125,-1.5394439697265625,21.02953720092773,5845.6865234375,-1.1118316650390625,-0.0085296630859375,0.0032131513580679,2.3790107040637776,1.111864383158258,0.008477105034722222,0.023976873819530828,1.560074396381725,3.735588788986206,1.29901123046875,2.77325439453125,1
2019-06-01,2019-06-10,9,8.0,70.0,south,monsoon,6,152,2019,normal,26.354461669921875,1007.0381469726562,7.415771484375,10.820770263671877,0.6483154296875,92.472412109375,5843.20263671875,15.322830200195312,0.432891845703125,0.0136331068351864,10.840174444884935,15.328943887107611,10.440402560763888,4.799609607593551,0.8318380734763764,6.777139365673065,1.325439453125,2.6461181640625,1
2019-06-01,2019-06-10,9,8.0,73.0,south,monsoon,6,152,2019,normal,26.739227294921875,1006.7406005859376,6.866455078125,10.884246826171877,3.5242919921875,83.5587158203125,5843.76318359375,17.541580200195312,4.825469970703125,0.0128725515678524,11.440605885145661,18.193190933919258,11.101616753472221,4.788781386213932,0.8383998772415019,5.781538724899292,1.94647216796875,1.6992797851563637,0
2019-06-01,2019-06-10,9,8.0,76.0,south,monsoon,6,152,2019,normal,26.805633544921875,1007.2581176757812,9.490966796875,10.759246826171877,6.8201904296875,87.88477325439453,5849.29541015625,16.475173950195312,8.063751220703125,0.0135243879631161,12.73877504957563,18.342721729301388,8.592393663194445,6.177732621272031,1.0719023879235532,6.372786998748779,0.7120361328124964,0.31494140625,0
2019-06-01,2019-06-10,9,8.0,79.0,south,monsoon,6,152,2019,normal,27.436492919921875,1007.5281372070312,3.60107421875,9.657684326171877,8.8367919921875,82.31932067871094,5856.86669921875,15.582595825195312,11.241485595703123,0.0128806577995419,13.090445342201885,19.21427310750514,4.798041449652778,5.574131744375572,1.1112883680431733,2.7819257378578186,1.00299072265625,0.1687622070311363,0
2019-06-01,2019-06-10,9,8.0,82.0,south,monsoon,6,152,2019,normal,28.571258544921875,1006.72314453125,0.030517578125,3.153778076171875,0.4735107421875,77.48799133300781,5859.10986328125,10.660720825195312,7.063751220703125,0.0129555212333798,3.1891266166004337,12.788571062504909,1.030815972222222,1.4133426516686833,1.0558061781418275,0.030525028705596924,0.601104736328125,0.10369873046875,0
2019-06-01,2019-06-10,9,8.0,85.0,south,monsoon,6,152,2019,normal,29.073211669921875,1006.6256103515624,0.335693359375,9.241668701171877,8.6805419921875,79.79243469238281,5865.5595703125,15.496658325195312,9.136016845703123,0.0133341299369931,12.679126533809432,17.989252987626152,1.210530598958333,2.2621923143769123,0.8607734882066158,2.455390930175781,1.026885986328125,0.4113159179688637,0
2019-06-01,2019-06-10,9,8.0,88.0,south,monsoon,6,152,2019,normal,28.487274169921875,1007.4906005859376,0.640869140625,6.249481201171875,7.2567138671875,78.93266296386719,5863.74951171875,14.217361450195312,7.239532470703125,0.0129807936027646,9.576842456364833,15.954441293880041,3.2450358072916665,2.969401996246898,0.8657196100539626,0.5970895290374756,0.583953857421875,0.2095336914063637,0
2019-06-01,2019-06-10,9,8.0,91.0,south,monsoon,6,152,2019,normal,27.784149169921875,1008.045654296875,6.34765625,5.921356201171875,5.2459716796875,78.29814910888672,5865.12646484375,11.779861450195312,4.706329345703125,0.012923096306622,7.910921446028896,12.685214688605944,3.7638346354166665,2.759587145270952,0.6016923265814352,5.1477179527282715,1.03704833984375,0.7786865234373863,0
2019-06-01,2019-06-10,9,8.0,94.0,south,monsoon,6,152,2019,normal,28.102508544921875,1007.5731201171876,0.91552734375,6.019989013671875,3.7313232421875,84.06932067871094,5866.17138671875,7.1431427001953125,3.700469970703125,0.0133298384025692,7.082587158829654,8.04474770514459,3.506130642361111,2.3859917100113113,0.36119416595365544,10.901019096374512,1.241363525390625,0.2371826171876137,1
2019-06-01,2019-06-10,9,11.0,70.0,south,monsoon,6,152,2019,monsoon_depression,27.616180419921875,1005.2881469726562,14.95361328125,4.058074951171875,2.2957763671875,65.95637512207031,5833.642578125,-0.7611541748046875,0.602813720703125,0.0110672460868954,4.662463022637847,0.9709480211064596,11.033799913194445,5.494541157815328,1.1630946510058209,65.70668029785156,0.533203125,3.121826171875,1
2019-06-01,2019-06-10,9,11.0,73.0,south,monsoon,6,152,2019,normal,26.790008544921875,1005.0181274414062,20.660400390625,4.833465576171875,2.6453857421875,91.96253967285156,5835.3251953125,4.9947052001953125,-0.684295654296875,0.0149601446464657,5.510032232302042,5.041362968419125,10.026719835069445,6.560342586571032,1.1262885072141198,10.890602111816406,1.767822265625,3.3046875,1
2019-06-01,2019-06-10,9,11.0,76.0,south,monsoon,6,152,2019,normal,23.709930419921875,1005.578125,16.754150390625,-2.131378173828125,2.5135498046875,75.42818450927734,5845.42041015625,2.2271270751953125,8.192657470703125,0.0126069532707333,3.2955584565465506,8.489978294514996,6.503634982638889,7.290919078872181,1.3266962395819946,13.24816608428955,3.004241943359375,0.4840087890623863,1
2019-06-01,2019-06-10,9,11.0,79.0,south,monsoon,6,152,2019,normal,28.395477294921875,1004.5181274414062,0.0,1.653778076171875,2.4305419921875,77.18128967285156,5853.75634765625,7.387283325195312,5.425079345703125,0.0137589918449521,2.9398156916741445,9.1653391008671,3.339979383680556,5.611328224271665,1.6252070662742542,7.450580596923828e-06,1.320831298828125,0.57977294921875,0
2019-06-01,2019-06-10,9,11.0,82.0,south,monsoon,6,152,2019,normal,29.075164794921875,1004.7631225585938,0.18310546875,9.819793701171877,10.3631591796875,64.18506622314453,5856.91748046875,15.283767700195312,8.274688720703125,0.0116160856559872,14.276673860431083,17.379989313519875,0.5933973524305559,1.1200973100192073,1.6600346217760424,0.1667663455009461,0.08001708984375,0.08001708984386369,0
2019-06-01,2019-06-10,9,11.0,85.0,south,monsoon,6,152,2019,normal,28.770477294921875,1005.3406372070312,1.15966796875,8.290496826171875,7.7459716796875,84.75215148925781,5859.6708984375,16.666580200195312,8.206329345703125,0.0143517004325985,11.346030798798614,18.577371635936302,1.3631184895833337,2.2978653304590133,1.6181185745238282,2.1165833473205566,0.661468505859375,0.5045166015625,0
2019-06-01,2019-06-10,9,11.0,88.0,south,monsoon,6,152,2019,normal,28.221649169921875,1005.9756469726562,7.537841796875,10.071746826171877,7.1219482421875,82.13563537597656,5856.994140625,13.557205200195312,7.292266845703125,0.0140655981376767,12.335405582910557,15.393991314442912,3.1602647569444446,2.716811520938657,1.418609362570719,6.2794424295425415,0.1962890625,0.05859375,0
2019-06-01,2019-06-10,9,11.0,91.0,south,monsoon,6,152,2019,normal,27.776336669921875,1006.84814453125,5.859375,8.944793701171875,5.8699951171875,82.42544555664062,5859.31396484375,17.799392700195312,5.403594970703125,0.01351008284837,10.698886719296038,18.601538084340614,3.7129720052083335,2.4553536336634316,1.1851784016745448,1.8539185523986816,0.15368652343750355,0.08721923828125,0
2019-06-01,2019-06-10,9,11.0,94.0,south,monsoon,6,152,2019,normal,27.383758544921875,1007.2380981445312,4.669189453125,9.628387451171877,3.0203857421875,87.41483306884766,5860.48681640625,13.037673950195312,3.846954345703125,0.0138033377006649,10.09101456452688,13.593380733633763,3.265380859375,2.18825198675302,1.0957631035336814,1.4466643333435059,0.233154296875,0.82916259765625,0
2019-06-01,2019-06-10,9,14.0,70.0,south,monsoon,6,152,2019,normal,27.020477294921875,1004.30810546875,12.939453125,8.162567138671875,-1.5704345703125,89.31568908691406,5839.939453125,5.7583770751953125,-4.916717529296875,0.0149491773918271,8.312266058840908,7.571856958701088,8.714463975694445,7.652716512082885,0.8403299583495938,6.019957542419434,0.65179443359375,2.55218505859375,1
2019-06-01,2019-06-10,9,14.0,73.0,south,monsoon,6,152,2019,normal,27.416961669921875,1003.8306274414062,1.15966796875,5.607879638671875,1.6268310546875,83.42434692382812,5840.3984375,2.5200958251953125,-1.686248779296875,0.014366959221661,5.839083260437913,3.0322133687864126,7.436116536458333,8.181405453896492,0.9838659480129283,3.497056484222412,1.280181884765625,2.002197265625,0
2019-06-01,2019-06-10,9,14.0,76.0,south,monsoon,6,152,2019,normal,22.260711669921875,1005.3506469726562,0.0,2.485809326171875,1.4520263671875,71.85758209228516,5857.044921875,3.830642700195313,-0.479217529296875,0.0136178480461239,2.878824165712592,3.860501643173467,4.296196831597222,7.765959526971966,1.3377047044550616,0.0029187649488449,2.20904541015625,1.0140380859375,0
2019-06-01,2019-06-10,9,14.0,79.0,south,monsoon,6,152,2019,normal,25.213836669921875,1003.7431030273438,0.0,1.427215576171875,1.8836669921875,67.17132568359375,5858.7275390625,5.2779083251953125,0.030548095703125,0.013714169152081,2.3632912724258768,5.2779967293772625,1.881917317708333,5.258438380442022,1.6564368164626468,7.450580596923828e-06,4.069244384765625,0.49853515625,1
2019-06-01,2019-06-10,9,14.0,82.0,south,monsoon,6,152,2019,normal,30.004852294921875,1002.2106323242188,0.0,7.090301513671875,10.5155029296875,74.99821472167969,5861.8125,7.0943145751953125,4.180938720703125,0.0145615087822079,12.682593481581126,8.234655298074312,0.1525878906249997,0.3605152414280346,1.583706404192487,7.450580596923828e-06,0.265655517578125,0.5343017578125,0
2019-06-01,2019-06-10,9,14.0,85.0,south,monsoon,6,152,2019,normal,29.983367919921875,1003.255615234375,0.030517578125,8.253387451171875,8.1219482421875,57.1746711730957,5857.01953125,11.842361450195312,6.192657470703125,0.0110033499076962,11.579483911985628,13.363776833909164,1.2749565972222219,2.336573110717882,1.695616053734287,0.012733042240142801,0.10699462890625,1.63238525390625,0
2019-06-01,2019-06-10,9,14.0,88.0,south,monsoon,6,152,2019,normal,28.227508544921875,1004.5381469726562,2.349853515625,7.759246826171875,6.6805419921875,80.42281341552734,5854.8525390625,14.899002075195312,6.052032470703125,0.0140002714470028,10.238923411122814,16.08127357714927,2.6075575086805554,2.5585110771175374,1.67127113645427,9.866576194763184,0.587677001953125,0.7299194335938637,1
2019-06-01,2019-06-10,9,14.0,91.0,south,monsoon,6,152,2019,normal,27.413055419921875,1005.2706298828124,4.180908203125,8.811004638671875,5.4256591796875,87.08000946044922,5853.42529296875,15.057205200195312,3.610626220703125,0.0145057188346982,10.347539817600342,15.48405793538689,3.716362847222222,2.316334786123891,1.4534921646115035,21.802419662475582,1.31463623046875,1.1121826171873863,1
2019-06-01,2019-06-10,9,14.0,94.0,south,monsoon,6,152,2019,normal,28.678680419921875,1005.1456298828124,0.91552734375,6.982879638671875,4.6658935546875,83.67373657226562,5866.0439453125,10.588455200195312,4.028594970703125,0.0141709791496396,8.398283795624712,11.328943506104956,3.8350423177083335,1.8757211216823149,1.2618568364407756,8.700901985168455,1.172454833984375,0.2264404296873863,1
2019-06-01,2019-06-10,9,17.0,70.0,west,monsoon,6,152,2019,normal,29.752899169921875,1003.2056274414062,0.3662109375,5.938934326171875,-1.6661376953125,38.10544204711914,5863.1123046875,4.3931427001953125,-1.623748779296875,0.0077022057957947,6.168221441414359,4.6836164320477245,3.1026204427083335,5.268838234712282,0.6777937170709163,0.3173686563968659,0.78472900390625,0.07861328125,0
2019-06-01,2019-06-10,9,17.0,73.0,west,monsoon,6,152,2019,normal,29.123992919921875,1003.110595703125,0.091552734375,4.212371826171875,-2.0723876953125,18.230167388916016,5862.3984375,2.4497833251953125,-3.858123779296875,0.0041340333409607,4.694557184826833,4.570181335218659,1.620822482638889,4.017657014372909,1.1205305054675476,0.16029739379882812,0.36767578125,0.65509033203125,0
2019-06-01,2019-06-10,9,17.0,76.0,central,monsoon,6,152,2019,normal,26.666961669921875,1003.015625,0.0,3.144012451171875,1.5457763671875,54.46205139160156,5866.32470703125,3.4282989501953125,-5.012420654296875,0.0130003439262509,3.5034609845806997,6.0726925253574455,0.13902452256944464,0.3619793333626963,2.0273670367348724,0.0104960054159164,1.241973876953125,1.38873291015625,0
2019-06-01,2019-06-10,9,17.0,79.0,central,monsoon,6,152,2019,normal,28.961883544921875,1001.0505981445312,0.0,3.450653076171875,2.2840576171875,47.21656799316406,5864.76953125,5.9458770751953125,-0.992889404296875,0.01204523909837,4.1381065538150015,6.028207325772577,2.0354088784794536e-16,0.0,1.9531000482038252,1.9322093725204468,0.981536865234375,1.7048950195311363,0
2019-06-01,2019-06-10,9,17.0,82.0,central,monsoon,6,152,2019,normal,29.489227294921875,1000.9756469726562,0.0,1.194793701171875,0.8309326171875,69.77722930908203,5865.40673828125,7.277908325195312,4.352813720703125,0.0153244482353329,1.4553284861728146,8.48026750032619,0.0033908420138890924,0.009590749527730261,1.6933406281698506,0.0023264437913894,1.27294921875,0.16278076171875,0
2019-06-01,2019-06-10,9,17.0,85.0,east,monsoon,6,152,2019,normal,30.182586669921875,1001.4031372070312,0.0,9.400848388671877,8.3221435546875,63.142696380615234,5859.92578125,9.525955200195312,3.735626220703125,0.0132010923698544,12.555238897433266,10.23223952695268,0.29839409722222243,0.7284235826223857,1.482860624375114,0.3876146078109741,0.265869140625,0.09271240234375,0
2019-06-01,2019-06-10,9,17.0,88.0,east,monsoon,6,152,2019,normal,29.856414794921875,1002.3856201171876,0.213623046875,8.596160888671875,7.1600341796875,67.98966217041016,5856.05078125,10.930252075195312,6.210235595703125,0.013207291252911,11.18749621131669,12.571294149030544,1.6886393229166667,2.1170099644597373,1.837202752165692,19.888221740722656,0.50653076171875,0.3165283203126137,1
2019-06-01,2019-06-10,9,17.0,91.0,east,monsoon,6,152,2019,normal,29.319305419921875,1003.5181274414062,2.13623046875,8.216278076171875,5.9881591796875,79.2801513671875,5856.96875,10.346267700195312,3.993438720703125,0.0142415510490536,10.166871484692736,11.090212267586036,2.9703776041666665,2.218123910291647,1.636591863614446,1.3838541507720947,1.95050048828125,0.71484375,0
2019-06-01,2019-06-10,9,17.0,94.0,east,monsoon,6,152,2019,normal,28.303680419921875,1004.4406127929688,5.584716796875,4.569793701171875,2.8524169921875,80.9426498413086,5866.0185546875,8.369705200195312,2.157501220703125,0.0140846716240048,5.386956206299632,8.643308200886507,3.960503472222222,1.9616775696002915,0.9810384908916346,4.931736707687378,0.392852783203125,0.6589965820311363,0
2019-06-01,2019-06-10,9,20.0,70.0,west,monsoon,6,152,2019,normal,29.133758544921875,1002.3656005859376,0.030517578125,6.711395263671875,-0.2305908203125,13.673885345458984,5868.28759765625,1.7290802001953125,-0.528045654296875,0.0034931644331663,6.715355427052962,1.8079133142187092,0.10511610243055557,0.14176801866568245,0.9226748940738583,0.0105295330286026,0.537750244140625,0.2855224609373863,0
2019-06-01,2019-06-10,9,20.0,73.0,west,monsoon,6,152,2019,normal,26.772430419921875,1003.1481323242188,0.0,0.633270263671875,2.1395263671875,28.802221298217773,5868.4912109375,4.3657989501953125,-2.528045654296875,0.0069454652257263,2.2312786250806034,5.044919751961949,0.05764431423611111,0.11276780292640441,0.98725147350344,7.450580596923828e-06,2.23199462890625,0.5963134765625,0
2019-06-01,2019-06-10,9,20.0,76.0,central,monsoon,6,152,2019,normal,29.563446044921875,1001.1130981445312,0.0,2.914520263671875,-2.1534423828125,27.78918838500977,5870.55615234375,6.0806427001953125,-5.438201904296875,0.0079744802787899,3.6237746154316985,8.157711419223942,0.010172526041666666,0.028772248583436993,1.8507966432732874,7.450580596923828e-06,0.37615966796875,2.5128173828125,1
2019-06-01,2019-06-10,9,20.0,79.0,central,monsoon,6,152,2019,normal,34.797821044921875,997.9756469726562,0.0,1.311004638671875,2.8367919921875,27.503738403320312,5869.30712890625,6.7583770751953125,-1.158905029296875,0.0082362638786435,3.1250795141177288,6.857019874366352,0.0,0.0,1.6394074749223435,7.450580596923828e-06,0.146026611328125,2.4710693359375,0
2019-06-01,2019-06-10,9,20.0,82.0,central,monsoon,6,152,2019,normal,27.903289794921875,1001.59814453125,0.0,4.321746826171875,5.7821044921875,58.29803085327149,5858.34521484375,13.293533325195312,9.110626220703123,0.0143288122490048,7.218741440729231,16.115878455778997,0.0,0.0,1.3625397732298299,7.450580596923828e-06,1.48284912109375,0.00152587890625,0
2019-06-01,2019-06-10,9,20.0,85.0,east,monsoon,6,152,2019,normal,28.422821044921875,999.3331298828124,0.0,0.027801513671875,1.7528076171875,41.93620681762695,5860.28271484375,4.5923614501953125,1.434844970703125,0.0116494642570614,1.7530280850667992,4.811295436698109,0.03390842013888889,0.06965684198735263,1.2233607658301069,7.450580596923828e-06,0.938507080078125,0.4802246093752274,0
2019-06-01,2019-06-10,9,20.0,88.0,east,monsoon,6,152,2019,normal,30.040008544921875,1000.1531372070312,0.091552734375,8.595184326171875,8.2293701171875,57.96223831176758,5855.84716796875,8.930252075195312,3.112579345703125,0.0134962545707821,11.89956831681424,9.457142925314594,5.744086371527779,13.334313658486746,1.464798122728549,0.786211371421814,0.604248046875,0.60491943359375,0
2019-06-01,2019-06-10,9,20.0,91.0,east,monsoon,6,152,2019,normal,28.737274169921875,1002.0206298828124,6.195068359375,5.103973388671875,5.4803466796875,85.49057006835938,5853.22119140625,11.274002075195312,5.856719970703125,0.0152948843315243,7.488974835171532,12.704498872712021,7.412380642361112,12.817491354866782,1.9696867047337794,0.4811992645263672,1.36273193359375,0.4075927734376137,0
2019-06-01,2019-06-10,9,20.0,94.0,east,monsoon,6,152,2019,normal,24.338836669921875,1004.818115234375,5.06591796875,0.292449951171875,2.2645263671875,96.37889099121094,5857.35107421875,7.740798950195312,5.536407470703125,0.0159891583025455,2.283332354614161,9.5169205139584,9.046766493055555,12.075367821136002,1.5425844536328126,4.897173494100571,0.12518310546875,0.2314453125,0
2019-06-01,2019-06-10,9,23.0,70.0,west,monsoon,6,152,2019,normal,27.991180419921875,1001.1130981445312,0.030517578125,5.138153076171875,1.4246826171875,16.57485008239746,5864.89697265625,7.1060333251953125,-0.438201904296875,0.0042947274632751,5.332010652079638,7.119531622776583,0.013563368055555554,0.015164306488035684,1.375675629481839,0.0299401581287385,1.61444091796875,0.3950805664063637,0
2019-06-01,2019-06-10,9,23.0,73.0,west,monsoon,6,152,2019,normal,27.782196044921875,1000.9506225585938,0.0,1.649871826171875,0.1453857421875,29.609529495239254,5867.82861328125,4.3325958251953125,-0.840545654296875,0.0076569062657654,1.656265092558292,4.413377797272426,0.006781684027777777,0.012687369068650789,1.4309517133863616,7.450580596923828e-06,4.329315185546875,0.56817626953125,1
2019-06-01,2019-06-10,9,23.0,76.0,central,monsoon,6,152,2019,normal,28.649383544921875,1000.9806518554688,0.0,5.465301513671875,-2.2286376953125,32.835208892822266,5870.607421875,6.9126739501953125,-9.815155029296877,0.0090979086235165,5.9022323414375935,12.005095975911257,0.0,0.0,1.9776745903998745,7.450580596923828e-06,2.435333251953125,1.17510986328125,0
2019-06-01,2019-06-10,9,23.0,79.0,central,monsoon,6,152,2019,normal,31.926727294921875,998.0756225585938,0.0,3.129364013671875,0.8533935546875,20.15634155273437,5865.38134765625,1.0728302001953125,-7.434295654296875,0.0063889962621033,3.2436398827932047,7.51130591268579,0.0,0.0,1.821859909792271,7.450580596923828e-06,3.307159423828125,1.2210693359375,1
2019-06-01,2019-06-10,9,23.0,82.0,central,monsoon,6,152,2019,normal,29.225555419921875,998.6581420898438,0.0,-1.275909423828125,1.7489013671875,29.322858810424805,5859.7216796875,-0.3392791748046875,3.917266845703125,0.0089457975700497,2.1648558496961696,3.9319320821831423,0.0,0.0,1.5687656005283979,7.450580596923828e-06,0.35906982421875,0.7606811523438637,0
2019-06-01,2019-06-10,9,23.0,85.0,east,monsoon,6,152,2019,normal,26.467742919921875,1000.34814453125,0.0,-0.124542236328125,1.2381591796875,49.26401138305664,5856.7392578125,4.2876739501953125,5.848907470703125,0.0125773893669247,1.244407056743907,7.252162884549016,0.010172526041666666,0.028772248583436993,1.381290676574026,7.450580596923828e-06,1.9488525390624964,0.52490234375,0
2019-06-01,2019-06-10,9,23.0,88.0,east,monsoon,6,152,2019,normal,26.401336669921875,998.8131103515624,0.0,-1.272979736328125,-0.6553955078125,79.0667953491211,5845.70068359375,5.9165802001953125,-0.399139404296875,0.0164435841143131,1.4317893283450702,5.930028122142901,6.137424045138889,13.284309854736044,1.0132844995899306,0.0017471611499786,3.874176025390625,1.1824340820313637,1
2019-06-01,2019-06-10,9,23.0,91.0,east,monsoon,6,152,2019,normal,25.004852294921875,999.8630981445312,43.060302734375,2.271942138671875,2.3240966796875,89.05052947998047,5828.18701171875,11.996658325195312,2.284454345703125,0.0163935162127017,3.250099453556367,12.212229224391422,7.300482855902779,12.881420986854042,1.7335862690946091,39.96225643157959,2.522369384765625,1.8380126953125,1
2019-06-01,2019-06-10,9,23.0,94.0,east,monsoon,6,152,2019,normal,23.895477294921875,1002.6981201171876,4.364013671875,0.288543701171875,0.0047607421875,98.48602294921876,5841.29052734375,0.5552520751953125,4.221954345703125,0.0171063877642154,0.28858297273425565,4.258309918760047,8.453369140625002,12.363448942874168,1.6335669759970004,0.39186716079711914,0.112823486328125,1.9787597656247726,0
2019-06-01,2019-06-10,9,26.0,70.0,west,monsoon,6,152,2019,normal,27.897430419921875,999.1656494140624,0.0,3.119598388671875,3.4031982421875,14.30105209350586,5855.15869140625,1.4849395751953125,5.595001220703125,0.0041893464513123,4.616671136461016,5.7887031536995135,0.006781684027777777,0.012687369068650789,1.7590452914514207,7.450580596923828e-06,0.969573974609375,0.09039306640636369,0
2019-06-01,2019-06-10,9,26.0,73.0,west,monsoon,6,152,2019,normal,31.266571044921875,999.610595703125,0.0,2.711395263671875,1.9608154296875,28.287540435791016,5855.974609375,6.8325958251953125,-1.071014404296875,0.0078624235466122,3.346111388636495,6.916027585593323,0.0033908420138888886,0.009590749527812331,1.6945875905434697,7.450580596923828e-06,3.2630615234375,0.26434326171875,1
2019-06-01,2019-06-10,9,26.0,76.0,central,monsoon,6,152,2019,normal,31.541961669921875,998.3206176757812,0.0,2.641082763671875,-0.6446533203125,23.601749420166016,5856.7138671875,8.043533325195312,-7.875701904296875,0.0071643334813416,2.7186202507806416,11.25722473964489,0.0,0.0,1.605652576588043,7.450580596923828e-06,3.565948486328125,0.02783203125,1
2019-06-01,2019-06-10,9,26.0,79.0,central,monsoon,6,152,2019,normal,28.897430419921875,996.4381103515624,0.0,1.935028076171875,1.2264404296875,15.98397445678711,5855.7451171875,2.1782989501953125,-3.797576904296875,0.0051744920201599,2.290958267438647,4.377964899410574,0.0,0.0,4.421747225080133,7.450580596923828e-06,4.14544677734375,0.9478759765626137,1
2019-06-01,2019-06-10,9,26.0,82.0,central,monsoon,6,152,2019,normal,31.225555419921875,996.578125,0.0,-2.280792236328125,-1.1485595703125,30.23469352722168,5853.01708984375,4.3443145751953125,-2.086639404296875,0.0086987959221005,2.5536644869385414,4.819453613410844,0.0,0.0,6.4881342656584735,7.450580596923828e-06,0.672210693359375,0.836181640625,0
2019-06-01,2019-06-10,9,26.0,85.0,east,monsoon,6,152,2019,normal,30.002899169921875,998.2256469726562,0.0,-3.962432861328125,-0.1417236328125,67.45748138427734,5847.89306640625,-0.0267791748046875,2.768829345703125,0.0146149145439267,3.964966553280187,2.7689588422058597,0.0,0.0,6.47497377177516,7.450580596923828e-06,0.747833251953125,0.28021240234375,0
2019-06-01,2019-06-10,9,26.0,88.0,northeast,monsoon,6,152,2019,normal,26.340789794921875,1000.2256469726562,0.0,-1.763214111328125,-0.7930908203125,75.22080993652344,5840.1689453125,-5.481857299804688,0.845001220703125,0.0137127386406064,1.9333693521028474,5.546601348430562,5.449083116319444,13.423264741088005,6.276965655771484,5.968779563903809,0.19396972656249645,0.081298828125,0
2019-06-01,2019-06-10,9,26.0,91.0,northeast,monsoon,6,152,2019,normal,25.379852294921875,1000.1556396484376,5.889892578125,1.309051513671875,0.4403076171875,96.24592590332033,5829.43603515625,-2.9564666748046875,0.229766845703125,0.0162037350237369,1.3811179034390804,2.965381594772425,6.0560438368055545,13.245262612203478,5.804726513495493,5.612781286239624,2.177886962890625,1.1208496093747726,0
2019-06-01,2019-06-10,9,26.0,94.0,northeast,monsoon,6,152,2019,normal,24.270477294921875,1001.8506469726562,1.03759765625,-1.369659423828125,-0.1807861328125,80.87830352783203,5835.8857421875,-0.3314666748046875,0.421173095703125,0.0148466574028134,1.3815392007100233,0.5359635557108618,6.663004557291665,13.036607088913437,5.979972360059907,0.9349063038825989,2.81585693359375,0.759765625,0
2019-06-01,2019-06-10,9,29.0,70.0,north,monsoon,6,152,2019,normal,34.190399169921875,996.5231323242188,0.0,3.465301513671875,0.9100341796875,18.699785232543945,5847.5107421875,7.381423950195312,4.057891845703125,0.0058659058995544,3.582802923530136,8.423295421860786,0.0,0.0,1.2902550924788434,7.450580596923828e-06,0.8421630859375,0.17822265625,0
2019-06-01,2019-06-10,9,29.0,73.0,north,monsoon,6,152,2019,normal,31.194305419921875,997.43310546875,0.0,0.831512451171875,3.1697998046875,16.225248336791992,5844.17138671875,2.1490020751953125,1.864532470703125,0.0051344376988708,3.277048025014399,2.84511708959404,0.0,0.0,1.1164939948351646,7.450580596923828e-06,0.159515380859375,0.7742919921876137,0
2019-06-01,2019-06-10,9,29.0,76.0,north,monsoon,6,152,2019,normal,28.711883544921875,996.9506225585938,0.0,1.538543701171875,0.0428466796875,9.65570831298828,5838.86865234375,1.7622833251953125,-4.977264404296875,0.003018234623596,1.5391402010135058,5.280038207110075,0.0,0.0,7.20557359903298,7.450580596923828e-06,1.22198486328125,0.03704833984375,0
2019-06-01,2019-06-10,9,29.0,79.0,north,monsoon,6,152,2019,normal,26.637664794921875,997.140625,0.0,-3.165557861328125,0.5447998046875,11.49170970916748,5830.40478515625,5.3950958251953125,-3.975311279296875,0.0035704120527952,3.21209641832306,6.7015042140063485,0.0,0.0,9.19303460138979,7.450580596923828e-06,2.994659423828125,0.588623046875,0
2019-06-01,2019-06-10,9,29.0,82.0,central,monsoon,6,152,2019,normal,7.610321044921875,1011.3231201171876,0.0,0.041473388671875,-1.0968017578125,50.88043594360352,5829.61474609375,-0.1771697998046875,-0.543670654296875,0.0088685499504208,1.0975855947981998,0.5718102117892135,0.0,0.0,9.235296369127308,0.0217370688915252,2.678985595703125,1.92431640625,0
2019-06-01,2019-06-10,9,29.0,85.0,east,monsoon,6,152,2019,normal,-1.213897705078125,1014.9906005859376,0.0,0.681121826171875,0.7401123046875,21.55111312866211,5831.34814453125,0.3579864501953125,0.237579345703125,0.0032866939436644,1.0058295907545933,0.4296489776877933,0.0,0.0,6.95816091957123,0.0147279351949691,2.476806640625,3.7035522460936363,1
2019-06-01,2019-06-10,9,29.0,88.0,northeast,monsoon,6,152,2019,normal,5.174774169921875,1010.048095703125,0.0,0.434051513671875,1.1619873046875,40.28043365478516,5829.58935546875,-0.3588104248046875,1.483673095703125,0.0064724427647888,1.2404092924417194,1.526443833182805,0.6646050347222222,1.8476386676398118,5.741278494065387,0.0144392251968383,0.41448974609375,0.41400146484375,0
2019-06-01,2019-06-10,9,29.0,91.0,northeast,monsoon,6,152,2019,normal,3.905242919921875,1012.8056030273438,0.091552734375,0.215301513671875,1.3367919921875,45.6074104309082,5826.810546875,-0.1967010498046875,1.118438720703125,0.0071905595250427,1.3540190442405253,1.1356040132732488,0.7900661892361112,1.83068416912565,5.235658545816232,0.086156651377678,2.005889892578125,1.619873046875,0
2019-06-01,2019-06-10,9,29.0,94.0,northeast,monsoon,6,152,2019,normal,4.362274169921875,1014.6130981445312,0.06103515625,-0.412628173828125,0.5545654296875,53.20196533203125,5832.77587890625,-0.3002166748046875,0.313751220703125,0.0081656919792294,0.6912342769576859,0.43424633599316015,0.91552734375,1.8048710218275452,5.586246310026835,12.789748191833496,1.68817138671875,2.491455078125,1
2019-06-01,2019-06-10,9,32.0,70.0,north,monsoon,6,152,2019,normal,26.873992919921875,999.4456176757812,0.0,3.273895263671875,0.8651123046875,17.42000961303711,5831.6796875,1.5337677001953125,0.038360595703125,0.0050424081273376,3.38626778285694,1.5342473377735144,0.0,0.0,1.3206157983589464,7.450580596923828e-06,0.504364013671875,0.44378662109375,0
2019-06-01,2019-06-10,9,32.0,73.0,north,monsoon,6,152,2019,normal,27.916961669921875,996.84814453125,0.0,-2.193878173828125,-0.5938720703125,17.262758255004883,5826.50439453125,2.2837677001953125,2.452423095703125,0.0051692468114197,2.272836438791116,3.3511153290797804,0.0,0.0,1.0296011460085626,7.450580596923828e-06,0.999664306640625,0.16278076171875,0
2019-06-01,2019-06-10,9,32.0,76.0,north,monsoon,6,152,2019,normal,26.206024169921875,997.62060546875,0.0,-3.245635986328125,1.0418701171875,10.97145652770996,5816.46044921875,3.604080200195313,-3.799530029296875,0.0033725246321409,3.4087602287102032,5.236966921126063,0.0,0.0,9.603293579354235,7.450580596923828e-06,0.6846923828125036,0.497802734375,0
2019-06-01,2019-06-10,9,32.0,79.0,north,monsoon,6,152,2019,normal,-6.596710205078125,1020.298095703125,0.0,1.641082763671875,0.0526123046875,15.460545539855955,5810.87744140625,0.8755645751953125,0.134063720703125,0.0020984157454222,1.641925909359326,0.8857688222926531,0.0,0.0,10.111692596320728,7.450580596923828e-06,1.566192626953125,0.09655761718738631,0
2019-06-01,2019-06-10,9,32.0,82.0,central,monsoon,6,152,2019,normal,-1.879913330078125,1016.7181396484376,0.0,0.102996826171875,1.5360107421875,23.25151634216309,5809.83203125,0.8755645751953125,1.970001220703125,0.003321026219055,1.5394600827292906,2.155810319789,0.0,0.0,6.635958168103995,7.450580596923828e-06,1.712371826171875,0.3947143554688637,0
2019-06-01,2019-06-10,9,32.0,85.0,east,monsoon,6,152,2019,normal,2.194305419921875,1011.4081420898438,0.0,3.314910888671875,1.9979248046875,22.77818489074707,5805.7021484375,2.3618927001953125,1.704376220703125,0.0035284503828734,3.8704441250353874,2.9126337615522777,0.0,0.0,3.238986456568291,0.1991111785173416,1.178558349609375,4.59332275390625,1
2019-06-01,2019-06-10,9,32.0,88.0,northeast,monsoon,6,152,2019,normal,3.553680419921875,1007.7581176757812,0.0,5.645965576171875,-0.4552001953125,12.991681098937988,5801.7001953125,3.3443145751953125,0.272735595703125,0.002102707279846,5.664285877772268,3.3554172144499916,0.010172526041666666,0.028772248583436993,2.612850520070988,0.0137072056531906,0.65802001953125,4.96502685546875,1
2019-06-01,2019-06-10,9,32.0,91.0,northeast,monsoon,6,152,2019,normal,2.268524169921875,1007.2881469726562,0.0,-1.378448486328125,1.9989013671875,31.6361141204834,5803.35693359375,-1.0677947998046875,1.280548095703125,0.005066726822406,2.4281117983330907,1.6673299493198197,0.02373589409722222,0.031445375215303904,2.658612974028461,0.0480581074953079,1.5810546875,8.573547363281364,1
2019-06-01,2019-06-10,9,32.0,94.0,northeast,monsoon,6,152,2019,normal,3.885711669921875,1012.255615234375,0.030517578125,-1.791534423828125,0.6707763671875,46.71083831787109,5812.73828125,-1.0795135498046875,0.940704345703125,0.0070484620518982,1.9129915124062709,1.4318778475263392,0.03729926215277777,0.027961599566092003,2.546156720383602,5.072273254394531,5.3243408203125,3.45391845703125,1
2019-06-01,2019-06-11,10,8.0,70.0,south,monsoon,6,152,2019,normal,28.377899169921875,1006.7306518554688,0.67138671875,9.01580810546875,3.797271728515625,78.33784484863281,5853.71484375,14.648284912109377,2.944564819335937,0.0126918870955705,9.782845617447924,14.94130894003608,3.384060329861111,3.6492990995205425,0.3770748705258982,1.1547598838806152,1.01055908203125,0.91107177734375,0
2019-06-01,2019-06-11,10,8.0,73.0,south,monsoon,6,152,2019,normal,28.661102294921875,1006.713134765625,1.220703125,9.56756591796875,5.201568603515625,78.06055450439453,5856.9775390625,15.638519287109377,3.403549194335937,0.0126341897994279,10.890116323150854,16.00460660596057,4.960801866319445,5.485776687843119,0.4705859792577843,0.2982802391052246,0.96856689453125,0.458740234375,0
2019-06-01,2019-06-11,10,8.0,76.0,south,monsoon,6,152,2019,normal,28.266571044921875,1007.170654296875,2.716064453125,7.12713623046875,6.413482666015625,75.30099487304688,5858.55810546875,14.085784912109377,5.1437835693359375,0.0124091226607561,9.587952375504543,14.995594219582582,4.523383246527778,5.356349895492109,0.5899241209931472,1.5561468601226809,0.452301025390625,0.01312255859375,0
2019-06-01,2019-06-11,10,8.0,79.0,south,monsoon,6,152,2019,normal,27.547821044921875,1007.5956420898438,1.434326171875,9.09393310546875,6.600982666015625,77.98202514648438,5860.8017578125,16.312347412109375,7.5207366943359375,0.0127319414168596,11.237107789986677,17.96257661135736,3.1297471788194446,5.255389453489021,0.7774244210751685,0.9050127267837524,1.048095703125,0.163818359375,0
2019-06-01,2019-06-11,10,8.0,82.0,south,monsoon,6,152,2019,normal,28.635711669921875,1007.0306396484376,0.0,5.86737060546875,2.104888916015625,71.96897888183594,5862.10205078125,16.183441162109375,7.5500335693359375,0.01213208027184,6.233505849093603,17.857961102700262,0.5832248263888893,0.7912949596643809,0.9143337447550678,9.313225746154783e-06,0.07049560546875,0.09808349609386369,0
2019-06-01,2019-06-11,10,8.0,85.0,south,monsoon,6,152,2019,normal,29.028289794921875,1006.9255981445312,0.091552734375,8.34197998046875,7.721099853515625,66.19297790527344,5864.1923828125,17.478363037109375,5.5402679443359375,0.011392505839467,11.366794312491997,18.33542318442712,0.07798936631944486,0.06122324654572974,0.8671073970549574,0.0945236533880233,0.04498291015625,0.29583740234375,0
2019-06-01,2019-06-11,10,8.0,88.0,south,monsoon,6,152,2019,normal,28.985321044921875,1007.0081176757812,0.152587890625,6.83416748046875,6.995513916015625,60.25611114501953,5864.29443359375,18.55844116210937,4.2375335693359375,0.0104593355208635,9.779726995180635,19.03608229438832,1.2444390190972225,2.518754332411638,0.8648232434222748,0.2008545994758606,0.05279541015625,0.32635498046875,0
2019-06-01,2019-06-11,10,8.0,91.0,south,monsoon,6,152,2019,normal,29.409149169921875,1007.453125,1.129150390625,6.88006591796875,6.123443603515625,70.58528137207031,5863.7587890625,14.404144287109377,4.3547210693359375,0.0118884164839982,9.210421738499905,15.048022070544157,3.4722222222222228,3.733851361554626,0.9265987905597993,0.2469848394393921,0.56219482421875,0.228271484375,0
2019-06-01,2019-06-11,10,8.0,94.0,south,monsoon,6,152,2019,normal,27.952117919921875,1008.1556396484376,4.669189453125,7.42596435546875,3.439849853515625,78.56288146972656,5864.2177734375,14.353363037109377,1.4387054443359375,0.0130881387740373,8.183979082538265,14.425286958345737,5.672878689236112,3.451933794737555,0.8167164660353077,4.161620497703552,0.541107177734375,0.028137207031136313,0
2019-06-01,2019-06-11,10,11.0,70.0,south,monsoon,6,152,2019,normal,27.416961669921875,1005.943115234375,7.598876953125,10.15838623046875,2.154693603515625,84.06312561035156,5841.50341796875,12.753753662109377,1.2707366943359375,0.0134538728743791,10.384388057676208,12.816903066657725,4.828559027777778,3.2577434134589955,1.046851622708343,5.926741242408752,0.998291015625,4.0009765625,1
2019-06-01,2019-06-11,10,11.0,73.0,south,monsoon,6,152,2019,normal,26.754852294921875,1005.890625,10.1318359375,7.70721435546875,1.688873291015625,85.94857025146484,5840.560546875,9.286956787109377,1.3605804443359375,0.0134328920394182,7.8900853046243755,9.386093197446225,5.693223741319444,5.34448120948177,1.0893423036581726,7.443042516708374,1.36181640625,2.89361572265625,1
2019-06-01,2019-06-11,10,11.0,76.0,south,monsoon,6,152,2019,normal,23.829071044921875,1007.265625,17.7001953125,0.66326904296875,1.398834228515625,100.0,5846.5,10.824066162109377,7.2375335693359375,0.0157445985823869,1.5481159589086295,13.020841003905463,4.686143663194444,5.583004643021018,1.139447522104662,12.884389400482178,2.811767578125,0.93585205078125,1
2019-06-01,2019-06-11,10,11.0,79.0,south,monsoon,6,152,2019,normal,25.530242919921875,1006.0081176757812,2.13623046875,2.94256591796875,2.081451416015625,81.5592041015625,5856.62109375,13.945159912109377,3.6887054443359375,0.0137757379561662,3.604321597585976,14.424771500075002,2.6685926649305554,5.40784556010783,1.5554913955107712,2.10406631231308,3.87396240234375,0.9232177734375,1
2019-06-01,2019-06-11,10,11.0,82.0,south,monsoon,6,152,2019,normal,29.207977294921875,1005.0656127929688,0.030517578125,11.14862060546875,9.083404541015623,64.11702728271484,5861.94873046875,20.03695678710937,5.9015960693359375,0.0118159372359514,14.380541695653388,20.887998311329156,0.41368272569444436,0.7520945680357823,1.7327484299991793,0.012218952178955099,0.10046386718750355,0.2333984375,0
2019-06-01,2019-06-11,10,11.0,85.0,south,monsoon,6,152,2019,normal,29.745086669921875,1005.09814453125,0.030517578125,11.43475341796875,7.399810791015625,58.408966064453125,5862.076171875,21.91586303710937,5.9133148193359375,0.0109867174178361,13.620234413275687,22.69961111591815,0.11867947048611101,0.18335647019580653,1.7243095978285796,1.320565104484558,0.08795166015625,0.29913330078125,0
2019-06-01,2019-06-11,10,11.0,88.0,south,monsoon,6,152,2019,normal,29.452117919921875,1005.3005981445312,0.152587890625,10.17498779296875,7.725006103515625,75.37542724609375,5857.97216796875,20.90805053710937,5.3449554443359375,0.013017090037465,12.775214122918516,21.580433868767695,3.3060709635416665,6.190498223959834,1.651903880014886,0.44231116771698,0.527191162109375,0.121826171875,0
2019-06-01,2019-06-11,10,11.0,91.0,south,monsoon,6,152,2019,normal,29.340789794921875,1005.6956176757812,8.270263671875,10.75018310546875,6.056060791015625,75.27066802978516,5855.703125,19.40609741210937,3.7140960693359375,0.0130242425948381,12.338651024548126,19.75831790362061,6.693522135416667,6.721738574487337,1.5969361305273237,6.70530092716217,0.474822998046875,0.2716064453125,1
2019-06-01,2019-06-11,10,11.0,94.0,south,monsoon,6,152,2019,normal,27.577117919921875,1006.7631225585938,10.92529296875,10.39178466796875,4.006256103515625,83.44637298583984,5857.81884765625,18.67367553710937,2.882064819335937,0.0137795526534318,11.137292155294597,18.89477323727625,9.992811414930555,5.551200888552695,1.4957196466920595,9.703164935112,0.52813720703125,0.425537109375,1
2019-06-01,2019-06-11,10,14.0,70.0,south,monsoon,6,152,2019,normal,28.459930419921875,1004.2806396484376,4.364013671875,4.82147216796875,1.094146728515625,74.77057647705078,5838.673828125,1.783050537109375,-4.957778930664063,0.0133189279586076,4.944062189133418,5.268665973775765,4.757351345486112,3.341746629209417,1.0346391613875836,46.98860168457031,0.74835205078125,7.675964355468864,1
2019-06-01,2019-06-11,10,14.0,73.0,south,monsoon,6,152,2019,normal,27.362274169921875,1004.0931396484376,6.8359375,4.34588623046875,-0.267181396484375,79.84410095214844,5838.49560546875,1.792816162109375,-1.5730133056640625,0.0139407236129045,4.354091527150667,2.3850703660304804,5.327012803819445,5.6267240450207,1.3005461252092292,4.878211736679077,1.252655029296875,3.1682739257813637,0
2019-06-01,2019-06-11,10,14.0,76.0,south,monsoon,6,152,2019,normal,22.555633544921875,1006.2681274414062,0.0,2.10565185546875,1.697662353515625,83.21760559082031,5848.56494140625,11.005706787109377,7.5637054443359375,0.014411361888051,2.7047785866837972,13.354221127886962,4.167344835069445,5.88251966570956,1.7427500406087568,0.2239309251308441,1.6470947265624964,0.69659423828125,0
2019-06-01,2019-06-11,10,14.0,79.0,south,monsoon,6,152,2019,normal,25.760711669921875,1004.5181274414062,0.0,3.01580810546875,1.559967041015625,61.1856689453125,5856.8759765625,11.788909912109377,-0.5046539306640625,0.0122078973799943,3.395378579490961,11.7997064584491,2.207438151041667,5.517711656543148,2.2568014967140027,9.313225746154783e-06,3.2022705078124964,0.5431518554686363,0
2019-06-01,2019-06-11,10,14.0,82.0,south,monsoon,6,152,2019,normal,30.051727294921875,1002.5231323242188,0.0,9.34100341796875,9.323638916015623,55.10639190673828,5863.529296875,9.788909912109377,4.1359710693359375,0.0112942773848772,13.19790087440972,10.626806385446997,0.2441406250000003,0.6690707866375872,2.172643216865222,9.313225746154783e-06,0.04656982421875,0.4868774414063637,0
2019-06-01,2019-06-11,10,14.0,85.0,south,monsoon,6,152,2019,normal,30.295867919921875,1002.6156005859376,0.0,11.30291748046875,8.265045166015625,67.49503326416016,5860.72509765625,18.87680053710937,1.0656585693359375,0.0132669527083635,14.002389623438004,18.90685660558655,0.09155273437500032,0.18921992225889356,2.0178786161150333,9.313225746154783e-06,0.13665771484375,0.3281860351563637,0
2019-06-01,2019-06-11,10,14.0,88.0,south,monsoon,6,152,2019,normal,29.916961669921875,1003.275634765625,0.6103515625,11.74334716796875,7.361724853515625,74.04499053955078,5852.72021484375,17.368988037109375,3.093002319335937,0.0132464487105607,13.86005755854965,17.642233667556557,3.4315321180555567,6.166650582102589,1.93270500892787,0.5249101668596268,0.12054443359375,0.07928466796875,0
2019-06-01,2019-06-11,10,14.0,91.0,south,monsoon,6,152,2019,normal,29.067352294921875,1003.5906372070312,19.317626953125,11.98846435546875,5.814849853515625,71.6590805053711,5835.69140625,19.94125366210937,1.9797210693359373,0.0131277162581682,13.324254441479097,20.039283747902843,7.368299696180557,6.62537036727307,1.7449346310385405,8.273681640625,1.249267578125,0.3895263671875,1
2019-06-01,2019-06-11,10,14.0,94.0,south,monsoon,6,152,2019,normal,27.551727294921875,1004.923095703125,15.0146484375,9.30877685546875,2.132232666015625,95.98395538330078,5842.19189453125,16.062347412109375,-0.5827789306640625,0.015535743907094,9.549855636968276,16.07291621546391,11.223687065972223,4.533952663779252,1.5125382764701736,6.924033164978027,0.24163818359375,1.05169677734375,1
2019-06-01,2019-06-11,10,17.0,70.0,west,monsoon,6,152,2019,normal,29.719696044921875,1003.3031005859376,0.6103515625,6.63006591796875,0.290435791015625,82.56011962890625,5854.14794921875,6.120941162109375,-1.9831695556640625,0.0151762086898088,6.636424265017546,6.434196313178334,1.9463433159722223,2.402860805422037,0.8049004991718786,2.3349430561065674,1.798919677734375,3.4786987304688637,0
2019-06-01,2019-06-11,10,17.0,73.0,west,monsoon,6,152,2019,normal,28.268524169921875,1003.84814453125,0.701904296875,3.06561279296875,3.110748291015625,77.6739273071289,5855.11669921875,3.839691162109375,-0.7194976806640625,0.0143031198531389,4.367463420163962,3.906520847616432,1.3936360677083333,2.337158612590479,1.193380644840122,0.3269109725952149,0.00787353515625,2.7286376953123863,0
2019-06-01,2019-06-11,10,17.0,76.0,central,monsoon,6,152,2019,normal,26.602508544921875,1003.8781127929688,0.0,4.55096435546875,1.118560791015625,62.380741119384766,5861.20947265625,6.122894287109375,-2.9460601806640625,0.0128044206649065,4.686411719849697,6.794785135617682,0.8409288194444443,2.1307064804921816,2.263902855410831,9.313225746154783e-06,1.261199951171875,0.118896484375,0
2019-06-01,2019-06-11,10,17.0,79.0,central,monsoon,6,152,2019,normal,29.594696044921875,1001.0406494140624,0.0,6.13006591796875,2.691802978515625,47.59760284423828,5862.43310546875,9.152191162109377,-1.4616851806640625,0.0116757471114397,6.69503632804092,9.268178172389971,-1.4802973661668753e-16,0.0,2.4093752916385127,9.313225746154783e-06,0.891632080078125,1.4744262695313637,0
2019-06-01,2019-06-11,10,17.0,82.0,central,monsoon,6,152,2019,normal,30.047821044921875,1000.295654296875,0.0,3.13885498046875,0.411529541015625,71.34752655029297,5862.89208984375,9.259613037109377,3.016830444335937,0.015575798228383,3.165717478162258,9.738670316161139,-1.4802973661668753e-16,0.0,2.129981810262089,9.313225746154783e-06,0.48767089843750355,1.41412353515625,0
2019-06-01,2019-06-11,10,17.0,85.0,east,monsoon,6,152,2019,normal,30.141571044921875,999.693115234375,0.0,7.84295654296875,9.085357666015623,56.72282791137695,5861.15869140625,8.720550537109375,2.102767944335937,0.0134791452437639,12.002320244616254,8.970486870733684,0.06781684027777764,0.19181499055624665,1.8282607360062175,0.0029001384973526,0.0166015625,1.52056884765625,0
2019-06-01,2019-06-11,10,17.0,88.0,east,monsoon,6,152,2019,normal,30.260711669921875,1000.8656005859376,0.0,10.48944091796875,8.084381103515625,48.05215835571289,5852.26171875,12.519378662109377,1.0500335693359375,0.0108145792037248,13.243322415407608,12.563336045096142,2.5770399305555554,5.968596675728882,2.0018920261375253,0.1923833042383194,0.41339111328125,0.7060546875,0
2019-06-01,2019-06-11,10,17.0,91.0,east,monsoon,6,152,2019,normal,30.252899169921875,1002.1231079101562,2.50244140625,9.38006591796875,5.577545166015625,70.98162078857422,5845.96484375,12.751800537109377,3.360580444335937,0.0134128648787736,10.913049376979068,13.187187640322561,6.479899088541667,6.91796094110279,1.871708274543831,0.7230658531188965,2.109619140625,1.06640625,0
2019-06-01,2019-06-11,10,17.0,94.0,east,monsoon,6,152,2019,normal,27.979461669921875,1003.443115234375,9.521484375,4.57830810546875,2.333404541015625,79.65103912353516,5854.12255859375,8.910003662109375,0.0031585693359375,0.0142182428389787,5.1386459170323455,8.910004221960993,10.31494140625,5.566853882635695,1.2803597086566894,8.934289932250977,1.21551513671875,0.93585205078125,1
2019-06-01,2019-06-11,10,20.0,70.0,west,monsoon,6,152,2019,normal,29.401336669921875,1002.068115234375,0.0,6.74920654296875,0.391021728515625,15.003875732421877,5864.39599609375,1.956878662109375,0.6320648193359375,0.0037054137792438,6.76052416250571,2.0564240890587593,0.21701388888888892,0.3008882724538712,1.1202760709379767,9.313225746154783e-06,0.39080810546875,1.1259765625,0
2019-06-01,2019-06-11,10,20.0,73.0,west,monsoon,6,152,2019,normal,27.311492919921875,1003.5956420898438,0.030517578125,0.51580810546875,1.907623291015625,17.675151824951172,5864.11572265625,5.992034912109375,0.7258148193359375,0.0040697171352803,1.9761286957312636,6.035833789950256,0.14919704861111113,0.2719869605869612,1.123786732733783,0.0206008553504943,2.09649658203125,1.70062255859375,0
2019-06-01,2019-06-11,10,20.0,76.0,central,monsoon,6,152,2019,normal,28.635711669921875,1002.0131225585938,0.0,3.42401123046875,-0.080657958984375,34.387969970703125,5865.92578125,6.785003662109375,-5.799575805664063,0.0090035516768693,3.4249611111257376,8.925881145325743,0.08138020833333334,0.21959465682904972,2.1535848362358836,9.313225746154783e-06,1.41510009765625,0.870849609375,0
2019-06-01,2019-06-11,10,20.0,79.0,central,monsoon,6,152,2019,normal,34.590789794921875,997.9706420898438,0.0,3.46600341796875,1.209381103515625,33.25334548950195,5865.2373046875,6.785003662109375,-9.492935180664062,0.0094255525618791,3.6709375296934335,11.668422902823117,9.25185853854297e-18,3.041686791657381e-09,2.0033117763458854,9.313225746154783e-06,0.845977783203125,2.61358642578125,0
2019-06-01,2019-06-11,10,20.0,82.0,central,monsoon,6,152,2019,normal,29.594696044921875,1000.03564453125,0.0,4.48944091796875,4.279693603515625,35.966583251953125,5857.51318359375,12.923675537109377,4.1828460693359375,0.010530861094594,6.202487976280539,13.583725211746534,9.25185853854297e-18,3.041686791657381e-09,1.2753565671540794,9.313225746154783e-06,0.201904296875,1.7369384765623863,0
2019-06-01,2019-06-11,10,20.0,85.0,east,monsoon,6,152,2019,normal,29.616180419921875,997.525634765625,0.0,1.00506591796875,1.256256103515625,36.46181106567383,5855.60107421875,7.466644287109375,-0.0515289306640625,0.0107463914901018,1.6088309100345588,7.466822091152196,9.25185853854297e-18,3.041686791657381e-09,1.3635518668258648,9.313225746154783e-06,0.010528564453125,2.033447265625,0
2019-06-01,2019-06-11,10,20.0,88.0,east,monsoon,6,152,2019,normal,30.084930419921875,998.5006103515624,0.0,7.32147216796875,6.546295166015625,49.23663711547852,5850.783203125,8.429534912109375,1.3859710693359375,0.012772949412465,9.8213000721361,8.542714711349491,0.6781684027777778,1.0934190569017375,1.6265183303001092,9.313225746154783e-06,0.648406982421875,1.8794555664063637,0
2019-06-01,2019-06-11,10,20.0,91.0,east,monsoon,6,152,2019,normal,29.807586669921875,1000.4756469726562,0.762939453125,6.69451904296875,5.406646728515625,74.63182067871094,5846.474609375,11.066253662109377,2.173080444335937,0.0149168092757463,8.605138817220785,11.27759942238172,3.546820746527778,3.9022154046511783,2.1104096913705903,6.54673957824707,2.49920654296875,1.201171875,0
2019-06-01,2019-06-11,10,20.0,94.0,east,monsoon,6,152,2019,normal,24.409149169921875,1003.2380981445312,10.589599609375,0.05780029296875,1.118560791015625,100.0,5848.08056640625,8.742034912109375,3.352767944335937,0.0172947961837053,1.1200531759986996,9.36291766988826,6.415473090277779,3.577802727372386,1.5990164802999707,9.388748526573181,0.337493896484375,0.0260009765625,1
2019-06-01,2019-06-11,10,23.0,70.0,west,monsoon,6,152,2019,normal,28.707977294921875,1000.798095703125,0.0,5.62225341796875,2.766998291015625,10.735334396362305,5857.97216796875,8.611175537109375,1.9758148193359373,0.0029143409337848,6.266259892339662,8.834941331509702,0.0033908420138888886,0.009590749527812331,1.8644718830143383,9.313225746154783e-06,1.51971435546875,0.173095703125,0
2019-06-01,2019-06-11,10,23.0,73.0,west,monsoon,6,152,2019,normal,28.516571044921875,1001.5081176757812,0.0,2.36444091796875,-0.345306396484375,46.17467880249024,5860.95458984375,6.956878662109375,1.2805023193359375,0.0108613092452287,2.3895224129557624,7.073743486241033,0.0033908420138888886,0.009590749527812331,1.8280821025878735,9.313225746154783e-06,3.9666748046875,1.013427734375,1
2019-06-01,2019-06-11,10,23.0,76.0,central,monsoon,6,152,2019,normal,27.776336669921875,1001.2731323242188,0.0,5.51678466796875,-1.876556396484375,28.63141441345215,5864.54931640625,10.421722412109377,-6.823013305664063,0.0075024678371846,5.827210051295688,12.456556851888557,0.0033908420138888886,0.009590749527812331,2.3952790821078573,9.313225746154783e-06,3.8016357421874964,0.276123046875,1
2019-06-01,2019-06-11,10,23.0,79.0,central,monsoon,6,152,2019,normal,32.913055419921875,997.8630981445312,0.0,3.15155029296875,0.566802978515625,26.57686233520508,5862.509765625,9.439300537109377,-12.293716430664062,0.0080908853560686,3.2021141243818274,15.499543809656235,0.0,0.0,2.2235422809394456,9.313225746154783e-06,1.873291015625,1.42596435546875,0
2019-06-01,2019-06-11,10,23.0,82.0,central,monsoon,6,152,2019,normal,27.893524169921875,997.55810546875,0.0,0.59783935546875,-1.601165771484375,22.33635902404785,5855.703125,0.052581787109375,-0.0007476806640625,0.0070947720669209,1.7091353728480503,0.05258710262023425,0.0,0.0,1.4594996071516169,9.313225746154783e-06,3.366851806640625,1.5567626953123863,0
2019-06-01,2019-06-11,10,23.0,85.0,east,monsoon,6,152,2019,normal,25.805633544921875,998.150634765625,0.0,-0.04571533203125,1.673248291015625,24.70381164550781,5851.369140625,3.533050537109375,1.5695648193359375,0.0076216771267354,1.6738726758536435,3.8660030806849983,0.2983940972222222,0.8439859584474851,1.414018413651078,9.313225746154783e-06,3.17254638671875,2.2734375,0
2019-06-01,2019-06-11,10,23.0,88.0,east,monsoon,6,152,2019,normal,28.356414794921875,996.7431030273438,0.0,-1.58868408203125,2.112701416015625,52.78490447998047,5843.92529296875,7.175628662109375,3.124252319335937,0.0138143617659807,2.6433736750096273,7.826276205920768,0.7900661892361112,1.1010268177849187,1.2622127798916123,0.0014696270227432,1.677276611328125,3.62603759765625,0
2019-06-01,2019-06-11,10,23.0,91.0,east,monsoon,6,152,2019,normal,24.887664794921875,998.7631225585938,2.838134765625,-2.21563720703125,0.165435791015625,57.91719436645508,5841.4013671875,8.351409912109375,-0.0319976806640625,0.0127777177840471,2.2218049496142105,8.351471210011239,4.126654730902778,4.673382413879203,1.745233863110625,2.8373952955007553,3.594146728515625,3.3390502929686363,1
2019-06-01,2019-06-11,10,23.0,94.0,east,monsoon,6,152,2019,normal,22.940399169921875,1000.7056274414062,5.706787109375,0.29510498046875,-0.796478271484375,87.01396942138672,5828.986328125,2.745941162109375,2.444564819335937,0.0162176210433244,0.8493907148328141,3.6764235367679725,7.164849175347222,4.87510874045209,1.5015213961534535,9.58122730255127,1.22808837890625,4.159423828125,1
2019-06-01,2019-06-11,10,26.0,70.0,west,monsoon,6,152,2019,normal,27.372039794921875,997.84814453125,0.0,1.80584716796875,6.654693603515625,7.887265682220459,5846.52587890625,9.648284912109377,1.5793304443359375,0.0024870948400348,6.895363003550468,9.776690973823596,0.0,0.0,2.39667429813629,0.0007394701242446,1.526275634765625,0.137939453125,0
2019-06-01,2019-06-11,10,26.0,73.0,west,monsoon,6,152,2019,normal,30.286102294921875,999.1981201171876,0.0,3.67205810546875,2.911529541015625,41.82006072998047,5845.990234375,8.785003662109375,4.3469085693359375,0.0102747995406389,4.686258101955696,9.80162759206048,0.0,0.0,2.33789075738007,9.313225746154783e-06,3.286865234375,0.3516845703126137,0
2019-06-01,2019-06-11,10,26.0,76.0,central,monsoon,6,152,2019,normal,31.911102294921875,998.108154296875,0.0,3.22479248046875,-0.520111083984375,26.449567794799805,5850.22216796875,5.439300537109375,-4.473403930664063,0.0079053957015275,3.266466298888019,7.042537402093014,0.0,0.0,2.2755526479605916,9.313225746154783e-06,3.6036376953125,0.11181640625,1
2019-06-01,2019-06-11,10,26.0,79.0,central,monsoon,6,152,2019,normal,29.772430419921875,995.673095703125,0.0,2.41522216796875,0.278717041015625,9.14614200592041,5847.57080078125,2.470550537109375,-5.031997680664063,0.003044040640816,2.431250976267192,5.6057667285234,0.0,0.0,4.587361350201176,9.313225746154783e-06,3.5247802734375,1.1859130859373863,1
2019-06-01,2019-06-11,10,26.0,82.0,central,monsoon,6,152,2019,normal,28.745086669921875,994.963134765625,0.0,-2.01251220703125,-0.896087646484375,9.33419132232666,5842.62548828125,7.911956787109375,-6.615982055664063,0.0030163840856403,2.202993067086617,10.31359679073964,0.0,0.0,7.518067391180204,9.313225746154783e-06,2.64080810546875,2.63836669921875,0
2019-06-01,2019-06-11,10,26.0,85.0,east,monsoon,6,152,2019,normal,29.659149169921875,995.8956298828124,0.0,-4.70587158203125,-1.003509521484375,44.81116485595703,5840.076171875,5.326019287109375,1.7824554443359375,0.0118517000228166,4.811679406016063,5.616371502821361,0.2983940972222222,0.8439859584474851,7.645893583282607,9.313225746154783e-06,2.094024658203125,2.6085205078126137,0
2019-06-01,2019-06-11,10,26.0,88.0,northeast,monsoon,6,152,2019,normal,25.020477294921875,998.24560546875,2.685546875,-3.23614501953125,-1.844329833984375,92.28840637207033,5833.75390625,3.710784912109375,4.2453460693359375,0.01709452457726,3.7248069915046265,5.638518237299998,0.7392035590277778,1.1116274488291567,7.2689407495448,4.665738105773926,0.578125,3.164306640625,0
2019-06-01,2019-06-11,10,26.0,91.0,northeast,monsoon,6,152,2019,normal,25.627899169921875,999.1356201171876,0.823974609375,-1.34747314453125,-0.653900146484375,96.96907043457033,5824.984375,1.527191162109375,0.3137054443359375,0.0162762720137834,1.497754745212053,1.5590779170493665,2.9398600260416665,4.210418236650555,6.033520372154138,1.2646169662475586,1.7052001953124964,2.8959350585936363,0
2019-06-01,2019-06-11,10,26.0,94.0,northeast,monsoon,6,152,2019,normal,23.901336669921875,999.9381103515624,13.73291015625,-0.14044189453125,-0.344329833984375,98.12442779541016,5821.134765625,5.480316162109375,3.9582366943359375,0.0160388071089983,0.3718695474373157,6.760288674684293,4.842122395833333,5.168283978484587,6.202664142015515,13.721423223614693,2.11761474609375,3.6570434570313637,1
2019-06-01,2019-06-11,10,29.0,70.0,north,monsoon,6,152,2019,normal,33.538055419921875,995.0656127929688,0.0,3.90643310546875,3.186920166015625,16.725513458251953,5834.64599609375,6.814300537109375,7.8937835693359375,0.0052770688198506,5.041495785187099,10.428159514006637,0.0,0.0,1.7034035776655914,9.313225746154783e-06,0.93121337890625,0.4684448242188637,0
2019-06-01,2019-06-11,10,29.0,73.0,north,monsoon,6,152,2019,normal,34.301727294921875,995.6781005859376,0.0,4.48651123046875,2.506256103515625,21.778255462646484,5836.40478515625,8.187347412109375,4.2570648193359375,0.0068177296780049,5.139076052904018,9.227960691431331,0.0,0.0,1.5811022090279145,9.313225746154783e-06,0.49481201171875,0.6439819335936363,0
2019-06-01,2019-06-11,10,29.0,76.0,north,monsoon,6,152,2019,normal,30.610321044921875,995.9556274414062,0.0,3.07537841796875,1.530670166015625,15.164093017578123,5837.27197265625,4.226409912109375,-2.4460601806640625,0.0050114705227315,3.4352443247661837,4.883211151753186,0.0,0.0,7.259791271669155,9.313225746154783e-06,4.516448974609375,0.64593505859375,1
2019-06-01,2019-06-11,10,29.0,79.0,north,monsoon,6,152,2019,normal,25.067352294921875,995.28564453125,0.0,-0.29766845703125,-2.045501708984375,11.42663288116455,5832.45361328125,11.173675537109377,-10.092544555664062,0.0037616805639117,2.067047109228371,15.05690806960914,0.0,0.0,9.128550134619232,9.313225746154783e-06,7.020294189453125,2.466552734375,1
2019-06-01,2019-06-11,10,29.0,82.0,central,monsoon,6,152,2019,normal,8.106414794921875,1010.4581298828124,0.0,0.23260498046875,-1.558197021484375,48.11284637451172,5821.46630859375,-0.160308837890625,-0.5554351806640625,0.0086049158126115,1.5754628001643343,0.5781065329376259,0.0,0.0,9.858592864180423,0.0980403274297714,0.6744384765625,1.7658081054686363,0
2019-06-01,2019-06-11,10,29.0,85.0,east,monsoon,6,152,2019,normal,-3.668975830078125,1017.4181518554688,0.0,0.81072998046875,-0.867767333984375,23.95547866821289,5819.732421875,0.480316162109375,-0.6491851806640625,0.0035585479345172,1.1875618919286732,0.8075549605923493,0.2983940972222222,0.8439859584474851,8.160251104348877,0.002169981598854,1.377410888671875,1.7588500976563637,0
2019-06-01,2019-06-11,10,29.0,88.0,northeast,monsoon,6,152,2019,normal,4.139617919921875,1009.3406372070312,0.0,0.18865966796875,1.298248291015625,33.54891586303711,5818.30517578125,-0.226715087890625,1.6515960693359375,0.0054029538296163,1.311884558733378,1.6670840732618055,0.4238552517361111,0.8411202161641316,7.382174061819945,0.0336617231369018,0.9212646484375,2.86810302734375,0
2019-06-01,2019-06-11,10,29.0,91.0,northeast,monsoon,6,152,2019,normal,4.170867919921875,1010.7181396484376,0.30517578125,-0.24298095703125,1.152740478515625,50.47247695922852,5812.31396484375,-0.482574462890625,1.1613616943359375,0.0079826433211565,1.178070607513936,1.257632337889343,2.098931206597222,4.190136893397726,6.345333858537396,0.30516646802425385,1.407318115234375,4.178161621093636,1
2019-06-01,2019-06-11,10,29.0,94.0,northeast,monsoon,6,152,2019,normal,3.969696044921875,1013.890625,0.3662109375,0.01678466796875,0.568756103515625,52.36085510253906,5820.06396484375,-0.265777587890625,0.1515960693359375,0.0080179292708635,0.5690037173561325,0.30597237532670374,3.4756130642361107,5.491552129481632,6.222367034685913,0.04387274384498602,3.185089111328125,0.552001953125,0
2019-06-01,2019-06-11,10,32.0,70.0,north,monsoon,6,152,2019,normal,29.629852294921875,998.2681274414062,0.0,1.13983154296875,-0.070892333984375,15.461603164672852,5816.0361328125,-3.662261962890625,-5.465591430664063,0.0043462826870381,1.1420340053449693,6.579122462136112,0.0,0.0,1.7456393429997368,9.313225746154783e-06,1.362945556640625,0.71685791015625,0
2019-06-01,2019-06-11,10,32.0,73.0,north,monsoon,6,152,2019,normal,28.081024169921875,994.233154296875,0.0,-2.64141845703125,-1.903900146484375,17.17981719970703,5820.01318359375,6.751800537109375,3.270736694335937,0.0056122853420674,3.256060078212405,7.502301581287306,0.0,0.0,1.401750949987925,9.313225746154783e-06,2.161865234375,1.50653076171875,0
2019-06-01,2019-06-11,10,32.0,76.0,north,monsoon,6,152,2019,normal,26.803680419921875,996.3031005859376,0.0,-2.87969970703125,1.317779541015625,11.579243659973145,5818.84033203125,3.650238037109375,-3.1765289306640625,0.003835113486275,3.1668933233368026,4.8388607930902365,0.0,0.0,9.812693885569612,9.313225746154783e-06,1.168426513671875,1.2843017578123863,0
2019-06-01,2019-06-11,10,32.0,79.0,north,monsoon,6,152,2019,normal,-6.331085205078125,1018.9656372070312,0.0,1.71502685546875,-0.053314208984375,12.815372467041016,5814.40478515625,1.095550537109375,0.1437835693359375,0.0017890052404254,1.7158553318559984,1.1049455616326183,0.0,0.0,10.104778821681599,9.313225746154783e-06,4.63861083984375,0.09454345703125,1
2019-06-01,2019-06-11,10,32.0,82.0,central,monsoon,6,152,2019,normal,-1.563507080078125,1015.1431274414062,0.0,-0.28204345703125,1.318756103515625,14.074429512023926,5812.46728515625,0.492034912109375,1.6633148193359375,0.0020765380468219,1.3485793162487152,1.7345646551676945,0.0,0.0,6.873433985290427,9.313225746154783e-06,0.037689208984375,2.6109619140625,0
2019-06-01,2019-06-11,10,32.0,85.0,east,monsoon,6,152,2019,normal,1.266571044921875,1011.2481079101562,0.0,-0.77911376953125,3.222076416015625,10.672340393066406,5809.0,-0.808746337890625,1.7375335693359375,0.0016640739049762,3.314935096878563,1.9165316443045703,0.0,0.0,2.4894120608002694,9.313225746154783e-06,1.249298095703125,3.28887939453125,0
2019-06-01,2019-06-11,10,32.0,88.0,northeast,monsoon,6,152,2019,normal,0.125946044921875,1013.7431030273438,0.0,-1.87286376953125,-0.534759521484375,27.758331298828125,5809.43359375,-1.185699462890625,-0.7995758056640625,0.0041121556423604,1.9477131321221308,1.4301065293545272,0.03390842013888889,0.09590749527812331,2.235699715021983,9.313225746154783e-06,1.220672607421875,1.9381713867186363,0
2019-06-01,2019-06-11,10,32.0,91.0,northeast,monsoon,6,152,2019,normal,1.040008544921875,1013.4481201171876,0.0,1.89178466796875,-1.189056396484375,35.286705017089844,5803.8759765625,1.179534912109375,-1.3034820556640625,0.0052103116177022,2.234436023694131,1.7579442762280837,0.2916124131944444,0.3900500174844945,1.4983928371001356,0.0007096678018569,2.892242431640625,4.181274414062386,1
2019-06-01,2019-06-11,10,32.0,94.0,northeast,monsoon,6,152,2019,normal,2.448211669921875,1012.16064453125,0.9765625,-1.10723876953125,-0.576751708984375,46.93534469604492,5805.25244140625,-0.293121337890625,-0.3112945556640625,0.0070709302090108,1.248447126060801,0.42757972252303555,0.54931640625,0.4028114801681178,1.002126402155898,0.6983671188354492,2.381500244140625,7.34307861328125,1
2019-06-11,2019-06-12,1,8.0,70.0,south,monsoon,6,162,2019,normal,29.4287109375,1007.24560546875,0.22125244140625,9.768310546875,2.551254272460937,70.45698547363281,5866.13232421875,19.12335205078125,-1.00927734375,0.0118434149771928,10.095978867991926,19.14996695596957,2.293056911892361,2.457791843643967,0.8486789556662412,0.1188367605209351,0.5765686035156286,0.65625,0
2019-06-11,2019-06-12,1,8.0,73.0,south,monsoon,6,162,2019,normal,29.4345703125,1007.4606323242188,1.30462646484375,8.676513671875,3.8188323974609375,71.018798828125,5871.74072265625,17.84600830078125,-0.02294921875,0.0120646674185991,9.479734720873314,17.846023056641904,2.9847886827256946,2.365612066860423,0.8991558204350953,0.6856843829154968,1.030548095703125,0.6113891601563637,0
2019-06-11,2019-06-12,1,8.0,76.0,south,monsoon,6,162,2019,normal,27.9521484375,1008.28564453125,2.78472900390625,7.643310546875,3.9653167724609375,83.15802001953125,5875.05517578125,14.90850830078125,-0.29443359375,0.0137517172843217,8.610687151553623,14.911415455804052,2.7186075846354165,2.09365377098258,0.977791722757034,4.475587844848633,0.890625,0.1510009765623863,1
2019-06-11,2019-06-12,1,8.0,79.0,south,monsoon,6,162,2019,normal,27.8798828125,1008.4506225585938,1.80816650390625,7.751708984375,6.6469573974609375,77.2170639038086,5878.34375,16.86163330078125,0.12353515625,0.0128857810050249,10.211318956045824,16.86208582900837,1.761542426215278,2.0705477851637517,1.0918382865408551,1.4402121305465698,0.455352783203125,0.64569091796875,0
2019-06-11,2019-06-12,1,8.0,82.0,south,monsoon,6,162,2019,normal,29.2099609375,1007.5606079101562,0.0,2.958740234375,5.0170745849609375,65.41791534423828,5878.24169921875,18.33428955078125,0.34619140625,0.0116722304373979,5.824532699330513,18.33755768420778,0.5433824327256948,0.7116296161139821,1.123059923262052,0.0,0.240936279296875,0.1708374023438637,0
2019-06-11,2019-06-12,1,8.0,85.0,south,monsoon,6,162,2019,normal,29.0693359375,1007.6656494140624,0.274658203125,8.252685546875,8.403793334960938,76.91858673095703,5879.0576171875,16.62725830078125,1.14306640625,0.0131261069327592,11.778393827357506,16.666502914828783,0.24414062500000036,0.2195357447805491,0.8973690005714957,0.10532699525356301,0.32763671875,0.3117675781247726,0
2019-06-11,2019-06-12,1,8.0,88.0,south,monsoon,6,162,2019,normal,28.9404296875,1007.8406372070312,0.26702880859375,5.865966796875,8.875473022460938,81.57717895507812,5877.06884765625,13.83624267578125,4.17236328125,0.0135395247489213,10.638777553575967,14.45165134971895,0.4874335394965281,0.3637201666218885,0.8608816885068592,0.08817017078399661,0.211090087890625,0.01361083984375,0
2019-06-11,2019-06-12,1,8.0,91.0,south,monsoon,6,162,2019,normal,29.3291015625,1007.983154296875,0.37384033203125,5.978271484375,7.9770355224609375,81.30044555664062,5880.5107421875,11.77374267578125,5.20361328125,0.0132243353873491,9.96859196012631,12.872397126266499,0.6790161132812503,0.6884985515188243,0.7965731683195703,0.10155513882637018,0.105072021484375,0.2757568359373863,0
2019-06-11,2019-06-12,1,8.0,94.0,south,monsoon,6,162,2019,normal,29.2236328125,1008.2481079101562,0.3204345703125,3.827880859375,7.5893402099609375,75.15388488769531,5884.5126953125,9.95147705078125,5.21337890625,0.0122501570731401,8.500044511418714,11.234376489701523,0.9095933702256946,0.8458179965461827,0.7221444928433245,0.1929886639118195,0.096282958984375,0.2840576171875,0
2019-06-11,2019-06-12,1,11.0,70.0,south,monsoon,6,162,2019,normal,28.4091796875,1005.2781372070312,5.5694580078125,11.996826171875,2.696762084960937,84.35265350341797,5856.2666015625,20.93780517578125,1.45751953125,0.0142080504447221,12.296193067005245,20.98847418853851,2.5304158528645835,2.2928329862989854,2.2566115774566913,4.9203187227249146,0.310089111328125,1.2633056640625,1
2019-06-11,2019-06-12,1,11.0,73.0,south,monsoon,6,162,2019,normal,27.1650390625,1006.3531494140624,6.00433349609375,10.821044921875,3.135238647460937,88.16278839111328,5862.18115234375,19.82647705078125,1.00244140625,0.0143115241080522,11.266087811559496,19.851802966434057,2.790662977430556,2.4530735386369202,2.156255256162246,0.6814804077148438,0.93218994140625,1.5438232421873863,1
2019-06-11,2019-06-12,1,11.0,76.0,south,monsoon,6,162,2019,normal,24.9541015625,1007.8456420898438,6.6680908203125,2.037841796875,0.9633636474609376,93.34113311767578,5870.59375,14.90264892578125,1.04736328125,0.0143816191703081,2.2540782387352865,14.939408115718635,2.1972656250000004,2.38406609128773,1.664631920514322,1.6080679893493652,0.989898681640625,0.2781372070313637,0
2019-06-11,2019-06-12,1,11.0,79.0,south,monsoon,6,162,2019,normal,29.0791015625,1005.4606323242188,0.0,4.208740234375,2.552230834960937,66.28390502929688,5880.25537109375,17.28546142578125,1.49853515625,0.0126487929373979,4.9221313061896605,17.350296375471192,1.2554592556423618,2.1422592079728786,1.7129337900786956,0.0,1.05047607421875,0.40936279296875,0
2019-06-11,2019-06-12,1,11.0,82.0,south,monsoon,6,162,2019,normal,29.5380859375,1005.6556396484376,0.0,8.656005859375,6.8315277099609375,65.97029113769531,5880.15380859375,17.83233642578125,-1.82568359375,0.0124032218009233,11.027067075587164,17.92555000513883,0.3263685438368061,0.5704191003585802,1.792499161325095,0.0,0.180572509765625,0.9956665039063637,0
2019-06-11,2019-06-12,1,11.0,85.0,south,monsoon,6,162,2019,normal,29.5517578125,1005.7306518554688,0.72479248046875,8.909912109375,8.022933959960938,78.79402923583984,5872.556640625,12.71514892578125,1.84228515625,0.0145604331046342,11.98974574887565,12.847919162328784,0.30008951822916724,0.3105537419123077,1.7278703058451255,0.7163975387811661,0.2301025390625,0.3837890625,0
2019-06-11,2019-06-12,1,11.0,88.0,south,monsoon,6,162,2019,normal,29.3720703125,1006.0331420898438,0.38909912109375,8.664794921875,8.531723022460938,83.91220092773438,5862.97119140625,16.71905517578125,4.34423828125,0.0145060736685991,12.160138517720133,17.274235503057604,0.9002685546875006,1.0253015610701952,1.534850743369916,0.3264695405960083,0.04205322265625,0.21124267578125,0
2019-06-11,2019-06-12,1,11.0,91.0,south,monsoon,6,162,2019,normal,29.0322265625,1006.3756103515624,1.44195556640625,9.118896484375,7.6352386474609375,73.93202209472656,5868.24853515625,16.65850830078125,1.93603515625,0.0126650054007768,11.893323433608785,16.770632991435768,2.408345540364584,3.5617099291605836,1.2874110583563312,0.8124932646751404,0.43853759765625,0.3779907226563637,0
2019-06-11,2019-06-12,1,11.0,94.0,south,monsoon,6,162,2019,normal,28.7646484375,1006.80810546875,2.35748291015625,7.694091796875,7.9057464599609375,84.81426239013672,5877.375,14.05499267578125,5.95947265625,0.0140073020011186,11.031766661234458,15.266241628405336,3.8672553168402786,4.483878305558712,1.2073727887615744,1.8731842041015625,0.394073486328125,0.5682373046876137,0
2019-06-11,2019-06-12,1,14.0,70.0,south,monsoon,6,162,2019,normal,29.3369140625,1001.5505981445312,1.3580322265625,13.091552734375,4.7963714599609375,60.65618515014648,5824.42626953125,19.35968017578125,0.12744140625,0.0111171919852495,13.942522446775882,19.360099633539196,31.559414333767364,52.4446122962137,3.779099603289366,2.569038391113281,0.54425048828125,1.17950439453125,0
2019-06-11,2019-06-12,1,14.0,73.0,south,monsoon,6,162,2019,normal,29.4736328125,1003.0231323242188,1.16729736328125,7.403076171875,7.5151214599609375,69.44628143310547,5846.4775390625,14.75616455078125,4.57080078125,0.0118114668875932,10.549056230988098,15.447867556125953,17.133076985677086,39.843269861565446,3.663576757241272,0.7584896087646484,1.315032958984375,0.8570556640625,0
2019-06-11,2019-06-12,1,14.0,76.0,south,monsoon,6,162,2019,normal,22.8056640625,1006.4981079101562,0.03814697265625,4.167724609375,2.869613647460937,82.9970932006836,5869.54833984375,14.02960205078125,7.30908203125,0.0136058051139116,5.060099890840502,15.819368313647264,1.9616021050347239,2.6142957623023997,2.3293820456944365,0.1785513013601303,1.0074462890625,0.5643310546875,0
2019-06-11,2019-06-12,1,14.0,79.0,south,monsoon,6,162,2019,normal,27.2333984375,1005.078125,0.0,3.053466796875,1.5571136474609375,63.14262390136719,5878.06298828125,15.73272705078125,0.86767578125,0.0123455245047807,3.4275738344676365,15.75663548209934,0.7451375325520849,2.094113997154382,1.8279801063513863,0.0,1.50347900390625,0.47186279296875,0
2019-06-11,2019-06-12,1,14.0,82.0,south,monsoon,6,162,2019,normal,30.4833984375,1002.93310546875,0.0,6.664794921875,6.6655120849609375,67.9014892578125,5879.03173828125,7.34405517578125,0.05712890625,0.0141923148185014,9.425950493473382,7.34427737336007,0.09494357638889055,0.22632759184498463,1.5706006065007103,0.0,0.0589599609375,0.196533203125,0
2019-06-11,2019-06-12,1,14.0,85.0,south,monsoon,6,162,2019,normal,30.2548828125,1003.2606201171876,0.12969970703125,8.007568359375,7.4711761474609375,65.29502868652344,5869.3193359375,12.34210205078125,0.94970703125,0.0135118681937456,10.951695031201924,12.378587418486184,0.23990207248264053,0.3356184271042591,1.7804565027896082,0.1275129616260529,0.043487548828125,0.07330322265613631,0
2019-06-11,2019-06-12,1,14.0,88.0,south,monsoon,6,162,2019,normal,29.6708984375,1004.5856323242188,0.91552734375,8.783935546875,6.4711761474609375,73.18037414550781,5852.8505859375,13.36358642578125,1.97119140625,0.013454170897603,10.910254095259265,13.508184101477102,2.0065307617187513,3.307088059693613,1.8323316636933273,0.3314744830131531,0.234893798828125,0.1317138671875,0
2019-06-11,2019-06-12,1,14.0,91.0,south,monsoon,6,162,2019,normal,28.4306640625,1004.818115234375,3.5858154296875,9.177490234375,6.3295745849609375,84.3302993774414,5851.77978515625,16.13507080078125,2.24853515625,0.0145985800772905,11.148535393881652,16.290991992359334,6.8198310004340295,9.14862811507959,1.9456165432309651,3.149783134460449,0.13076782226562855,0.00164794921875,0
2019-06-11,2019-06-12,1,14.0,94.0,south,monsoon,6,162,2019,normal,27.4228515625,1005.47314453125,12.02392578125,9.784912109375,4.4701995849609375,86.2297592163086,5859.47900390625,14.97491455078125,3.01220703125,0.014519901946187,10.757657241127292,15.274863567387825,11.583116319444448,10.546738164617606,1.9808813111297625,9.549394607543945,0.7561950683593714,0.9893798828123863,1
2019-06-11,2019-06-12,1,17.0,70.0,west,monsoon,6,162,2019,normal,28.5791015625,995.55810546875,129.61578369140625,12.662841796875,-6.221206665039063,81.96539306640625,5788.25146484375,27.66827392578125,-6.08544921875,0.0139639098197221,14.108542615798804,28.329597141965355,29.683430989583332,53.42689205133918,2.5205542430283225,7.056938171386733,0.30523681640625,3.85870361328125,1
2019-06-11,2019-06-12,1,17.0,73.0,west,monsoon,6,162,2019,normal,28.2900390625,999.6281127929688,3.77655029296875,2.653076171875,15.017074584960938,86.49198913574219,5827.0009765625,15.37921142578125,17.53369140625,0.0147564131766557,15.24963416820386,23.322745944860046,15.120612250434029,40.496971892927704,3.168109234904188,5.630366325378418,0.6539611816406286,0.3530883789063637,1
2019-06-11,2019-06-12,1,17.0,76.0,central,monsoon,6,162,2019,normal,25.4189453125,1003.6531372070312,0.0,2.303466796875,6.2934417724609375,73.52025604248047,5858.10205078125,10.82257080078125,9.95361328125,0.0138613898307085,6.701743700535096,14.703824539574706,0.5535549587673619,1.1957592943297677,2.250136794529099,0.0077839940786361,1.95867919921875,0.098876953125,0
2019-06-11,2019-06-12,1,17.0,79.0,central,monsoon,6,162,2019,normal,29.1650390625,1002.9756469726562,0.0,3.335693359375,1.6323089599609375,60.40039443969727,5877.24755859375,9.90655517578125,6.23681640625,0.0123431403189897,3.7136616335561903,11.706310876448969,0.0042385525173619,0.011988436905550449,1.5588636571312486,0.0,2.38140869140625,0.30181884765625,0
2019-06-11,2019-06-12,1,17.0,82.0,central,monsoon,6,162,2019,normal,28.7548828125,1001.84814453125,0.0,1.717529296875,0.0121917724609375,63.633426666259766,5879.23583984375,8.59210205078125,0.80517578125,0.0136601645499467,1.7175725675905724,8.629746559995311,0.014411078559028567,0.04076068549196252,1.5366934760243267,0.0,0.995361328125,0.23602294921875,0
2019-06-11,2019-06-12,1,17.0,85.0,east,monsoon,6,162,2019,normal,30.0302734375,1001.5381469726562,0.0,8.644287109375,6.0649261474609375,64.9974594116211,5866.13232421875,10.32257080078125,-1.49365234375,0.0144197661429643,10.559688859216552,10.430075036217694,0.11613633897569524,0.2855060785655525,1.653830720880452,0.0,0.0323486328125,0.023193359375,0
2019-06-11,2019-06-12,1,17.0,88.0,east,monsoon,6,162,2019,normal,30.0400390625,1001.358154296875,0.0,9.522216796875,6.9711761474609375,46.61203002929688,5857.59228515625,12.35772705078125,-2.22412109375,0.0109584052115678,11.80126728811854,12.556278608778731,1.7259385850694453,3.4173116691510375,1.8868569796150902,0.0015757977962493,0.50177001953125,0.9393310546873863,0
2019-06-11,2019-06-12,1,17.0,91.0,east,monsoon,6,162,2019,normal,29.8935546875,1002.3131103515624,10.87188720703125,9.479248046875,3.8491058349609375,70.33663177490234,5837.2998046875,10.62725830078125,-5.35888671875,0.0136978346854448,10.23092172108231,11.901944624972808,6.435818142361112,9.379616589060378,1.8638426537994197,5.0769147872924805,0.360870361328125,0.11883544921886369,1
2019-06-11,2019-06-12,1,17.0,94.0,east,monsoon,6,162,2019,normal,27.7314453125,1001.8056030273438,29.79278564453125,9.212646484375,-2.9184722900390625,96.38975524902344,5837.01953125,10.29327392578125,-6.03076171875,0.0160062033683061,9.663867536022671,11.929860645435411,11.058383517795141,11.034397710054552,1.5688372305040714,9.16244888305664,0.16229248046875,0.611328125,1
2019-06-11,2019-06-12,1,20.0,70.0,west,monsoon,6,162,2019,normal,29.7451171875,997.608154296875,0.12969970703125,3.897216796875,-6.404800415039063,73.92184448242188,5823.96728515625,-8.60516357421875,-4.39404296875,0.0146834570914506,7.497317328106714,9.662114351956435,29.251946343315975,53.65912105977472,1.4130997168156483,0.0012628734111785889,0.284942626953125,0.6290283203126137,0
2019-06-11,2019-06-12,1,20.0,73.0,west,monsoon,6,162,2019,normal,28.5888671875,999.1631469726562,0.0,-2.441650390625,1.7055511474609375,72.27137756347656,5840.81787109375,-2.71649169921875,8.65673828125,0.0139329154044389,2.9783487617544955,9.072951274088469,14.835781521267362,40.59779251791043,2.3263607076869395,0.0048987567424774,0.31161499023437145,0.080810546875,0
2019-06-11,2019-06-12,1,20.0,76.0,central,monsoon,6,162,2019,normal,27.0087890625,1002.515625,0.0,0.506591796875,2.735824584960937,59.40956497192383,5859.376953125,3.41436767578125,7.85595703125,0.0121304709464311,2.7823320090057053,8.56586058153331,0.41961669921875,1.1868552540667758,1.6328191517150836,0.0,2.871612548828125,0.20166015625,1
2019-06-11,2019-06-12,1,20.0,79.0,central,monsoon,6,162,2019,normal,32.5263671875,1001.130615234375,0.0,2.998779296875,1.7553558349609375,55.59676742553711,5874.2138671875,3.62335205078125,2.62158203125,0.0128543097525835,3.4747591828351974,4.472289394758971,0.0,0.0,1.2931765584899355,0.0,2.562286376953125,0.95062255859375,0
2019-06-11,2019-06-12,1,20.0,82.0,central,monsoon,6,162,2019,normal,28.8271484375,1002.4456176757812,0.0,4.325927734375,3.226058959960937,50.53180694580078,5872.556640625,10.84600830078125,2.58837890625,0.012602062895894,5.396397611015988,11.150587492277513,0.0,0.0,1.237918667928547,0.0,2.7044372558593714,0.7215576171875,0
2019-06-11,2019-06-12,1,20.0,85.0,east,monsoon,6,162,2019,normal,31.2666015625,999.203125,0.0,1.899169921875,1.3032073974609375,43.64644241333008,5866.693359375,8.84991455078125,-6.94873046875,0.0120651442557573,2.3033010903812823,11.251926176591468,0.0,0.0,1.1458745066242575,0.0,0.867401123046875,0.28692626953125,0
2019-06-11,2019-06-12,1,20.0,88.0,east,monsoon,6,162,2019,normal,30.5068359375,999.3456420898438,0.0,2.976318359375,2.413558959960937,55.45012283325195,5861.92626953125,7.72100830078125,-3.22412109375,0.0138890463858842,3.831936563874774,8.367133679337067,1.2113783094618056,3.4155189305949705,1.1137347996228666,0.0,0.6282958984375,1.45855712890625,1
2019-06-11,2019-06-12,1,20.0,91.0,east,monsoon,6,162,2019,normal,29.7216796875,1001.515625,0.030517578125,-1.240478515625,0.2123870849609375,57.819732666015625,5851.3720703125,3.69757080078125,-0.04638671875,0.0114476401358842,1.2585289911580932,3.697861754374612,4.666646321614583,9.490735786137002,1.436267967631717,0.023808330297470003,0.077423095703125,0.556396484375,0
2019-06-11,2019-06-12,1,20.0,94.0,east,monsoon,6,162,2019,normal,25.3291015625,1002.24560546875,0.701904296875,-0.255126953125,-1.4194488525390625,77.16024017333984,5848.6953125,-2.85125732421875,0.08447265625,0.0136000830680131,1.44219444153183,2.852508362575822,8.121914333767362,12.025165607494062,1.0476824203080737,0.3114119172096253,1.116973876953125,1.25103759765625,0
2019-06-11,2019-06-12,1,23.0,70.0,west,monsoon,6,162,2019,normal,28.7763671875,998.515625,0.0,3.344482421875,2.762191772460937,40.88582992553711,5845.0498046875,0.35772705078125,4.79150390625,0.0101225096732378,4.337656747378907,4.804839053128592,0.028822157118055556,0.05392131854176585,0.812153928929287,0.0,1.5242614746093714,0.32330322265625,0
2019-06-11,2019-06-12,1,23.0,73.0,west,monsoon,6,162,2019,normal,29.9111328125,999.1231079101562,0.0,0.516357421875,2.413558959960937,61.11394119262695,5853.43701171875,-2.92547607421875,5.46923828125,0.0140959937125444,2.468175812281839,6.202497693503545,0.014411078559027778,0.04076068549320241,1.612513104540493,0.0,3.33111572265625,1.066650390625,1
2019-06-11,2019-06-12,1,23.0,76.0,central,monsoon,6,162,2019,normal,30.3779296875,1000.9756469726562,0.0,1.249755859375,1.0385589599609375,57.97062301635742,5860.75341796875,1.00421142578125,1.38525390625,0.013909550383687,1.6249598214593766,1.710955572903778,0.0,0.0,1.4202184854739586,0.0,2.3009033203125,1.166015625,0
2019-06-11,2019-06-12,1,23.0,79.0,central,monsoon,6,162,2019,normal,33.4580078125,999.59814453125,0.0,3.218505859375,0.3959808349609375,45.23771667480469,5869.3701171875,6.93975830078125,-0.42724609375,0.0121504981070756,3.242773625846795,6.952897561296793,0.0,0.0,1.527072165644347,0.0174883753061294,2.318634033203125,0.7442626953123863,0
2019-06-11,2019-06-12,1,23.0,82.0,central,monsoon,6,162,2019,normal,30.8173828125,999.9381103515624,0.0,2.069091796875,0.6938323974609375,38.25236129760742,5869.650390625,12.65264892578125,-0.83935546875,0.0109340865164995,2.18232542478472,12.680459078518961,0.0,0.0,1.243516211366069,0.0,2.426727294921875,0.7332763671873863,0
2019-06-11,2019-06-12,1,23.0,85.0,east,monsoon,6,162,2019,normal,25.7802734375,1000.328125,0.0,-0.339111328125,-0.6372222900390625,31.66835594177246,5865.16357421875,5.34600830078125,-1.17919921875,0.0093638617545366,0.7218370590274016,5.474515097204741,0.4594590928819444,1.2995465610185708,1.126094730184352,0.0,3.18902587890625,0.32818603515625,1
2019-06-11,2019-06-12,1,23.0,88.0,east,monsoon,6,162,2019,normal,28.1376953125,999.43310546875,0.0,-2.631103515625,0.6020355224609375,68.00373077392578,5855.2978515625,6.41827392578125,3.36767578125,0.0160233695060014,2.699102161875139,7.248136336602759,0.5772908528645834,1.2979341998428946,1.0558790525370607,0.0,2.348876953125,1.2755126953123863,0
2019-06-11,2019-06-12,1,23.0,91.0,east,monsoon,6,162,2019,normal,26.7548828125,1001.6806030273438,0.0,-1.622314453125,0.4057464599609375,71.03143310546875,5854.43115234375,-0.34149169921875,1.77197265625,0.0134660918265581,1.6722841787773692,1.8045785311626064,0.7222493489583334,1.2614906437492601,1.5247043680130399,0.0,2.565826416015625,0.7110595703125,0
2019-06-11,2019-06-12,1,23.0,94.0,east,monsoon,6,162,2019,normal,24.2216796875,1004.3856201171876,0.60272216796875,-0.228759765625,-0.7964019775390625,94.13106536865234,5857.03173828125,-0.68719482421875,-0.21044921875,0.0161473471671342,0.8286055395644748,0.7186971546524475,0.4077487521701389,0.37672888072058874,1.0529263704824732,4.144968509674072,0.896759033203125,0.8493041992186363,1
2019-06-11,2019-06-12,1,26.0,70.0,west,monsoon,6,162,2019,normal,27.3662109375,996.890625,0.0,0.807373046875,5.3666839599609375,14.26144313812256,5841.5830078125,6.08819580078125,5.89111328125,0.0041205608285963,5.427075452112512,8.471796964113965,0.0,0.0,1.0687395356344647,0.0,1.599365234375,0.09899902343761369,0
2019-06-11,2019-06-12,1,26.0,73.0,west,monsoon,6,162,2019,normal,31.3681640625,998.235595703125,0.0,1.402099609375,2.859848022460937,42.5095329284668,5850.25048828125,4.57647705078125,7.15087890625,0.010771008208394,3.185061071028821,8.489947663453448,0.0,0.0,1.428623750478007,0.0,3.060394287109375,0.57635498046875,1
2019-06-11,2019-06-12,1,26.0,76.0,central,monsoon,6,162,2019,normal,32.9228515625,998.9656372070312,0.0,2.071044921875,0.5639495849609375,40.89339447021485,5855.935546875,0.65069580078125,2.58642578125,0.0110227782279253,2.146454332801385,2.6670214373096113,0.0,0.0,1.258954490633314,0.0097937881946563,2.48004150390625,0.6866455078125,0
2019-06-11,2019-06-12,1,26.0,79.0,central,monsoon,6,162,2019,normal,33.1103515625,997.8981323242188,0.0,1.284912109375,-3.6323394775390634,28.37202262878418,5854.45654296875,1.17999267578125,-2.71044921875,0.0084521491080522,3.8529065922894197,2.956166044443356,0.0016954210069444443,0.004795374763906166,4.260450830963594,0.0,0.77154541015625,0.60186767578125,0
2019-06-11,2019-06-12,1,26.0,82.0,central,monsoon,6,162,2019,normal,31.5400390625,998.8256225585938,0.0,-4.391845703125,-0.7465972900390625,57.01082992553711,5851.77978515625,-0.00164794921875,3.25439453125,0.014273377135396,4.454853105720906,3.2543949484914294,0.0033908420138888886,0.006343684534325394,6.825978594379725,0.0,0.607025146484375,0.08349609375,0
2019-06-11,2019-06-12,1,26.0,85.0,east,monsoon,6,162,2019,normal,27.0595703125,999.9756469726562,0.0,-5.063720703125,0.0034027099609375,68.26171112060547,5844.9990234375,-2.35516357421875,-3.94873046875,0.0148184020072221,5.063721846398341,4.597745945151975,0.4713270399305556,1.295559043675106,7.06474087671994,0.0,2.68695068359375,0.12066650390613631,0
2019-06-11,2019-06-12,1,26.0,88.0,northeast,monsoon,6,162,2019,normal,24.6396484375,1001.6431274414062,4.1351318359375,-1.430908203125,-0.6977691650390625,83.0980224609375,5842.5771484375,-4.79656982421875,-1.31005859375,0.0149876791983842,1.5919736472221286,4.972256590087052,0.5857679578993056,1.294360393038316,7.227117505573197,2.292064905166626,2.6282653808593714,0.45135498046875,0
2019-06-11,2019-06-12,1,26.0,91.0,northeast,monsoon,6,162,2019,normal,26.2060546875,1001.8681030273438,1.02996826171875,-0.297119140625,-0.2866363525390625,83.24644470214844,5838.31982421875,-2.50555419921875,0.39697265625,0.0150110442191362,0.4128440169393717,2.5368068777565416,0.6527370876736112,1.2778071063457697,6.605157809103902,0.6689969301223755,2.7037353515625,0.70562744140625,0
2019-06-11,2019-06-12,1,26.0,94.0,northeast,monsoon,6,162,2019,normal,24.8544921875,1003.3331298828124,0.0,-1.051025390625,0.8422698974609375,85.3926773071289,5850.25048828125,-1.55633544921875,-0.89013671875,0.0154335219413042,1.3468752547683442,1.7929092025426008,0.2534654405381945,0.3666482676710772,6.685396343551065,0.1567006111145019,1.697540283203125,0.3666381835938637,0
2019-06-11,2019-06-12,1,29.0,70.0,north,monsoon,6,162,2019,normal,32.5263671875,996.3406372070312,0.0,-5.510009765625,-5.226089477539063,33.31112289428711,5828.5302734375,-1.65985107421875,-3.78662109375,0.0085999686270952,7.594222728135342,4.1344413039995604,0.0,0.0,1.8296669977668363,0.0,1.026397705078125,2.0563354492188637,1
2019-06-11,2019-06-12,1,29.0,73.0,north,monsoon,6,162,2019,normal,33.7373046875,996.22314453125,0.0,2.481201171875,4.2348480224609375,25.97964859008789,5831.00341796875,8.23468017578125,6.43994140625,0.0072262012399733,4.908186735308182,10.453841538560738,0.0,0.0,1.7141433521509915,0.0,0.886505126953125,0.5560302734376137,0
2019-06-11,2019-06-12,1,29.0,76.0,north,monsoon,6,162,2019,normal,32.6962890625,997.900634765625,0.0,0.909912109375,2.481918334960937,26.95855712890625,5834.087890625,5.94171142578125,6.80322265625,0.0075747692026197,2.6434558192265163,9.032595041170215,0.0025431315104166665,0.007193062145859248,7.368464201804798,0.0,0.884368896484375,0.52667236328125,0
2019-06-11,2019-06-12,1,29.0,79.0,north,monsoon,6,162,2019,normal,29.3798828125,999.3306274414062,0.0,-3.655517578125,1.9164886474609373,41.99538040161133,5835.591796875,1.38116455078125,-0.18310546875,0.0108153540641069,4.127437158798123,1.393249126689455,0.004238552517361111,0.008130953510390759,8.667491081674367,0.0,1.748199462890625,0.950927734375,0
2019-06-11,2019-06-12,1,29.0,82.0,central,monsoon,6,162,2019,normal,7.1044921875,1012.423095703125,0.0152587890625,-0.258056640625,-1.1938629150390625,49.58645248413086,5836.15283203125,-0.35711669921875,-0.75146484375,0.0083591658622026,1.2214343574978674,0.8320046563890776,0.005933973524305555,0.00864498479816485,8.850571308602154,0.1484379172325134,1.158294677734375,2.46630859375,1
2019-06-11,2019-06-12,1,29.0,85.0,east,monsoon,6,162,2019,normal,-2.9384765625,1018.3756103515624,0.0152587890625,0.959716796875,0.6996917724609375,28.10982131958008,5833.27197265625,0.09796142578125,0.13134765625,0.0041167461313307,1.1876973127247272,0.16385556976637541,0.4713270399305556,1.295559043675106,6.77815997628183,0.004343688488006502,0.5858154296875,0.18432617187522737,0
2019-06-11,2019-06-12,1,29.0,88.0,northeast,monsoon,6,162,2019,normal,5.3974609375,1012.890625,0.0762939453125,-0.123291015625,0.7856292724609375,38.50030517578125,5834.3173828125,-0.65985107421875,0.84423828125,0.0059835636056959,0.7952446342361236,1.0715137496437424,0.5857679578993056,1.294360393038316,6.646210684847416,0.013217329978942899,0.99102783203125,0.2413330078123863,0
2019-06-11,2019-06-12,1,29.0,91.0,northeast,monsoon,6,162,2019,normal,3.3505859375,1016.170654296875,0.0152587890625,-0.376220703125,1.2719573974609375,45.600372314453125,5839.44140625,-0.62664794921875,0.63330078125,0.0069277011789381,1.3264304122024158,0.8909307109938042,0.5857679578993056,1.294360393038316,6.651833739004042,0.0033639371395112003,2.857513427734375,1.66668701171875,1
2019-06-11,2019-06-12,1,29.0,94.0,northeast,monsoon,6,162,2019,normal,3.5673828125,1017.7081298828124,0.0152587890625,0.089599609375,-0.3374176025390625,49.77600860595703,5845.66162109375,0.19561767578125,-0.22607421875,0.0074989520944654,0.3491113411268121,0.2989579024904361,0.11952718098958333,0.3219648685322766,7.05372828940328,0.0032763928174973003,2.49383544921875,1.5091552734373863,1
2019-06-11,2019-06-12,1,32.0,70.0,north,monsoon,6,162,2019,normal,24.7314453125,1001.0631103515624,0.0,0.531005859375,1.0854339599609375,30.422149658203125,5791.208984375,0.95538330078125,2.80517578125,0.0062753879465162,1.2083600887678574,2.9634048685799286,0.0,0.0,2.091592553961824,0.0,2.540191650390625,2.2106933593747726,1
2019-06-11,2019-06-12,1,32.0,73.0,north,monsoon,6,162,2019,normal,27.3916015625,998.4581298828124,0.0,-1.596923828125,-6.089370727539063,42.249061584472656,5795.23681640625,-4.68524169921875,-2.10888671875,0.009148808196187,6.295284073832017,5.137985302880725,0.0,0.0,1.9489988037976829,0.1007374376058578,0.39697265625,0.43896484375,0
2019-06-11,2019-06-12,1,32.0,76.0,north,monsoon,6,162,2019,normal,28.9951171875,1001.140625,0.0,-6.952392578125,-1.6909332275390625,40.66057968139648,5802.9609375,-4.40008544921875,4.71728515625,0.0092022139579057,7.1550693735534985,6.450855075554182,0.005086263020833333,0.009515526801488091,9.539029917078711,0.0780690461397171,1.021026611328125,2.38079833984375,1
2019-06-11,2019-06-12,1,32.0,79.0,north,monsoon,6,162,2019,normal,-7.3564453125,1021.630615234375,0.02288818359375,1.689208984375,1.3539886474609375,26.895713806152344,5812.623046875,1.12725830078125,0.21337890625,0.0036174973938614,2.1648815788274236,1.147275831834994,0.006781684027777777,0.009812958528976633,9.22574484243623,0.0996496528387069,5.84051513671875,0.19671630859375,1
2019-06-11,2019-06-12,1,32.0,82.0,central,monsoon,6,162,2019,normal,-0.7880859375,1016.0505981445312,0.0,-0.604736328125,2.304183959960937,21.82410049438477,5816.14111328125,0.39093017578125,2.75439453125,0.0031778535339981,2.382219500359984,2.7819984967854072,0.008477105034722222,0.00981295852897663,6.706740202275739,0.0,0.6593017578125,0.4982299804688637,0
2019-06-11,2019-06-12,1,32.0,85.0,east,monsoon,6,162,2019,normal,2.9853515625,1009.3356323242188,0.0,2.423583984375,2.185043334960937,11.744824409484863,5817.13525390625,1.21514892578125,1.80517578125,0.0018994531128555,3.263153950547877,2.1760621574391834,0.01186794704861111,0.023614482078016693,2.902841321198025,0.0,0.08514404296875,2.238525390625,1
2019-06-11,2019-06-12,1,32.0,88.0,northeast,monsoon,6,162,2019,normal,3.6025390625,1012.1431274414062,0.0,-3.411376953125,-2.0805816650390625,29.335880279541016,5820.7041015625,-2.43328857421875,-1.69091796875,0.0045463764108717,3.995786878852415,2.963122822710045,0.01186794704861111,0.023614482078016693,3.0741436670357922,0.0062976032495498,1.311431884765625,2.2460327148438637,1
2019-06-11,2019-06-12,1,32.0,91.0,northeast,monsoon,6,162,2019,normal,0.6474609375,1016.298095703125,0.0,-4.275634765625,1.2846527099609375,33.27300262451172,5834.47021484375,-2.85321044921875,0.46728515625,0.0049078189767897,4.464458000052317,2.8912221092096413,0.01186794704861111,0.023614482078016693,2.585601445769563,0.0,0.91766357421875,0.98919677734375,0
2019-06-11,2019-06-12,1,32.0,94.0,northeast,monsoon,6,162,2019,normal,-1.8349609375,1019.0181274414062,0.0,-1.694580078125,-1.8413238525390625,25.6475887298584,5842.322265625,-1.04461669921875,-0.51708984375,0.0036670884583145,2.502413868868902,1.1655925337767379,0.005086263020833331,0.007193062145859249,1.2072961008013887,0.0,3.4462890625,2.01171875,1
2019-06-11,2019-06-13,2,8.0,70.0,south,monsoon,6,162,2019,normal,28.36727905273437,1008.1787719726562,1.0528564453125,6.980636596679688,4.831939697265625,74.75611114501953,5867.76123046875,15.805831909179688,0.6482086181640625,0.0124570187181234,8.489813221320903,15.819118077626987,2.056545681423611,1.3362413099064274,0.6123048138390187,1.6829967498779297,0.5856323242187464,0.70391845703125,0
2019-06-11,2019-06-13,2,8.0,73.0,south,monsoon,6,162,2019,normal,28.27352905273437,1008.4762573242188,4.0130615234375,7.258956909179687,1.997955322265625,73.62544250488281,5872.2734375,15.688644409179688,-2.125228881835937,0.0122371967881917,7.528896391842369,15.831934853260188,3.887600368923611,2.3576766166983023,0.662172276187208,0.723783016204834,0.09368896484374645,0.5128173828125,0
2019-06-11,2019-06-13,2,8.0,76.0,south,monsoon,6,162,2019,normal,27.18563842773437,1008.7662353515624,5.7220458984375,8.260910034179688,0.454986572265625,79.88923645019531,5873.39501953125,13.749191284179688,-3.330307006835937,0.0129996594041585,8.273430206012055,14.14677368620645,3.536648220486111,2.783880260868477,0.9369789619619079,2.942452192306519,0.248046875,0.4065551757813637,0
2019-06-11,2019-06-13,2,8.0,79.0,south,monsoon,6,162,2019,normal,28.05087280273437,1007.5812377929688,0.091552734375,10.253097534179688,4.467681884765625,71.28263092041016,5874.03271484375,15.360519409179688,-1.1681976318359375,0.0125519093126058,11.184193778224003,15.404877222062272,2.2226969401041665,3.1835049861918976,1.3330288009423479,0.0688005238771439,0.017333984375,0.2443237304688637,0
2019-06-11,2019-06-13,2,8.0,82.0,south,monsoon,6,162,2019,normal,29.59774780273437,1006.896240234375,0.0,4.113449096679688,1.731353759765625,75.347412109375,5869.392578125,16.067550659179688,-1.0392913818359375,0.0132476147264242,4.4629641845335835,16.10112762391703,1.2240939670138888,1.9690838836593048,0.9993567624988532,1.862645149230957e-06,0.16000366210937855,0.2144775390626137,0
2019-06-11,2019-06-13,2,8.0,85.0,south,monsoon,6,162,2019,normal,28.77352905273437,1007.2337646484376,4.852294921875,7.585128784179687,7.888580322265625,82.4874496459961,5868.19482421875,12.188644409179688,1.8415679931640625,0.0138932522386312,10.94366840567767,12.326979565443985,3.2908121744791665,3.190858907362977,1.2234982255643492,4.696277901530266,0.396240234375,0.2396240234373863,1
2019-06-11,2019-06-13,2,8.0,88.0,south,monsoon,6,162,2019,normal,26.92196655273437,1008.4937744140624,8.2244873046875,6.548995971679688,4.613189697265625,82.6926498413086,5865.56884765625,11.663253784179688,1.4079742431640625,0.0138770397752523,8.01067209540089,11.747930894570125,6.6663953993055545,5.098340988273346,1.3751179474109756,7.978741079568863,2.1938171386718786,1.11328125,1
2019-06-11,2019-06-13,2,8.0,91.0,south,monsoon,6,162,2019,normal,26.62704467773437,1009.166259765625,14.9078369140625,6.298995971679688,3.925689697265625,92.0638656616211,5868.1181640625,12.378097534179688,4.193130493164063,0.0143209751695394,7.422155337262514,13.06903370178406,6.9715711805555545,4.9169641193444305,1.119235490561317,14.39591121673584,1.9807739257812536,1.463623046875,1
2019-06-11,2019-06-13,2,8.0,94.0,south,monsoon,6,162,2019,normal,27.76766967773437,1008.5387573242188,3.3721923828125,5.545089721679688,5.112213134765625,83.87161254882812,5873.701171875,10.856613159179688,5.300552368164063,0.0136715229600667,7.542064913321013,12.081469475842878,6.3934326171875,4.897492910365072,1.0122787215115128,3.0859429240226746,1.0020141601562536,0.0870361328125,0
2019-06-11,2019-06-13,2,11.0,70.0,south,monsoon,6,162,2019,normal,28.57431030273437,1006.8587646484376,1.2359619140625,8.790206909179688,3.979400634765625,77.03833770751953,5861.541015625,15.257003784179688,0.8825836181640625,0.0127712544053792,9.649008597683151,15.28251020982891,1.922607421875,1.5364724228638584,1.5666384214241553,2.823307991027832,1.4904479980468714,1.0353393554688637,0
2019-06-11,2019-06-13,2,11.0,73.0,south,monsoon,6,162,2019,normal,28.28720092773437,1007.4087524414062,3.7994384765625,8.469894409179688,3.575103759765625,78.08959197998047,5872.9365234375,14.010910034179688,1.3005523681640625,0.0129882153123617,9.193501954954034,14.071141973848967,3.216213650173611,2.6167207132578243,1.5765547021203605,6.856860160827637,0.48880004882812145,0.87353515625,1
2019-06-11,2019-06-13,2,11.0,76.0,south,monsoon,6,162,2019,normal,23.86923217773437,1009.061279296875,8.3770751953125,0.2120819091796875,-1.462005615234375,98.48004150390624,5871.814453125,14.118331909179688,-1.5217132568359375,0.014845972880721,1.4773080772737095,14.200102363496947,2.9381646050347228,2.873347983229313,1.3344189830744975,6.4887553453445435,2.3065795898437536,0.43548583984375,1
2019-06-11,2019-06-13,2,11.0,79.0,south,monsoon,6,162,2019,normal,27.88290405273437,1005.8912353515624,0.0,5.057785034179688,1.162017822265625,71.71624755859375,5874.26220703125,9.825363159179688,-0.3068695068359375,0.0134731587022542,5.189554400065094,9.83015412412192,1.5920003255208337,2.983924595951649,1.8457850478423943,1.862645149230957e-06,2.0237121582031286,0.2236328125,0
2019-06-11,2019-06-13,2,11.0,82.0,south,monsoon,6,162,2019,normal,29.64657592773437,1004.8187255859376,0.0,9.037277221679688,5.733306884765625,76.67845153808594,5873.80322265625,8.639816284179688,-5.1818695068359375,0.0148226078599691,10.702485104703086,10.074631358528839,0.6747775607638893,1.5176811884538375,1.585595028870096,1.862645149230957e-06,0.10745239257812855,0.2389526367186363,0
2019-06-11,2019-06-13,2,11.0,85.0,south,monsoon,6,162,2019,normal,29.63681030273437,1005.0462646484376,1.129150390625,7.765792846679687,6.686431884765625,78.76705169677734,5867.27685546875,12.387863159179688,-0.7873382568359375,0.0145345982164144,10.247727059555782,12.412858461339145,1.837836371527778,2.7388863880369803,1.844213848454634,0.03535294532775879,0.29959106445312145,0.8790283203123863,0
2019-06-11,2019-06-13,2,11.0,88.0,south,monsoon,6,162,2019,normal,28.37704467773437,1006.2162475585938,2.3345947265625,8.364425659179688,7.943267822265625,81.41149139404297,5860.2666015625,13.393722534179688,1.2263336181640625,0.0142360981553792,11.53512550014884,13.449747115304143,3.8248697916666665,4.650213149983866,2.000875312155056,2.030491828918457,0.6903686523437536,0.01513671875,0
2019-06-11,2019-06-13,2,11.0,91.0,south,monsoon,6,162,2019,normal,28.05087280273437,1006.2012329101562,0.5645751953125,7.785324096679687,6.803619384765625,79.17178344726562,5863.32568359375,11.655441284179688,3.2653961181640625,0.0141459759324789,10.339270188127397,12.104219237004969,4.628499348958333,4.419626004391971,1.8357974134046011,0.21502375602722168,0.8807067871093786,0.0447998046875,0
2019-06-11,2019-06-13,2,11.0,94.0,south,monsoon,6,162,2019,normal,28.25595092773437,1006.9637451171876,6.8359375,7.618331909179687,6.556549072265625,86.22722625732422,5875.3583984375,10.452316284179688,2.5251617431640625,0.0142990406602621,10.05123459160379,10.75301620633333,4.923502604166667,4.006690579474317,1.5984317746562702,4.567373275756836,1.2967529296874964,0.13647460937477263,1
2019-06-11,2019-06-13,2,14.0,70.0,south,monsoon,6,162,2019,normal,29.08798217773437,1004.34375,0.30517578125,10.257003784179688,4.440338134765625,77.68885803222656,5850.52783203125,13.448410034179688,3.3747711181640625,0.0135170277208089,11.176883706102085,13.865381803160677,1.5970865885416667,1.3963065815982068,1.9825785010399537,1.6870014667510984,2.0562133789062464,1.29119873046875,0
2019-06-11,2019-06-13,2,14.0,73.0,south,monsoon,6,162,2019,normal,29.08016967773437,1004.9812622070312,4.302978515625,8.313644409179688,5.925689697265625,79.51299285888672,5865.08447265625,12.567550659179688,3.3298492431640625,0.0139199551194906,10.20933307080167,13.001200927346984,2.297295464409722,2.6061439072212353,2.2101630654119115,2.50693416595459,1.4418029785156214,0.67144775390625,0
2019-06-11,2019-06-13,2,14.0,76.0,south,monsoon,6,162,2019,normal,22.61141967773437,1008.1162719726562,0.1373291015625,3.763839721679688,2.113189697265625,90.05945587158203,5869.90283203125,14.499191284179688,3.6482086181640634,0.0147525127977132,4.316487014589922,14.951119490422071,2.0514594184027777,2.7624085042409594,1.766957332369406,0.0802297145128251,1.2477722167968786,1.1883544921875,0
2019-06-11,2019-06-13,2,14.0,79.0,south,monsoon,6,162,2019,normal,26.95516967773437,1006.146240234375,0.0,3.2911834716796875,0.357330322265625,76.90755462646484,5876.98974609375,14.661300659179688,-4.3459320068359375,0.0137196835130453,3.3105246719316286,15.29185606873488,0.9460449218749999,2.6276148703552145,2.211259368848848,1.862645149230957e-06,1.4293518066406286,0.9207763671873863,0
2019-06-11,2019-06-13,2,14.0,82.0,south,monsoon,6,162,2019,normal,30.56063842773437,1003.0262451171876,0.0,6.397628784179688,3.733306884765625,69.64607238769531,5875.02685546875,9.233566284179688,-4.0295257568359375,0.0137792881578207,7.407242020887592,10.074513593685014,0.1254611545138887,0.3548577325290557,1.6782104001237268,1.862645149230957e-06,0.7936401367187536,0.03369140625,0
2019-06-11,2019-06-13,2,14.0,85.0,south,monsoon,6,162,2019,normal,30.21688842773437,1003.0537719726562,0.0,7.154464721679688,7.794830322265625,70.70947265625,5866.05322265625,13.796066284179688,-1.1017913818359375,0.0144220646470785,10.580441635710244,13.839992383183144,0.3848605685763887,0.7740409281984993,1.6321155507862775,1.862645149230957e-06,0.09255981445312145,0.323974609375,0
2019-06-11,2019-06-13,2,14.0,88.0,south,monsoon,6,162,2019,normal,29.94735717773437,1003.6187744140624,0.0,9.157394409179688,6.339752197265625,58.688941955566406,5855.4228515625,12.682785034179688,-2.416244506835937,0.0120126064866781,11.137788393034306,12.910897480037052,0.7154676649305554,0.9573920980820029,1.7948623335448097,0.0505018979310989,0.47616577148437145,0.1770629882813637,0
2019-06-11,2019-06-13,2,14.0,91.0,south,monsoon,6,162,2019,normal,29.04110717773437,1004.2762451171876,2.410888671875,8.955245971679688,4.814361572265625,78.59439849853516,5856.9775390625,11.926925659179688,1.7028961181640625,0.0149132069200277,10.167325496992472,12.047879932538216,3.370496961805555,4.662061273819864,1.7825657528304837,3.7333498001098633,0.5523681640624964,0.3048706054686363,0
2019-06-11,2019-06-13,2,14.0,94.0,south,monsoon,6,162,2019,normal,28.13290405273437,1005.2887573242188,3.0059814453125,7.410324096679687,5.127838134765625,84.88589477539062,5866.6396484375,11.856613159179688,3.7966461181640634,0.0146189983934164,9.011527459548033,12.449650491198666,5.891587999131943,5.439384103712487,1.6004135248519418,3.694856643676758,0.47033691406249645,0.25445556640625,0
2019-06-11,2019-06-13,2,17.0,70.0,west,monsoon,6,162,2019,normal,28.92977905273437,1001.7887573242188,0.67138671875,10.266769409179688,4.157135009765625,62.96168518066406,5832.50439453125,13.626144409179688,3.6306304931640634,0.0120307262986898,11.076476226250245,14.101534995797854,5.198160807291667,7.0456805613701645,2.909795242938166,1.0962616205215454,0.29220581054687145,2.5381469726563637,1
2019-06-11,2019-06-13,2,17.0,73.0,west,monsoon,6,162,2019,normal,28.19735717773437,1003.4937744140624,1.8463134765625,4.054855346679688,6.387603759765625,71.98746490478516,5847.57080078125,11.579269409179688,5.384536743164063,0.012641554698348,7.565932439182153,12.769992795176055,3.083970811631944,5.5077603503598205,3.1271256120824806,2.048121690750122,0.8623046875,1.3913574218747726,0
2019-06-11,2019-06-13,2,17.0,76.0,central,monsoon,6,162,2019,normal,24.88095092773437,1005.478759765625,0.0,3.0060272216796875,3.701080322265625,74.51952362060547,5866.869140625,13.001144409179688,3.9099273681640634,0.013104086741805,4.768038926995157,13.576350318574672,0.9545220269097218,1.4549577179443263,2.2067423992267963,1.862645149230957e-06,2.3238525390625036,0.05242919921875,0
2019-06-11,2019-06-13,2,17.0,79.0,central,monsoon,6,162,2019,normal,28.54891967773437,1003.8412475585938,0.0,3.732589721679688,0.946197509765625,58.69880676269531,5878.544921875,11.782394409179688,-2.668197631835937,0.0117336567491292,3.850651342029751,12.080732453622325,0.015258789062499556,0.043158372875121344,1.9117856968488354,1.862645149230957e-06,1.1157836914062536,0.4520874023438637,0
2019-06-11,2019-06-13,2,17.0,82.0,central,monsoon,6,162,2019,normal,30.79110717773437,1001.6512451171876,0.0,4.077316284179688,0.304595947265625,66.16366577148438,5876.53076171875,9.684738159179688,-2.998275756835937,0.0139056500047445,4.088677875833153,10.138235089299384,-4.440892098500626e-16,0.0,1.6436860131372515,1.862645149230957e-06,1.0990600585937536,0.24438476562477263,0
2019-06-11,2019-06-13,2,17.0,85.0,east,monsoon,6,162,2019,normal,30.25009155273437,1001.1312255859376,0.0,7.586105346679687,6.368072509765625,57.97497177124024,5865.61962890625,10.733566284179688,-4.3635101318359375,0.013432627543807,9.904612148921068,11.586615806503374,-4.440892098500626e-16,0.0,1.398145582214755,1.862645149230957e-06,0.09228515625,0.8288574218747726,0
2019-06-11,2019-06-13,2,17.0,88.0,east,monsoon,6,162,2019,normal,30.11337280273437,1001.7212524414062,0.0,8.740402221679688,6.222564697265625,47.29996871948242,5858.8642578125,11.171066284179688,-1.4260101318359375,0.0109878834336996,10.729163173724205,11.261715092366478,0.29669867621527735,0.7518422783758175,1.5855341766810593,0.4996564388275146,0.30911254882812145,0.854736328125,0
2019-06-11,2019-06-13,2,17.0,91.0,east,monsoon,6,162,2019,normal,30.10556030273437,1001.876220703125,0.0,8.768722534179688,5.032135009765625,59.83097457885742,5845.12353515625,15.196456909179688,-0.5607757568359375,0.0127345379441976,10.110038458776481,15.206800190770245,4.007975260416666,6.076226156568523,1.8622524383106114,0.596057653427124,0.6697082519531214,0.30859375,0
2019-06-11,2019-06-13,2,17.0,94.0,east,monsoon,6,162,2019,normal,27.25204467773437,1003.6737670898438,15.1824951171875,5.980636596679688,3.882720947265625,79.48023223876953,5848.4375,15.880050659179688,-1.4924163818359375,0.014317637309432,7.130465346376748,15.950025567217299,7.7192518446180545,6.762295026919379,1.8180132317106228,3.3584985733032244,0.32119750976562855,0.08026123046875,0
2019-06-11,2019-06-13,2,20.0,70.0,west,monsoon,6,162,2019,cyclone,28.53720092773437,996.9562377929688,18.1884765625,14.778488159179688,-2.540130615234375,99.3064956665039,5798.0380859375,15.969894409179688,-9.078353881835938,0.0168620403856039,14.99519842527818,18.369922064184003,4.664103190104167,7.268556376087191,2.1048511469217823,9.718582153320312,0.43737792968749645,16.638732910156364,1
2019-06-11,2019-06-13,2,20.0,73.0,west,monsoon,6,162,2019,normal,25.49227905273437,999.8887329101562,2.3040771484375,-0.2859649658203125,8.064361572265625,84.55680084228516,5835.7421875,9.882003784179688,19.257583618164062,0.0138231571763753,8.069430186197234,21.645057763866618,2.777099609375,5.518780542598512,2.6611146227188693,1.1455695629119873,0.8119201660156286,0.5562744140625,0
2019-06-11,2019-06-13,2,20.0,76.0,central,monsoon,6,162,2019,normal,24.88485717773437,1004.6962280273438,0.0,1.7618865966796875,2.302642822265625,60.50154876708984,5869.0361328125,12.040206909179688,6.488052368164063,0.0104743298143148,2.8993806832651234,13.677039370708032,0.6815592447916666,0.9469742124623234,1.7462237593581347,1.862645149230957e-06,2.9823913574218786,0.34588623046875,1
2019-06-11,2019-06-13,2,20.0,79.0,central,monsoon,6,162,2019,normal,31.46493530273437,1002.4187622070312,0.0,3.3976287841796875,0.952056884765625,68.43875122070312,5877.55078125,8.497238159179688,-1.0021820068359375,0.0136247929185628,3.528497366715181,8.55613377108172,0.20853678385416666,0.5898310959604584,1.3501773013564646,1.862645149230957e-06,1.8152160644531286,0.3340454101563637,0
2019-06-11,2019-06-13,2,20.0,82.0,central,monsoon,6,162,2019,normal,28.69149780273437,1003.3062744140624,0.0,4.269699096679688,0.522369384765625,60.85551834106445,5875.3583984375,9.915206909179688,-1.6818695068359375,0.0138064678758382,4.301534627354261,10.056839120214123,0.0,0.0,1.208179227392299,1.862645149230957e-06,2.3129577636718786,0.030395507812386313,0
2019-06-11,2019-06-13,2,20.0,85.0,east,monsoon,6,162,2019,normal,30.23446655273437,1000.0712280273438,0.0,0.0997772216796875,-0.748138427734375,52.063087463378906,5868.1181640625,9.673019409179688,-7.8967132568359375,0.0129147823899984,0.7547626123616485,12.487008639023815,0.0016954210069444443,0.004795374763906166,1.22039972616621,1.862645149230957e-06,3.3403930664062464,2.6022338867186363,1
2019-06-11,2019-06-13,2,20.0,88.0,east,monsoon,6,162,2019,normal,30.78524780273437,999.4437255859376,0.0,3.977706909179688,1.204010009765625,47.402626037597656,5859.578125,9.130050659179688,-3.8381195068359375,0.0122724827378988,4.15593459512438,9.90398840810822,0.030517578125,0.08106169357558811,0.8900228466503425,2.499032735824585,1.0888977050781214,1.9723510742186363,1
2019-06-11,2019-06-13,2,20.0,91.0,east,monsoon,6,162,2019,normal,30.17001342773437,1000.1587524414062,0.2593994140625,4.638839721679688,0.401275634765625,78.12540435791016,5845.17431640625,11.594894409179688,-2.695541381835937,0.0158749874681234,4.656163237955671,11.904096761250573,3.780788845486111,6.188081363424895,1.462629335010324,5.453649997711182,1.1770324707031214,0.3356323242186363,1
2019-06-11,2019-06-13,2,20.0,94.0,east,monsoon,6,162,2019,normal,24.66415405273437,1001.0712280273438,15.2130126953125,1.0695037841796875,0.727447509765625,87.67168426513672,5831.25537109375,5.610519409179688,-6.5353851318359375,0.0155707653611898,1.2934520570314467,8.613314510814304,7.529364691840279,6.962368106865286,1.3193770504756928,8.810602188110352,0.07742309570312145,0.53369140625,1
2019-06-11,2019-06-13,2,23.0,70.0,west,monsoon,6,162,2019,normal,30.32235717773437,998.833740234375,0.0,-1.4295196533203125,0.462799072265625,75.0976333618164,5844.89404296875,-8.895339965820312,-2.439682006835937,0.0148426350206136,1.5025676093004765,9.223834419697653,4.309760199652778,7.452033598138864,1.259940482357765,0.9987428784370422,0.9311828613281214,1.0577392578126137,0
2019-06-11,2019-06-13,2,23.0,73.0,west,monsoon,6,162,2019,normal,28.02548217773437,1000.3712768554688,0.1068115234375,-2.8963165283203125,1.071197509765625,73.5724105834961,5852.84814453125,-4.7976837158203125,8.150161743164062,0.0137897785753011,3.0880598338033387,9.457425943499768,2.4973551432291665,5.612805896412473,2.1342956401293365,5.280833721160889,1.1572875976562536,0.5892944335936363,1
2019-06-11,2019-06-13,2,23.0,76.0,central,monsoon,6,162,2019,normal,25.92782592773437,1002.9512329101562,1.8768310546875,-1.1502227783203125,1.071197509765625,79.2313461303711,5870.0302734375,1.2628631591796875,2.4646148681640625,0.0153743084520101,1.5717749663024205,2.769322987155644,0.47810872395833304,0.8683071831410009,1.5410162800843692,1.8721222877502441,2.278076171875,0.4624633789061363,0
2019-06-11,2019-06-13,2,23.0,79.0,central,monsoon,6,162,2019,normal,30.36141967773437,1002.0487670898438,0.0,3.3497772216796875,0.830963134765625,64.20857238769531,5873.0380859375,6.075363159179688,-1.6232757568359375,0.0139313992112874,3.451305139541214,6.288486439410448,0.21023220486111083,0.5892508821316291,1.7393876864397249,1.862645149230957e-06,3.3988037109375036,0.82000732421875,1
2019-06-11,2019-06-13,2,23.0,82.0,central,monsoon,6,162,2019,normal,30.28915405273437,1001.1162719726562,0.0,2.6056365966796875,-1.034271240234375,50.63630676269531,5876.4287109375,6.727706909179688,-5.6193695068359375,0.0126949604600667,2.8034013398606445,8.76580594755449,0.0016954210069441606,0.004795374763409785,1.463587036238634,1.862645149230957e-06,1.1770629882812464,1.30242919921875,0
2019-06-11,2019-06-13,2,23.0,85.0,east,monsoon,6,162,2019,normal,27.92001342773437,1000.2687377929688,0.0,0.3312225341796875,-0.637786865234375,45.63761901855469,5865.74755859375,6.883956909179688,-1.6681976318359375,0.0123683270066976,0.7186657447060525,7.083201681888339,0.0016954210069441606,0.004795374763409785,1.3032699526711737,1.862645149230957e-06,2.3768310546874964,2.1244506835936363,1
2019-06-11,2019-06-13,2,23.0,88.0,east,monsoon,6,162,2019,normal,28.40829467773437,999.146240234375,0.0152587890625,-2.2888946533203125,-0.015716552734375,73.05878448486328,5853.5107421875,3.710128784179688,-1.5920257568359375,0.0166560467332601,2.2889486110500963,4.037276508443246,0.08816189236111083,0.1721499467006158,0.506432333172875,0.015256926417350769,1.6165771484374964,0.80877685546875,0
2019-06-11,2019-06-13,2,23.0,91.0,east,monsoon,6,162,2019,normal,27.59970092773437,1000.2462768554688,0.0,-2.5554962158203125,0.894439697265625,69.07360076904297,5845.14892578125,0.8488006591796875,-0.4709320068359375,0.0136519726365804,2.7075049918913465,0.9706902256056746,2.400716145833333,4.669067558520329,1.1644796283745649,1.862645149230957e-06,0.21066284179687145,0.71087646484375,0
2019-06-11,2019-06-13,2,23.0,94.0,east,monsoon,6,162,2019,normal,23.91415405273437,1002.9662475585938,3.35693359375,-0.3513946533203125,-1.386810302734375,87.01908874511719,5852.36376953125,0.1710662841796875,-0.6525726318359375,0.015578394755721,1.4306365779443468,0.6746219040353846,4.711574978298611,5.735057714458407,1.020260740446182,0.29139232635498047,0.12567138671874645,1.1712646484375,0
2019-06-11,2019-06-13,2,26.0,70.0,west,monsoon,6,162,2019,normal,31.94735717773437,999.3287353515624,0.0,0.7316131591796875,1.595611572265625,56.28628158569336,5853.17919921875,0.2394256591796875,1.2927398681640625,0.0131784733384847,1.7553444403400897,1.3147246909579455,0.011867947048611112,0.03356762334734316,0.6218250673978453,1.862645149230957e-06,0.260009765625,1.4058227539061363,0
2019-06-11,2019-06-13,2,26.0,73.0,west,monsoon,6,162,2019,normal,31.06454467773437,1000.7312622070312,0.0,0.8546600341796875,3.200103759765625,67.51643371582031,5857.615234375,-0.9109649658203124,2.9685211181640625,0.0147987660020589,3.3122662705902908,3.105152942761116,0.2204047309027778,0.5865813669749208,1.2146641511877518,0.3122817873954773,1.1653747558593714,0.680419921875,0
2019-06-11,2019-06-13,2,26.0,76.0,central,monsoon,6,162,2019,normal,31.54501342773437,1000.9862670898438,0.0,2.9025115966796875,2.125885009765625,48.47017288208008,5861.03125,-4.5515899658203125,3.8650054931640634,0.0114857014268636,3.5977716219357587,5.971200773642144,0.22210015190972224,0.5859635979134608,1.235376890963212,0.2763792872428894,2.2319946289062464,0.30694580078125,0
2019-06-11,2019-06-13,2,26.0,79.0,central,monsoon,6,162,2019,normal,32.259857177734375,999.7137451171876,0.0152587890625,1.4142303466796875,0.881744384765625,44.5283203125,5862.91748046875,-0.8269805908203125,0.3337554931640625,0.0110846813768148,1.6665895216085633,0.8917901248672244,0.21023220486111113,0.589250882131633,4.025527010682631,0.0026915222406388006,0.597900390625,1.1688232421873863,0
2019-06-11,2019-06-13,2,26.0,82.0,central,monsoon,6,162,2019,normal,31.55087280273437,998.7462768554688,0.0,-0.1404571533203125,-1.198333740234375,60.40446853637695,5866.359375,5.323410034179688,-1.5002288818359375,0.0143905933946371,1.206537179246024,5.5307667723291045,0.0016954210069444569,0.004795374763903589,6.887253305960242,1.862645149230957e-06,0.5197753906250036,1.09478759765625,0
2019-06-11,2019-06-13,2,26.0,85.0,east,monsoon,6,162,2019,normal,29.63876342773437,999.2137451171876,0.0,-2.5886993408203125,-0.915130615234375,76.5284194946289,5856.8759765625,3.2433319091796875,-2.623275756835937,0.01655257306993,2.7456926849344896,4.17142392589225,0.0016954210069444569,0.004795374763903589,7.427392137244109,0.2499837428331375,0.322021484375,0.6768188476561363,0
2019-06-11,2019-06-13,2,26.0,88.0,northeast,monsoon,6,162,2019,normal,26.77157592773437,1000.0187377929688,0.0,-1.5564727783203125,-0.112396240234375,83.99827575683594,5845.12353515625,-0.3191680908203125,-1.1135101318359375,0.015667563304305,1.5605256885008256,1.1583492927002503,0.07290310329861112,0.16208792321393656,7.680981358548092,2.5842785835266118,1.4008178710937536,0.25244140625,0
2019-06-11,2019-06-13,2,26.0,91.0,northeast,monsoon,6,162,2019,normal,26.17977905273437,1000.7362670898438,0.518798828125,-0.0144805908203125,0.520416259765625,91.09534454345705,5844.51171875,-0.6531524658203125,0.8181304931640625,0.0164009388536214,0.5206176821228298,1.0468742271409812,0.6951226128472222,1.1659887423432713,6.81353559501934,0.5187969654798508,3.8924560546875036,0.54296875,1
2019-06-11,2019-06-13,2,26.0,94.0,northeast,monsoon,6,162,2019,normal,24.51766967773437,1002.1112670898438,2.2430419921875,-0.9304962158203124,0.753814697265625,82.22521209716797,5851.29296875,-1.8660430908203125,-0.9982757568359376,0.0155559834092855,1.197522361156395,2.11628715052674,1.3156467013888888,1.3866906353099195,6.8941084058540065,1.4087166786193848,1.9353942871093786,0.06610107421863631,0
2019-06-11,2019-06-13,2,29.0,70.0,north,monsoon,6,162,2019,normal,32.519622802734375,999.73876953125,0.0,-3.0222930908203125,-4.830169677734375,36.033180236816406,5845.65869140625,-2.9109649658203125,-0.5373382568359375,0.0090810116380453,5.697788574747644,2.960143482078654,0.0,0.0,2.1683550110916325,1.862645149230957e-06,0.638763427734375,1.56109619140625,1
2019-06-11,2019-06-13,2,29.0,73.0,north,monsoon,6,162,2019,normal,31.59774780273437,999.0862426757812,0.0,1.6583709716796875,-2.028411865234375,40.543827056884766,5843.568359375,5.042160034179688,-0.0002288818359375,0.0108190830796957,2.6200475138312718,5.042160039374575,0.0,0.0,1.6650933422542928,1.862645149230957e-06,1.2910766601562464,1.05841064453125,0
2019-06-11,2019-06-13,2,29.0,76.0,north,monsoon,6,162,2019,normal,30.22274780273437,999.3512573242188,0.0,0.6056365966796875,1.783111572265625,39.78456878662109,5843.568359375,9.979660034179688,1.4646148681640625,0.010599261149764,1.8831576052963128,10.086560915884588,0.0016954210069444443,0.004795374763906166,6.815490339709007,1.862645149230957e-06,0.023986816406246447,0.05560302734375,0
2019-06-11,2019-06-13,2,29.0,79.0,north,monsoon,6,162,2019,normal,27.46298217773437,999.4562377929688,0.0,1.9816131591796875,-0.247161865234375,38.47861862182617,5842.39599609375,7.708175659179687,-3.433822631835937,0.0099469479173421,1.9969676262424079,8.438430532965173,0.0016954210069444443,0.004795374763906166,8.36774240646332,1.862645149230957e-06,2.1812744140625036,0.0836181640625,0
2019-06-11,2019-06-13,2,29.0,82.0,central,monsoon,6,162,2019,normal,7.277435302734375,1012.6737670898438,0.0,0.0909881591796875,-1.221771240234375,48.2657585144043,5840.02490234375,-0.0574493408203125,-0.5334320068359375,0.0081435497850179,1.225154605988465,0.5365166657967897,0.0016954210069444443,0.004795374763906166,8.993880573753758,0.0544134527444839,3.5584106445312482,2.1358032226561363,1
2019-06-11,2019-06-13,2,29.0,85.0,east,monsoon,6,162,2019,normal,-2.747955322265625,1019.40625,0.0,0.9571990966796876,-0.120208740234375,30.46253967285156,5839.9228515625,0.5519256591796875,-0.2053070068359375,0.0044900230132043,0.9647177058150977,0.5888742652866266,0.0,0.0,7.332182442592896,0.0661257654428482,2.711456298828125,1.03887939453125,0
2019-06-11,2019-06-13,2,29.0,88.0,northeast,monsoon,6,162,2019,normal,5.115325927734375,1012.82373046875,0.0,0.6027069091796875,1.204986572265625,40.74072265625,5838.8525390625,-0.4324493408203125,1.3239898681640625,0.0063644698821008,1.3473114924594805,1.3928250440658418,0.07459852430555555,0.1615550299692328,6.808918145022503,1.862645149230957e-06,1.9990234375,0.3525390625,0
2019-06-11,2019-06-13,2,29.0,91.0,northeast,monsoon,6,162,2019,normal,3.441497802734375,1015.3462524414062,0.1220703125,-0.4226837158203125,1.385650634765625,46.83415603637695,5837.85791015625,-0.6179962158203125,1.0896148681640625,0.0072337440215051,1.4486853368644435,1.2526691038308615,0.3238254123263889,0.6970139491297943,6.227577520434634,0.12206844985485077,3.12579345703125,0.0546875,1
2019-06-11,2019-06-13,2,29.0,94.0,northeast,monsoon,6,162,2019,normal,3.793060302734375,1016.84375,0.0,-0.1580352783203125,-0.023529052734375,46.099151611328125,5843.4921875,-0.0535430908203125,-0.1330413818359375,0.006972914095968,0.1597772371658605,0.1434115471480869,0.5730523003472222,0.9062719125238106,6.500560177234817,0.053156167268753,2.3499755859375,0.28204345703125,0
2019-06-11,2019-06-13,2,32.0,70.0,north,monsoon,6,162,2019,normal,26.42391967773437,1004.8587646484376,0.0,0.9894256591796876,0.590728759765625,44.99893569946289,5819.70703125,-1.6922149658203125,0.1677398681640625,0.0091358479112386,1.152355675413365,1.700508204601771,0.0,0.0,2.40590442453812,1.862645149230957e-06,0.7691040039062464,1.6953125,1
2019-06-11,2019-06-13,2,32.0,73.0,north,monsoon,6,162,2019,normal,26.87509155273437,1001.188720703125,0.0,-0.8738555908203125,-3.010833740234375,12.863953590393066,5815.11865234375,0.0909881591796875,-4.7580413818359375,0.0030933669768273,3.135082679123731,4.758911286877929,0.0,0.0,2.0164151507920725,1.862645149230957e-06,0.35949707031250355,0.797607421875,0
2019-06-11,2019-06-13,2,32.0,76.0,north,monsoon,6,162,2019,normal,25.06454467773437,1001.0287475585938,0.0,-2.6726837158203125,0.822174072265625,35.03353500366211,5815.5517578125,0.2648162841796875,-0.7189788818359375,0.0087715443223714,2.7962847583743886,0.7661972963230763,0.0,0.0,8.936036690806477,1.862645149230957e-06,1.0275268554687536,1.2220458984375,0
2019-06-11,2019-06-13,2,32.0,79.0,north,monsoon,6,162,2019,normal,-7.121002197265625,1021.7412719726562,0.0,1.7140350341796875,1.060455322265625,17.079490661621094,5815.271484375,1.2765350341796875,0.1911773681640625,0.0022836974821984,2.0155598698418395,1.2907712731488385,0.0,0.0,9.147703187606542,0.0106673687696456,1.93023681640625,0.10211181640613631,0
2019-06-11,2019-06-13,2,32.0,82.0,central,monsoon,6,162,2019,normal,-1.152252197265625,1016.5087280273438,0.0,0.3292694091796875,1.944244384765625,24.59721565246582,5817.234375,0.8956756591796875,2.3161773681640625,0.003564482089132,1.971929149719686,2.48332689898901,0.0,0.0,6.48088910138484,1.862645149230957e-06,0.049072265625,1.4150390625,0
2019-06-11,2019-06-13,2,32.0,85.0,east,monsoon,6,162,2019,normal,2.752044677734375,1012.083740234375,0.0,3.1593475341796875,3.922760009765625,22.548429489135746,5815.90869140625,2.2394256591796875,2.8005523681640625,0.0034867576323449,5.036816746313457,3.58582219997335,0.0,0.0,3.3602133031398225,1.862645149230957e-06,0.272796630859375,2.37298583984375,1
2019-06-11,2019-06-13,2,32.0,88.0,northeast,monsoon,6,162,2019,normal,4.761810302734375,1008.8187255859376,0.0,6.280441284179688,-0.331146240234375,18.397411346435547,5816.18896484375,3.993331909179688,0.0407867431640625,0.0030018142424523,6.289165330665905,3.993540195777504,0.020345052083333332,0.038062107205952364,3.2752409096917763,1.862645149230957e-06,2.292999267578125,2.7375488281252274,1
2019-06-11,2019-06-13,2,32.0,91.0,northeast,monsoon,6,162,2019,normal,4.214935302734375,1009.80126953125,0.030517578125,-4.1775665283203125,2.366119384765625,42.23463821411133,5822.4091796875,-2.6258087158203125,2.0603179931640625,0.0067387870512902,4.801102273593626,3.33763114274683,0.020345052083333332,0.038062107205952364,2.997642809104606,0.0249966979026795,0.353912353515625,0.117431640625,0
2019-06-11,2019-06-13,2,32.0,94.0,northeast,monsoon,6,162,2019,normal,3.023529052734375,1014.9637451171876,0.0,-2.0623321533203125,-0.022552490234375,44.09121322631836,5831.33203125,-0.9890899658203124,0.6931304931640625,0.0066024116240441,2.0624554602304914,1.2077784734959816,0.020345052083333332,0.038062107205952364,2.5004558130704675,0.0022500753402709,1.197418212890625,1.4337768554686363,0
2019-06-11,2019-06-14,3,8.0,70.0,south,monsoon,6,162,2019,normal,27.8970947265625,1007.9962768554688,1.800537109375,6.170455932617188,2.787811279296875,79.04518127441406,5867.6005859375,13.542388916015623,-1.119873046875,0.0128540350124239,6.7709983123130035,13.588613365378379,2.6787651909722228,1.469835168070732,0.4194276260266732,1.8195676803588872,0.872772216796875,0.332275390625,0
2019-06-11,2019-06-14,3,8.0,73.0,south,monsoon,6,162,2019,normal,27.6783447265625,1008.1512451171876,2.50244140625,6.853073120117188,2.450897216796875,76.94986724853516,5869.86962890625,11.823638916015623,-2.451904296875,0.0125645948573946,7.278152812147833,12.075192416576773,2.332899305555556,1.1979514192217937,0.34828250930909516,1.768264889717102,0.686370849609375,0.27197265625,0
2019-06-11,2019-06-14,3,8.0,76.0,south,monsoon,6,162,2019,normal,28.1002197265625,1007.7862548828124,1.434326171875,6.781784057617188,0.557342529296875,77.13182067871094,5868.7734375,11.235748291015623,-2.963623046875,0.0129498792812228,6.804647360379059,11.620030173068791,1.3427734375000002,1.088579117892736,0.8075214011916518,0.9768884778022766,0.09478759765625,0.076171875,0
2019-06-11,2019-06-14,3,8.0,79.0,south,monsoon,6,162,2019,normal,27.9752197265625,1007.2437744140624,0.0152587890625,10.002487182617188,4.289764404296875,66.89046478271484,5864.94970703125,12.700592041015623,-1.731201171875,0.0120834661647677,10.883557712567782,12.818037903275632,0.651041666666667,1.0035030662008475,1.1094647973741483,0.015251338481903076,0.351348876953125,0.2433471679688637,0
2019-06-11,2019-06-14,3,8.0,82.0,south,monsoon,6,162,2019,normal,29.4029541015625,1006.3662719726562,0.0,6.826705932617188,1.134490966796875,64.896240234375,5860.87060546875,13.919342041015623,-3.682373046875,0.0119008375331759,6.920331180238011,14.398192737671504,3.0687120225694446,5.2524843287204055,1.0740581528410669,7.450580596923828e-06,0.35174560546875,0.5486450195313637,0
2019-06-11,2019-06-14,3,8.0,85.0,south,monsoon,6,162,2019,normal,26.9498291015625,1007.7537231445312,12.8326416015625,7.2134246826171875,2.276092529296875,89.68778991699219,5859.13720703125,12.091217041015623,0.198486328125,0.0144161535426974,7.563999792022202,12.092846081688096,4.753960503472222,4.838648980052521,1.1336366439997072,10.629925966262817,1.573150634765625,0.4989013671875,1
2019-06-11,2019-06-14,3,8.0,88.0,south,monsoon,6,162,2019,normal,27.6842041015625,1007.59375,5.889892578125,5.485885620117188,5.032928466796875,82.11290740966797,5861.2783203125,8.429107666015625,-1.078857421875,0.0135502172634005,7.444817659882806,8.497869696695647,7.332695855034722,4.204756212277932,1.0412484422741077,2.4713892936706543,0.211822509765625,0.600830078125,0
2019-06-11,2019-06-14,3,8.0,91.0,south,monsoon,6,162,2019,normal,27.4029541015625,1007.9537353515624,10.6048583984375,6.607955932617188,6.033905029296875,88.53812408447266,5862.78271484375,12.284576416015623,5.018798828125,0.0142630888149142,8.948356916774433,13.270235845610134,5.664401584201389,2.865934575045201,1.0360051527217506,5.538873195648193,0.163177490234375,0.7684326171876137,1
2019-06-11,2019-06-14,3,8.0,94.0,south,monsoon,6,162,2019,normal,27.3287353515625,1008.4937744140624,4.150390625,5.558151245117188,5.410858154296875,82.5082778930664,5866.17333984375,12.362701416015623,5.622314453125,0.0135726286098361,7.756960179704337,13.58111947194976,5.3727891710069455,2.8777053547350624,0.9645357360633942,3.1795278191566467,0.280914306640625,0.2637939453126137,0
2019-06-11,2019-06-14,3,11.0,70.0,south,monsoon,6,162,2019,normal,27.2623291015625,1007.1012573242188,5.340576171875,9.026901245117188,2.511444091796875,91.20957946777344,5860.15673828125,17.272857666015625,-0.889404296875,0.0142316175624728,9.369754399946652,17.29574086166113,3.872341579861111,2.0756537458123097,1.2009528344174443,3.439473032951355,0.568511962890625,1.0599365234375,0
2019-06-11,2019-06-14,3,11.0,73.0,south,monsoon,6,162,2019,normal,27.5279541015625,1007.3287353515624,1.220703125,8.885299682617188,2.260467529296875,86.45948791503906,5865.79052734375,13.429107666015623,-0.379638671875,0.013814385049045,9.168329395310938,13.434472755810798,2.8279622395833335,1.9756580297097226,1.1222392149935345,0.41015446186065674,0.206207275390625,0.7844238281247726,0
2019-06-11,2019-06-14,3,11.0,76.0,south,monsoon,6,162,2019,normal,24.7213134765625,1008.0437622070312,2.960205078125,0.3608856201171875,-1.080352783203125,90.3818588256836,5867.42236328125,9.583404541015623,-1.475341796875,0.0141729665920138,1.1390349279026106,9.696302182500565,1.2851291232638886,1.2817136121884276,1.0851463951017974,1.8767956495285034,1.237152099609375,0.21240234375,0
2019-06-11,2019-06-14,3,11.0,79.0,south,monsoon,6,162,2019,normal,27.7369384765625,1005.3987426757812,0.0,5.130416870117188,0.432342529296875,59.26383972167969,5866.0458984375,7.696685791015625,-2.547607421875,0.0116314245387911,5.148601492038578,8.107359356881524,0.5018446180555554,0.9755405919012508,1.7128700698716963,7.450580596923828e-06,1.28558349609375,1.1624145507811363,0
2019-06-11,2019-06-14,3,11.0,82.0,south,monsoon,6,162,2019,normal,29.6568603515625,1004.59375,0.0,7.8472137451171875,4.952850341796875,76.27061462402344,5861.916015625,9.169342041015623,-4.239013671875,0.0142678571864962,9.27951992668767,10.101785504329406,1.641167534722222,4.001839364733965,1.68282923501107,7.450580596923828e-06,0.4315185546875,1.24298095703125,0
2019-06-11,2019-06-14,3,11.0,85.0,south,monsoon,6,162,2019,normal,29.4283447265625,1005.373779296875,1.922607421875,6.679244995117188,6.017303466796875,79.96100616455078,5856.103515625,11.858795166015623,-0.436279296875,0.0144390417262911,8.990008604908212,11.866817703765289,2.673678927951389,4.088050658017941,1.8380825499795341,1.3170987367630005,0.307281494140625,1.00128173828125,0
2019-06-11,2019-06-14,3,11.0,88.0,south,monsoon,6,162,2019,normal,28.5748291015625,1005.44873046875,3.41796875,6.615768432617188,7.740936279296875,81.1819839477539,5856.28173828125,8.489654541015625,1.032470703125,0.0142831159755587,10.182852568614978,8.552206146872201,4.096137152777778,4.4751086301745415,1.860726805198736,2.3742802143096924,0.248260498046875,1.4461669921876137,0
2019-06-11,2019-06-14,3,11.0,91.0,south,monsoon,6,162,2019,normal,28.8775634765625,1005.96875,1.9989013671875,7.5503387451171875,5.836639404296875,85.56877136230469,5862.91015625,9.720123291015623,2.344970703125,0.0148758245632052,9.543268554421424,9.998984167957211,3.923204210069444,3.030170334940452,1.6513488730165664,0.8051339387893677,0.825531005859375,1.17999267578125,0
2019-06-11,2019-06-14,3,11.0,94.0,south,monsoon,6,162,2019,normal,28.5416259765625,1006.5287475585938,4.2724609375,8.106002807617188,6.226287841796875,84.84679412841797,5870.251953125,10.544342041015623,2.600830078125,0.0143141103908419,10.221249522734748,10.860362156632219,4.355536566840278,2.6318854226378225,1.4544192408901955,0.34508848190307617,0.106353759765625,1.242919921875,0
2019-06-11,2019-06-14,3,14.0,70.0,south,monsoon,6,162,2019,normal,27.1724853515625,1004.9937744140624,6.7596435546875,8.753463745117188,2.997772216796875,88.70503997802734,5855.185546875,9.659576416015623,-0.940185546875,0.0144209219142794,9.252554555412265,9.705223614085245,3.9638943142361107,2.328650723678642,1.5859206850148204,6.136406183242798,1.5678405761718714,1.6348876953123863,1
2019-06-11,2019-06-14,3,14.0,73.0,south,monsoon,6,162,2019,normal,28.0650634765625,1005.65625,3.326416015625,7.2544403076171875,4.749725341796875,82.96427154541016,5864.6435546875,10.138092041015623,4.372314453125,0.013865883462131,8.6710319454658,11.040744717142504,2.86865234375,2.357821695674837,1.7125541484708682,1.9197967052459717,0.98736572265625,0.89923095703125,0
2019-06-11,2019-06-14,3,14.0,76.0,south,monsoon,6,162,2019,normal,22.2427978515625,1008.4312744140624,0.1068115234375,3.1294403076171875,1.659881591796875,99.15926361083984,5866.5556640625,14.360748291015623,4.145751953125,0.0155720068141818,3.5424008155099114,14.947185378349594,1.4326307508680556,1.8478533478113668,1.5581109574109784,0.0873636454343795,1.530609130859375,0.6550292968747726,0
2019-06-11,2019-06-14,3,14.0,79.0,south,monsoon,6,162,2019,normal,26.1510009765625,1005.9562377929688,0.0,4.119674682617188,0.162811279296875,59.90668869018555,5868.95166015625,15.606842041015623,-4.949951171875,0.0114187551662325,4.1228906125755165,16.373012401423246,0.3407796223958335,0.9267053976758417,2.2560504846312464,7.450580596923828e-06,1.77899169921875,1.04791259765625,0
2019-06-11,2019-06-14,3,14.0,82.0,south,monsoon,6,162,2019,normal,30.1627197265625,1002.853759765625,0.0,7.3247528076171875,3.457733154296875,66.00748443603516,5864.873046875,10.868560791015623,-2.824951171875,0.0133485151454806,8.099871743368514,11.229691126272355,0.21362304687500014,0.6042172202521772,1.8621428132530904,7.450580596923828e-06,0.806549072265625,1.0234375,0
2019-06-11,2019-06-14,3,14.0,85.0,south,monsoon,6,162,2019,normal,29.9361572265625,1002.5362548828124,0.0,10.072799682617188,5.377655029296875,69.72327423095703,5859.7998046875,12.362701416015623,-3.668701171875,0.0141300512477755,11.418426645569646,12.895571123066697,0.5933973524305557,1.164752997839316,1.7540122556153168,0.2077352255582809,0.06326293945312855,1.7731933593752274,0
2019-06-11,2019-06-14,3,14.0,88.0,south,monsoon,6,162,2019,normal,29.8463134765625,1003.2362670898438,0.0,9.349166870117188,6.197967529296875,46.07820892333984,5854.54833984375,12.952545166015623,-0.287841796875,0.0093712164089083,11.217028245463021,12.95574309631458,0.8511013454861113,1.1976562476467847,1.8477074586272244,7.450580596923828e-06,0.207916259765625,0.700927734375,0
2019-06-11,2019-06-14,3,14.0,91.0,south,monsoon,6,162,2019,normal,29.6763916015625,1004.2462768554688,0.1983642578125,7.140182495117188,5.481170654296875,72.77354431152344,5859.18798828125,9.831451416015623,1.852783203125,0.0140485120937228,9.001413100458347,10.00451110965737,4.947238498263889,8.950174867119605,1.6508477121879417,0.28248131275177,0.299224853515625,0.3984375,0
2019-06-11,2019-06-14,3,14.0,94.0,south,monsoon,6,162,2019,normal,28.5201416015625,1005.15625,4.7760009765625,7.151901245117188,4.046600341796875,77.5328140258789,5866.45361328125,9.409576416015623,4.286376953125,0.0140547109767794,8.21733933497573,10.339881803633858,8.877224392361112,11.283190482672195,1.373390439058445,0.5972681045532227,0.368988037109375,0.32513427734375,0
2019-06-11,2019-06-14,3,17.0,70.0,west,monsoon,6,162,2019,normal,28.3990478515625,1003.01123046875,0.823974609375,7.6479949951171875,4.592498779296875,82.8038101196289,5850.67333984375,8.169342041015625,2.143798828125,0.0146974874660372,8.920923297685102,8.445947122648558,2.8957790798611107,2.6043631338254083,1.799590942318636,0.7098391056060791,0.09722900390625,2.46246337890625,1
2019-06-11,2019-06-14,3,17.0,73.0,west,monsoon,6,162,2019,normal,27.6783447265625,1004.1812744140624,5.279541015625,1.6392059326171875,6.041717529296875,83.638916015625,5858.8564453125,4.356842041015625,4.821533203125,0.0142125440761446,6.260139518680116,6.498404034776386,2.0599365234374996,2.4028165433000757,2.0827404156910054,2.9836390018463135,0.46527099609375,1.0992431640623863,0
2019-06-11,2019-06-14,3,17.0,76.0,central,monsoon,6,162,2019,normal,25.1627197265625,1005.916259765625,0.0,3.747604370117188,2.488983154296875,73.41573333740234,5866.73388671875,11.335357666015623,3.802001953125,0.0129942251369357,4.49884159059808,11.955983952317162,1.2122260199652775,1.8424788393686469,1.8172272503384699,0.012783333659172,1.4726257324218714,0.26348876953125,0
2019-06-11,2019-06-14,3,17.0,79.0,central,monsoon,6,162,2019,normal,28.9283447265625,1003.5062255859376,0.0,5.609909057617188,1.060272216796875,55.105560302734375,5871.11865234375,8.934967041015625,-1.422607421875,0.0120591474696993,5.709225587454636,9.047510591362098,0.011867947048610864,0.033567623347355004,2.27339041975458,7.450580596923828e-06,0.2867431640625,1.59375,0
2019-06-11,2019-06-14,3,17.0,82.0,central,monsoon,6,162,2019,normal,32.3873291015625,1001.01123046875,0.0,5.060104370117188,0.214569091796875,63.56275939941406,5869.4873046875,10.790435791015623,-5.619873046875,0.01384490262717,5.064651629839273,12.166202267882243,0.0016954210069441966,0.004795374763988571,1.793755163151466,0.0342968851327896,0.0833740234375,1.72320556640625,0
2019-06-11,2019-06-14,3,17.0,85.0,east,monsoon,6,162,2019,normal,30.3775634765625,1000.4462280273438,0.0,6.413619995117188,5.686248779296875,50.793418884277344,5863.24169921875,10.546295166015623,-5.774169921875,0.0122284246608614,8.571344504908328,12.023534422764815,0.023735894097221974,0.06192349706947016,1.3361921731260862,5.513956546783447,1.702056884765625,2.00054931640625,1
2019-06-11,2019-06-14,3,17.0,88.0,east,monsoon,6,162,2019,normal,30.2017822265625,1001.3412475585938,0.0,7.9780731201171875,4.523162841796875,57.15134811401367,5858.015625,10.216217041015623,-0.014404296875,0.0126876188442111,9.171076970746041,10.216227195638636,0.7002088758680554,1.7934749698910823,1.5811438621486473,7.450580596923828e-06,0.380340576171875,1.12554931640625,0
2019-06-11,2019-06-14,3,17.0,91.0,east,monsoon,6,162,2019,normal,30.1510009765625,1002.1412353515624,0.1220703125,8.973190307617188,6.312225341796875,65.09371948242188,5854.49755859375,13.438873291015623,1.339111328125,0.0134019209071993,10.97097685087056,13.50542611253291,15.297783745659721,30.220963102120592,1.7199439744855658,1.5425682067871094,0.84820556640625,0.5286254882813637,0
2019-06-11,2019-06-14,3,17.0,94.0,east,monsoon,6,162,2019,normal,27.6861572265625,1003.7987670898438,29.7393798828125,7.128463745117188,4.993865966796875,87.3288803100586,5857.42919921875,13.425201416015623,4.010986328125,0.0158514343202114,8.703659727941014,14.011568234319581,29.875013563368054,37.39558757629702,1.4368614000041184,26.582401275634766,0.7777099609375,0.2030029296875,1
2019-06-11,2019-06-14,3,20.0,70.0,west,monsoon,6,162,2019,normal,29.5787353515625,1000.396240234375,0.0457763671875,8.724166870117188,2.435272216796875,41.11979293823242,5836.72900390625,12.944732666015623,3.700439453125,0.008077080361545,9.057683939482162,13.463259484272594,1.964992947048611,1.973231163874526,2.092973800534188,3.6738905906677246,0.729705810546875,5.744506835937386,1
2019-06-11,2019-06-14,3,20.0,73.0,west,monsoon,6,162,2019,normal,25.4498291015625,1003.583740234375,2.197265625,-0.0326690673828125,5.236053466796875,86.9813232421875,5847.46142578125,9.472076416015623,10.241455078125,0.0144862486049532,5.2361553811092385,13.950184004094417,1.3987223307291667,1.9333286510402607,2.1998735531004945,1.707274466753006,1.984405517578125,1.5198974609373863,0
2019-06-11,2019-06-14,3,20.0,76.0,central,monsoon,6,162,2019,normal,25.0279541015625,1004.5887451171876,0.0,2.8882293701171875,2.077850341796875,61.59663772583008,5868.748046875,7.638092041015625,5.317626953125,0.0115718198940157,3.5579953537508895,9.306858032635272,0.8324517144097223,1.7148041573214963,1.502453901555379,7.450580596923828e-06,3.256683349609375,0.08825683593738631,1
2019-06-11,2019-06-14,3,20.0,79.0,central,monsoon,6,162,2019,normal,32.5611572265625,1001.6937255859376,0.0,4.163619995117188,0.479217529296875,59.59879684448242,5871.78173828125,8.624420166015625,-3.330810546875,0.0127624822780489,4.191107360128711,9.245264847431399,1.4802973661668753e-16,2.4333494333259047e-08,1.789192292832535,7.450580596923828e-06,1.93548583984375,0.6038818359373863,0
2019-06-11,2019-06-14,3,20.0,82.0,central,monsoon,6,162,2019,normal,29.2291259765625,1002.2037353515624,0.0,4.948776245117188,1.334686279296875,49.51372528076172,5871.60302734375,13.466217041015623,-3.864013671875,0.0119041753932833,5.125599846689118,14.009625371585654,0.0016954210069445924,0.0047953747639678515,1.2830243810832975,0.2319663763046264,2.363616943359375,0.2276611328126137,0
2019-06-11,2019-06-14,3,20.0,85.0,east,monsoon,6,162,2019,normal,30.9010009765625,999.396240234375,0.0152587890625,-0.4066925048828125,1.785858154296875,61.90458297729492,5862.60400390625,9.933013916015623,-3.221435546875,0.0146707845851778,1.8315807764869387,10.44233749878014,0.0288221571180557,0.06164435140889228,1.30584797133715,11.785964012145996,2.8318176269531286,1.23101806640625,1
2019-06-11,2019-06-14,3,20.0,88.0,east,monsoon,6,162,2019,normal,30.8326416015625,999.51123046875,0.1983642578125,8.899948120117188,2.146209716796875,72.52091217041016,5845.95703125,12.249420166015623,-2.487060546875,0.0155872656032443,9.155069234541637,12.499350565825905,1.0579427083333335,1.961372762857264,1.2877954990869496,2.1102614402771,2.317291259765625,0.193115234375,0
2019-06-11,2019-06-14,3,20.0,91.0,east,monsoon,6,162,2019,normal,28.7291259765625,1000.5287475585938,5.767822265625,5.641159057617188,8.151092529296875,84.0900650024414,5836.6015625,10.856842041015623,-0.502685546875,0.0157503448426723,9.912768782459105,10.86847329953022,16.2353515625,29.892574016608567,1.8034022234664013,4.378208875656128,1.269622802734375,0.2291259765625,1
2019-06-11,2019-06-14,3,20.0,94.0,east,monsoon,6,162,2019,monsoon_depression,23.6822509765625,1002.501220703125,96.8780517578125,-0.5824737548828125,1.444061279296875,100.0,5836.65234375,11.044342041015623,3.938720703125,0.0170287452638149,1.5571090692343328,11.725656139260208,31.3873291015625,36.38914687611322,1.4611269386508325,81.81919574737549,0.682220458984375,0.67767333984375,1
2019-06-11,2019-06-14,3,23.0,70.0,west,monsoon,6,162,2019,normal,27.9244384765625,998.2637329101562,4.2266845703125,-2.9174346923828125,-5.729766845703125,81.0268783569336,5826.99072265625,-10.336517333984377,-5.377685546875,0.0158066116273403,6.429747529292074,11.651742034426773,1.1952718098958333,1.7544879793479047,1.5501670850497655,4.226677119731903,1.069488525390625,1.0048828125,1
2019-06-11,2019-06-14,3,23.0,73.0,west,monsoon,6,162,2019,normal,27.5299072265625,1001.6062622070312,0.0152587890625,-2.0307159423828125,4.673553466796875,83.84632873535156,5854.52294921875,2.157623291015625,10.290283203125,0.0149077726528048,5.095675543601339,10.514050916105058,0.720553927951389,1.4150926676521287,1.9617604516378901,0.015251338481903076,1.910186767578125,0.409912109375,0
2019-06-11,2019-06-14,3,23.0,76.0,central,monsoon,6,162,2019,normal,26.8756103515625,1003.353759765625,0.0,2.9341278076171875,1.380584716796875,52.30268478393555,5866.70849609375,6.403717041015625,4.887939453125,0.0105327917262911,3.2427025999443044,8.056025325109761,0.24583604600694456,0.6899509486432382,1.7734918282107615,7.450580596923828e-06,2.962982177734375,0.18048095703125,1
2019-06-11,2019-06-14,3,23.0,79.0,central,monsoon,6,162,2019,normal,31.1549072265625,1000.9612426757812,0.0,4.053268432617188,0.245819091796875,64.53089141845703,5872.673828125,8.270904541015625,-2.897216796875,0.0142487837001681,4.060715702033675,8.763659457936937,1.1102230246251565e-16,1.4901161193847656e-08,2.181665570681892,7.450580596923828e-06,0.694732666015625,1.0733642578125,0
2019-06-11,2019-06-14,3,23.0,82.0,central,monsoon,6,162,2019,normal,30.8189697265625,1000.09375,0.0,2.8169403076171875,-1.397735595703125,54.82906723022461,5866.6318359375,8.061920166015625,-3.889404296875,0.013873036019504,3.1446490252767454,8.951090578681411,0.0016954210069445553,0.004795374763929278,1.779301252860903,2.755463123321533,3.186431884765625,1.99615478515625,1
2019-06-11,2019-06-14,3,23.0,85.0,east,monsoon,6,162,2019,normal,29.3111572265625,999.291259765625,0.0,2.0210418701171875,-0.738555908203125,48.38680267333984,5863.7255859375,7.884185791015625,-5.276123046875,0.0128397298976778,2.1517609231298263,9.48672019156348,0.293307834201389,0.7403886260861349,1.6133659345401377,0.0282451510429382,0.24334716796875,1.6805419921873863,0
2019-06-11,2019-06-14,3,23.0,88.0,east,monsoon,6,162,2019,normal,28.2017822265625,997.4662475585938,0.0457763671875,0.2612762451171875,0.108123779296875,62.67646408081055,5853.12060546875,6.454498291015625,-3.037841796875,0.0149025274440646,0.28276496938619533,7.133654811635082,1.9853379991319446,2.402315247766837,1.0756673869545421,0.045768916606903076,2.347991943359375,0.4308471679686363,0
2019-06-11,2019-06-14,3,23.0,91.0,east,monsoon,6,162,2019,normal,26.7545166015625,999.2362670898438,3.3721923828125,-1.6117706298828125,1.458709716796875,88.96195220947266,5838.5390625,2.921295166015625,-2.446044921875,0.0167712531983852,2.1738533992039244,3.8101313897051807,13.875325520833334,29.5145206718828,1.478931664876267,1.8163938522338867,0.9466552734375,0.12408447265613631,0
2019-06-11,2019-06-14,3,23.0,94.0,east,monsoon,6,162,2019,normal,23.6353759765625,1000.8162231445312,9.9945068359375,0.2436981201171875,-1.782501220703125,97.93479919433594,5835.4287109375,-2.338470458984375,-5.270263671875,0.016582902520895,1.7990829262590375,5.765771696713975,25.475396050347218,38.313451098727406,1.1643866905731008,7.355814695358276,0.355377197265625,1.57830810546875,1
2019-06-11,2019-06-14,3,26.0,70.0,west,monsoon,6,162,2019,normal,32.0552978515625,999.646240234375,0.0,0.8208465576171875,3.495819091796875,60.20449066162109,5855.56787109375,-3.014251708984375,1.469970703125,0.014018471352756,3.5908968508888575,3.353584236777277,0.9409586588541666,1.7563006881708778,1.1090145468890422,7.450580596923828e-06,2.13092041015625,0.1787109375,0
2019-06-11,2019-06-14,3,26.0,73.0,west,monsoon,6,162,2019,normal,30.4947509765625,1000.3612670898438,0.0,1.5288543701171875,2.704803466796875,65.0218734741211,5856.20556640625,-1.414642333984375,2.753173828125,0.0145239187404513,3.1069852717743633,3.095347970902985,0.4713270399305556,1.3277279122384693,1.7063592468398692,0.049760565161705,1.74053955078125,0.673583984375,0
2019-06-11,2019-06-14,3,26.0,76.0,central,monsoon,6,162,2019,normal,31.0650634765625,1000.4762573242188,0.0,3.2837371826171875,1.154022216796875,62.40071868896485,5859.7744140625,2.477935791015625,1.858642578125,0.0143913580104708,3.480617353482488,3.0975341834458225,0.0016954210069444937,0.004795374763926727,1.8662679097503492,13.888016700744627,2.231292724609375,0.88775634765625,1
2019-06-11,2019-06-14,3,26.0,79.0,central,monsoon,6,162,2019,normal,33.2701416015625,998.563720703125,0.0,4.126510620117188,1.434295654296875,44.893497467041016,5856.76611328125,3.522857666015625,0.001220703125,0.0116013837978243,4.368671871618975,3.5228578775081427,4.9439619065339e-17,1.4049003096018381e-08,4.199152453004547,7.450580596923828e-06,0.556243896484375,1.60516357421875,0
2019-06-11,2019-06-14,3,26.0,82.0,central,monsoon,6,162,2019,normal,34.5240478515625,997.0687255859376,0.0,3.991744995117188,-0.218048095703125,40.77032470703125,5852.89111328125,9.194732666015623,-2.485107421875,0.0110472990199923,3.997695971191766,9.524645279366208,4.9439619065339e-17,1.4049003096018381e-08,6.802902441105955,7.450580596923828e-06,2.589996337890625,2.0388793945311363,1
2019-06-11,2019-06-14,3,26.0,85.0,east,monsoon,6,162,2019,normal,31.2584228515625,996.8387451171876,0.0,-2.8168487548828125,-0.002227783203125,54.30599212646485,5851.4638671875,6.222076416015625,-1.485107421875,0.0132006956264376,2.8168496358348367,6.396856961136934,0.2695719401041667,0.746416680006679,7.3226913906826425,7.450580596923828e-06,1.10272216796875,1.0261230468747726,0
2019-06-11,2019-06-14,3,26.0,88.0,northeast,monsoon,6,162,2019,normal,27.1080322265625,998.0887451171876,2.38037109375,-1.6762237548828125,-0.933868408203125,75.1198959350586,5842.87255859375,0.821685791015625,1.102783203125,0.0151156736537814,1.9188111632657534,1.3752448262951613,1.3292100694444444,2.060513443954918,7.533051575413267,2.3196320980787277,2.46551513671875,0.18701171875,0
2019-06-11,2019-06-14,3,26.0,91.0,northeast,monsoon,6,162,2019,normal,26.6510009765625,998.8262329101562,6.0882568359375,-0.4945831298828125,1.137420654296875,89.69385528564453,5838.76806640625,0.296295166015625,-0.442138671875,0.0165600143373012,1.2402976325002844,0.5322381333309515,2.4617513020833335,3.324759067743137,6.866751982826883,5.9330277144908905,1.801422119140625,0.007568359375,1
2019-06-11,2019-06-14,3,26.0,94.0,northeast,monsoon,6,162,2019,normal,25.5474853515625,1000.8562622070312,0.152587890625,-0.9389190673828124,-1.183868408203125,89.06224060058594,5842.974609375,-0.838470458984375,0.061767578125,0.0166124664247035,1.5109974927300216,0.8407424958314504,3.3247205946180554,4.066004879350957,7.049888036122973,3.975851535797119,0.370941162109375,0.16754150390625,1
2019-06-11,2019-06-14,3,29.0,70.0,north,monsoon,6,162,2019,normal,31.6275634765625,998.4812622070312,0.0,-0.6801300048828125,3.666717529296875,33.3383903503418,5843.7392578125,1.800201416015625,2.225830078125,0.0089449239894747,3.7292618925458796,2.862698844606363,0.0,0.0,1.2576346544703285,7.450580596923828e-06,0.58203125,0.778564453125,0
2019-06-11,2019-06-14,3,29.0,73.0,north,monsoon,6,162,2019,normal,32.9302978515625,998.3312377929688,0.0,0.8042449951171875,-0.788360595703125,24.369291305541992,5841.955078125,0.958404541015625,-0.000732421875,0.0068220454268157,1.126198224571692,0.9584048208774691,0.0,0.0,1.1797807541459524,7.450580596923828e-06,0.199249267578125,1.2777709960936363,0
2019-06-11,2019-06-14,3,29.0,76.0,north,monsoon,6,162,2019,normal,27.9146728515625,997.9912719726562,0.0,2.1577606201171875,1.671600341796875,20.863433837890625,5841.955078125,2.604888916015625,-1.432373046875,0.0059637385420501,2.7295015289286684,2.9727325493886982,0.0,0.0,6.666958496629343,7.450580596923828e-06,4.0384521484375,1.51776123046875,1
2019-06-11,2019-06-14,3,29.0,79.0,north,monsoon,6,162,2019,normal,25.1021728515625,997.2637329101562,0.0,2.3081512451171875,0.361053466796875,4.912204265594482,5837.51904296875,9.559967041015623,-5.959716796875,0.0015034036478027,2.3362195479496495,11.265486856956473,0.0,0.0,8.666859381027589,7.450580596923828e-06,4.236846923828125,1.9100341796875,1
2019-06-11,2019-06-14,3,29.0,82.0,central,monsoon,6,162,2019,normal,7.1568603515625,1011.3937377929688,0.0,0.1333465576171875,-1.667266845703125,42.45432662963867,5831.85986328125,-0.086517333984375,-0.571044921875,0.0075530367903411,1.6725908164309649,0.5775617299293546,0.0,0.0,9.315575582575455,7.450580596923828e-06,3.75396728515625,1.9470825195311363,1
2019-06-11,2019-06-14,3,29.0,85.0,east,monsoon,6,162,2019,normal,-2.7669677734375,1017.2012329101562,0.0,1.3862762451171875,-1.387969970703125,15.020166397094728,5827.6533203125,0.602935791015625,-0.594482421875,0.0022262886632233,1.9616886774791362,0.8467236373256641,0.2644856770833333,0.7480784631693618,7.801698087648862,0.0396780669689178,3.73248291015625,2.0184326171875,1
2019-06-11,2019-06-14,3,29.0,88.0,northeast,monsoon,6,162,2019,normal,5.0299072265625,1010.78125,0.0,0.4868621826171875,1.182342529296875,41.78829956054688,5827.57666015625,-0.086517333984375,1.456298828125,0.0066398936323821,1.2786589230310417,1.4588665209257536,0.9494357638888888,1.961462158204948,7.0016929640314505,7.450580596923828e-06,2.67578125,0.28875732421875,0
2019-06-11,2019-06-14,3,29.0,91.0,northeast,monsoon,6,162,2019,normal,3.5299072265625,1013.6087646484376,0.0762939453125,-0.4018096923828125,1.412811279296875,47.10751724243164,5827.6279296875,-0.471282958984375,1.030517578125,0.0073413210920989,1.4688385683257514,1.133169937058729,0.9782579210069443,1.9480778389859321,6.227144739914117,0.0729244202375412,2.17755126953125,0.03234863281261369,0
2019-06-11,2019-06-14,3,29.0,94.0,northeast,monsoon,6,162,2019,normal,3.7271728515625,1015.7887573242188,0.0457763671875,-0.2836456298828125,0.655975341796875,51.89934539794922,5833.33837890625,-0.408782958984375,0.221923828125,0.0078248335048556,0.7146736964497465,0.4651383590348959,0.7425944010416665,1.8905578755494552,6.421297909744201,0.1015197485685348,3.499908447265625,1.68939208984375,1
2019-06-11,2019-06-14,3,32.0,70.0,north,monsoon,6,162,2019,normal,25.6763916015625,1001.603759765625,0.0,2.6421356201171875,0.893280029296875,31.3200626373291,5828.23974609375,0.647857666015625,1.925048828125,0.0075954752974212,2.789055368011302,2.031140700709985,0.0,0.0,1.5890275868228942,7.450580596923828e-06,0.003692626953125,0.62774658203125,0
2019-06-11,2019-06-14,3,32.0,73.0,north,monsoon,6,162,2019,normal,26.0045166015625,998.3712768554688,0.0,-0.0531768798828125,-2.558868408203125,17.300703048706055,5825.001953125,5.757232666015625,-2.711669921875,0.0046133357100188,2.5594208936894427,6.36387317094228,0.0,0.0,1.3411830140555128,7.450580596923828e-06,2.1485595703125,1.070068359375,0
2019-06-11,2019-06-14,3,32.0,76.0,north,monsoon,6,162,2019,normal,25.6744384765625,998.6587524414062,0.0,-2.6869659423828125,1.433319091796875,15.75079345703125,5818.73095703125,3.663482666015625,-2.824951171875,0.0044149714522063,3.045355413483716,4.626170594311767,0.0,0.0,8.946562298563322,7.450580596923828e-06,0.966766357421875,1.85009765625,0
2019-06-11,2019-06-14,3,32.0,79.0,north,monsoon,6,162,2019,normal,-5.0462646484375,1019.7337646484376,0.0,1.2612762451171875,-0.010040283203125,14.144014358520508,5815.671875,0.694732666015625,0.116455078125,0.0019497232278808,1.2613162068980603,0.7044254839585787,0.0,0.0,9.675580949411602,7.450580596923828e-06,1.55963134765625,0.8225097656247726,0
2019-06-11,2019-06-14,3,32.0,82.0,central,monsoon,6,162,2019,normal,-1.7142333984375,1017.2062377929688,0.0,-0.3647003173828125,1.135467529296875,17.926868438720703,5815.4169921875,0.345123291015625,1.526611328125,0.0025715187657624,1.1925991915084773,1.5651364902656357,0.0,0.0,6.587009896068324,7.450580596923828e-06,0.2506103515625,0.69207763671875,0
2019-06-11,2019-06-14,3,32.0,85.0,east,monsoon,6,162,2019,normal,2.0631103515625,1012.0562744140624,0.0,3.679244995117188,3.110076904296875,19.95122718811035,5810.75146484375,2.460357666015625,2.555908203125,0.0030698135960847,4.817615809166989,3.5476790423491695,0.0,0.0,3.2352948295892388,7.450580596923828e-06,0.61651611328125,2.8865356445311363,1
2019-06-11,2019-06-14,3,32.0,88.0,northeast,monsoon,6,162,2019,normal,3.2467041015625,1008.998779296875,0.0,4.253463745117188,0.890350341796875,11.153000831604004,5806.2138671875,3.276763916015625,0.460205078125,0.0018004731973633,4.345650418770952,3.308922857250391,0.008477105034722222,0.023976873819530828,2.988314410197862,7.450580596923828e-06,2.1728515625,3.21893310546875,1
2019-06-11,2019-06-14,3,32.0,91.0,northeast,monsoon,6,162,2019,normal,2.9927978515625,1007.4762573242188,0.0,-0.6322784423828125,1.075897216796875,36.44663619995117,5807.59033203125,-0.469329833984375,1.079345703125,0.0058702784590423,1.2479306270034796,1.1769696852180185,0.02712673611111111,0.031169935965390076,2.693103204832927,7.450580596923828e-06,2.1102294921875,0.868896484375,0
2019-06-11,2019-06-14,3,32.0,94.0,northeast,monsoon,6,162,2019,normal,3.8795166015625,1012.2012329101562,0.06103515625,-2.1742706298828125,0.234100341796875,47.10055923461914,5815.4677734375,-1.217376708984375,0.546142578125,0.0071801501326262,2.1868369262476834,1.334270500018137,0.0457763671875,0.025934954394494548,2.834098026085514,0.057961791753769,0.35711669921875,0.17364501953125,0
2019-06-11,2019-06-15,4,8.0,70.0,south,monsoon,6,162,2019,normal,27.411346435546875,1008.4606323242188,2.960205078125,6.159698486328125,0.560028076171875,86.63375854492188,5862.48193359375,12.295211791992188,-3.645751953125,0.0136394258588552,6.185104436351399,12.82434171073348,3.248426649305556,1.0686344990345396,0.4239522468194332,1.9216313362121582,0.8299560546874964,0.5337524414063637,0
2019-06-11,2019-06-15,4,8.0,73.0,south,monsoon,6,162,2019,normal,28.446502685546875,1008.0181274414062,2.8839111328125,6.775909423828125,1.966278076171875,82.18030548095703,5866.12744140625,11.588180541992188,-3.968017578125,0.0133485551923513,7.0554374770638395,12.248717964510218,4.057142469618056,1.3530691840186926,0.45617421603496344,2.2009462118148804,0.246368408203125,0.3724365234375,0
2019-06-11,2019-06-15,4,8.0,76.0,south,monsoon,6,162,2019,normal,27.600799560546875,1008.4880981445312,5.2642822265625,6.016143798828125,1.676239013671875,67.45712280273438,5861.56396484375,12.570602416992188,-2.997314453125,0.0118613000959157,6.245299307409835,12.9230003891125,3.1280517578125004,2.400241955839316,0.8395142686570983,4.881914705038071,0.5797119140624964,0.25909423828125,0
2019-06-11,2019-06-15,4,8.0,79.0,south,monsoon,6,162,2019,normal,28.184783935546875,1007.670654296875,0.1220703125,8.399932861328125,4.603973388671875,61.38941955566406,5866.3056640625,13.312789916992188,0.647216796875,0.011049723252654,9.578906150412942,13.328513231269495,2.0175509982638893,2.33116011144983,1.1945685130868686,0.049542635679244995,0.096435546875,0.3385009765626137,0
2019-06-11,2019-06-15,4,8.0,82.0,south,monsoon,6,162,2019,normal,29.026580810546875,1006.610595703125,0.7476806640625,1.875518798828125,3.492645263671875,57.97779083251953,5866.89208984375,13.234664916992188,0.422607421875,0.0111932512372732,3.9643589270659225,13.241410517693637,1.2003580729166672,1.1905550043663338,0.8806664249981113,0.3254301846027374,0.49322509765625,1.10540771484375,0
2019-06-11,2019-06-15,4,8.0,85.0,south,monsoon,6,162,2019,normal,28.141815185546875,1007.400634765625,2.7618408203125,5.188018798828125,7.731903076171875,69.79296112060547,5861.28369140625,11.722946166992188,2.028076171875,0.0126380678266286,9.31116879002363,11.89708198648408,3.0619303385416674,2.04629660014311,0.9895947990699601,2.620566636323929,0.99169921875,0.5382080078126137,0
2019-06-11,2019-06-15,4,8.0,88.0,south,monsoon,6,162,2019,normal,27.665252685546875,1008.2206420898438,5.5694580078125,6.238800048828125,6.098114013671875,78.71234893798828,5863.8076171875,10.267868041992188,3.936279296875,0.013153051957488,8.724082792649272,10.996518032121406,5.696614583333335,2.452222388745161,0.9248929669547602,1.0118203163146973,0.705474853515625,0.086181640625,0
2019-06-11,2019-06-15,4,8.0,91.0,south,monsoon,6,162,2019,normal,28.721893310546875,1008.3630981445312,9.46044921875,7.018096923828125,6.690887451171875,70.07054138183594,5867.7587890625,13.045211791992188,5.385498046875,0.0121440645307302,9.696476644456741,14.113154853215013,6.295098198784724,1.834655486459023,0.7772083388421253,8.767465114593506,0.44494628906249645,0.7378540039063637,1
2019-06-11,2019-06-15,4,8.0,94.0,south,monsoon,6,162,2019,normal,27.757049560546875,1009.1581420898438,4.3487548828125,6.966339111328125,5.163543701171875,87.34452056884766,5872.75537109375,12.363571166992188,6.166748046875,0.0137624498456716,8.671335777602646,13.816174342954607,5.952623155381946,2.0201935545561445,0.5732663823119976,4.135482013225555,1.08819580078125,0.2815551757813637,0
2019-06-11,2019-06-15,4,11.0,70.0,south,monsoon,6,162,2019,normal,27.194549560546875,1007.4781494140624,2.685546875,8.609893798828125,2.198699951171875,81.42420196533203,5860.23828125,14.088180541992188,-4.557861328125,0.013361906632781,8.886200127297506,14.807124328180157,4.784478081597222,2.398863159325215,1.0520973323893514,1.361506104469299,0.099639892578125,0.529296875,0
2019-06-11,2019-06-15,4,11.0,73.0,south,monsoon,6,162,2019,normal,27.475799560546875,1007.5131225585938,6.256103515625,9.078643798828123,0.861785888671875,82.85892486572266,5858.4794921875,12.701461791992188,-3.456298828125,0.0134944673627614,9.119454377533467,13.163325310981858,4.628499348958333,2.674097643726517,1.0070323942050692,5.105622053146362,0.060028076171875,0.1759643554686363,1
2019-06-11,2019-06-15,4,11.0,76.0,south,monsoon,6,162,2019,normal,24.882049560546875,1008.9156494140624,5.3558349609375,2.403839111328125,0.966278076171875,94.83541107177734,5857.58740234375,11.803024291992188,0.688232421875,0.0147552248090505,2.5907789935927013,11.823072625332115,3.3043755425347228,3.364239928645327,1.0378829230687499,2.864342212677002,2.021942138671875,0.2843017578123863,0
2019-06-11,2019-06-15,4,11.0,79.0,south,monsoon,6,162,2019,normal,27.667205810546875,1005.8106079101562,0.0,4.843292236328125,0.927215576171875,67.96017456054688,5862.8134765625,17.763961791992188,2.057373046875,0.0124702211469411,4.931248159560826,17.88270456059055,1.3427734375000002,2.135176625755318,1.6202777012520924,9.313225746154783e-06,3.003631591796875,0.75830078125,1
2019-06-11,2019-06-15,4,11.0,82.0,south,monsoon,6,162,2019,normal,29.407440185546875,1005.30810546875,0.5340576171875,8.621612548828125,6.805145263671875,65.64476013183594,5860.4677734375,11.627243041992188,1.074951171875,0.0123710390180349,10.983724550524123,11.676827513476045,1.0257297092013893,1.162982193005241,1.3186372573595235,0.2540107965469361,0.26922607421875,0.94378662109375,0
2019-06-11,2019-06-15,4,11.0,85.0,south,monsoon,6,162,2019,normal,29.171112060546875,1005.525634765625,3.0059814453125,9.013214111328123,6.862762451171875,65.39027404785156,5855.5732421875,11.662399291992188,3.651123046875,0.0121631380170583,11.328527577662467,12.220566956949323,2.2820366753472228,2.1110517494530883,1.534065264092913,2.8857942670583725,0.250640869140625,1.135986328125,0
2019-06-11,2019-06-15,4,11.0,88.0,south,monsoon,6,162,2019,normal,28.692596435546875,1006.3981323242188,5.859375,7.178253173828125,6.878387451171875,78.02627563476562,5857.15380859375,9.502243041992188,1.565185546875,0.0134076829999685,9.941807308332438,9.630287047914788,4.058837890625001,2.8848663309056475,1.5932359416058968,4.72258186340332,0.610137939453125,0.2799682617188637,0
2019-06-11,2019-06-15,4,11.0,91.0,south,monsoon,6,162,2019,normal,27.653533935546875,1007.6981201171876,6.8206787109375,7.938995361328125,6.605926513671875,87.61160278320312,5865.2607421875,12.666305541992188,6.213623046875,0.0143332239240407,10.327919076523719,14.108309872261744,4.876030815972222,2.702669132867916,1.5474375599077874,0.7990150451660156,0.061279296875,0.1749267578123863,0
2019-06-11,2019-06-15,4,11.0,94.0,south,monsoon,6,162,2019,normal,27.704315185546875,1007.9656372070312,5.218505859375,8.527862548828125,6.537567138671875,83.86985778808594,5872.78076171875,11.588180541992188,5.307373046875,0.0136856790632009,10.745428039140538,12.745749759527746,5.288018120659722,2.109102369759826,1.242055350410374,0.28899288177490234,0.382659912109375,0.5625,0
2019-06-11,2019-06-15,4,14.0,70.0,south,monsoon,6,162,2019,normal,28.149627685546875,1005.6130981445312,6.40869140625,8.575714111328125,2.265106201171875,80.08656311035156,5856.287109375,11.383102416992188,-1.219970703125,0.0137529131025075,8.869812772647437,11.448290228336138,4.557291666666667,2.8440898370820915,1.6665020285192598,5.135722398757935,0.051483154296875,0.755126953125,1
2019-06-11,2019-06-15,4,14.0,73.0,south,monsoon,6,162,2019,normal,26.913299560546875,1006.2906494140624,9.8114013671875,7.129425048828125,3.982879638671875,88.14278411865234,5854.5537109375,9.217086791992188,0.502685546875,0.0142621751874685,8.166518948916051,9.230784456922057,4.055447048611112,3.1876205470252326,1.7099404999970185,8.53371810913086,0.69659423828125,0.458984375,1
2019-06-11,2019-06-15,4,14.0,76.0,south,monsoon,6,162,2019,normal,22.768768310546875,1007.6881103515624,0.030517578125,4.034698486328125,2.095184326171875,94.93915557861328,5863.654296875,12.560836791992188,4.205810546875,0.014918303117156,4.546272015202649,13.246262237751054,2.956814236111111,3.525244669138193,1.5842419082333004,0.0288058072328568,1.170379638671875,1.2034301757813637,0
2019-06-11,2019-06-15,4,14.0,79.0,south,monsoon,6,162,2019,normal,26.190643310546875,1006.0181274414062,0.0152587890625,3.461456298828125,0.604949951171875,69.1265869140625,5861.615234375,13.164352416992188,-1.764892578125,0.013063883408904,3.513921477796531,13.282131620003197,0.7866753472222227,1.655859640403071,2.0586835254462525,0.015268102288246155,2.519317626953125,0.775146484375,0
2019-06-11,2019-06-15,4,14.0,82.0,south,monsoon,6,162,2019,normal,30.032440185546875,1003.47314453125,0.0152587890625,7.668487548828125,5.431121826171875,70.7169418334961,5859.4228515625,9.219039916992188,-1.725830078125,0.0138468500226736,9.396956186832655,9.379189008099594,0.7476806640625003,1.0372984211590637,1.5312460573073274,0.015268102288246155,0.457977294921875,0.8150634765623863,0
2019-06-11,2019-06-15,4,14.0,85.0,south,monsoon,6,162,2019,normal,29.499237060546875,1004.0206298828124,2.0294189453125,7.678253173828125,6.563934326171875,76.13823699951172,5857.86767578125,15.058883666992188,4.000732421875,0.0140208955854177,10.101524916550922,15.581265584266442,1.4055040147569446,1.8640504395598878,1.5847059239440733,2.029428258538246,0.5068359375,0.650390625,0
2019-06-11,2019-06-15,4,14.0,88.0,south,monsoon,6,162,2019,normal,29.686737060546875,1004.068115234375,0.0152587890625,9.139190673828123,7.270965576171875,56.24478912353516,5860.671875,9.955368041992188,2.477294921875,0.0113296266645193,11.678687708063066,10.258964030615715,2.119276258680556,2.464864611143224,1.8592499879214297,0.048290938138961695,0.11151123046875,0.978271484375,0
2019-06-11,2019-06-15,4,14.0,91.0,south,monsoon,6,162,2019,normal,29.057830810546875,1005.3206176757812,1.007080078125,6.450714111328125,8.009246826171875,76.00798034667969,5865.66845703125,8.676071166992188,3.559326171875,0.0141362901777029,10.283955818099962,9.377793647362237,4.742092556423612,5.334996667773758,1.9258976924954492,1.0373518466949463,0.898895263671875,0.7786865234375,0
2019-06-11,2019-06-15,4,14.0,94.0,south,monsoon,6,162,2019,normal,28.481658935546875,1006.380615234375,5.584716796875,5.716339111328125,5.816864013671875,77.41181945800781,5869.951171875,8.855758666992188,5.489013671875,0.0135335680097341,8.15551591189978,10.418912258870305,7.264879014756944,6.016674849989292,1.7328954355028978,11.17277717590332,0.09722900390625,0.40069580078125,1
2019-06-11,2019-06-15,4,17.0,70.0,west,monsoon,6,162,2019,normal,29.069549560546875,1003.1130981445312,0.8087158203125,6.677276611328125,3.191864013671875,77.48060607910156,5856.0322265625,10.123336791992188,2.237060546875,0.0138978715986013,7.400947157355141,10.367564212219152,3.3755832248263893,3.4070808667787578,1.7056323097625015,0.4789475202560425,1.098846435546875,1.36431884765625,0
2019-06-11,2019-06-15,4,17.0,73.0,west,monsoon,6,162,2019,normal,27.421112060546875,1004.400634765625,5.1422119140625,2.217315673828125,3.986785888671875,80.39446258544922,5863.24658203125,4.613571166992188,1.746826171875,0.0139178987592458,4.561902072547926,4.933197805445179,2.573649088541667,3.4267977563667946,1.757550166045573,0.12128782272338867,0.116241455078125,0.4423828125,0
2019-06-11,2019-06-15,4,17.0,76.0,central,monsoon,6,162,2019,normal,24.872283935546875,1005.6281127929688,0.0,3.010284423828125,1.742645263671875,74.92597961425781,5867.37646484375,5.746383666992188,-0.042236328125,0.0137457605451345,3.478307753396793,5.746538884901769,1.7700195312500002,3.255367275172413,1.7868864810934972,9.313225746154783e-06,2.908203125,1.02008056640625,0
2019-06-11,2019-06-15,4,17.0,79.0,central,monsoon,6,162,2019,normal,29.301971435546875,1003.4581298828124,0.0,5.023956298828125,1.086395263671875,67.59534454345703,5871.328125,8.840133666992188,0.160888671875,0.0142135377973318,5.140076999565617,8.84159761666558,0.13224283854166696,0.3526068117764702,1.9718016118063915,9.313225746154783e-06,1.2296142578124964,1.2233276367188637,0
2019-06-11,2019-06-15,4,17.0,82.0,central,monsoon,6,162,2019,normal,29.583221435546875,1001.8681030273438,1.129150390625,1.237823486328125,-0.374542236328125,71.38541412353516,5869.466796875,11.058883666992188,-2.385986328125,0.0143527742475271,1.2932474125623399,11.313347812122899,0.3577338324652781,0.6866308558696959,1.7035026293296378,1.1291597038507462,1.738616943359375,0.3905639648438637,0
2019-06-11,2019-06-15,4,17.0,85.0,east,monsoon,6,162,2019,normal,30.231658935546875,1001.8131103515624,0.0,9.940948486328123,4.437957763671875,73.69792938232422,5861.8701171875,12.322555541992188,-0.202392578125,0.014770483598113,10.88659386217585,12.324217534641397,0.5696614583333336,0.8087638025024807,1.3857863137247504,0.1608133316040039,0.55877685546875,0.3349609375,0
2019-06-11,2019-06-15,4,17.0,88.0,east,monsoon,6,162,2019,normal,30.048065185546875,1002.1531372070312,0.06103515625,8.200714111328125,5.975067138671875,64.33255004882812,5863.68017578125,10.970993041992188,2.662841796875,0.0129313226789236,10.146582638867766,11.289526773192287,0.5883110894097225,0.782296721655677,1.7573630726324987,0.21278858184814448,0.30474853515625,0.90570068359375,0
2019-06-11,2019-06-15,4,17.0,91.0,east,monsoon,6,162,2019,normal,29.786346435546875,1002.9356079101562,0.274658203125,9.012237548828123,6.759246826171875,70.86058044433594,5861.99755859375,12.795211791992188,4.602294921875,0.0138668771833181,11.265338134899551,13.59774111203226,6.7003038194444455,10.963837112113298,1.861806835811007,1.2549386024475098,0.23321533203125,0.44775390625,0
2019-06-11,2019-06-15,4,17.0,94.0,east,monsoon,6,162,2019,normal,28.780487060546875,1004.2156372070312,17.8375244140625,7.603057861328125,6.706512451171875,81.97010803222656,5862.099609375,11.314743041992188,8.531982421875,0.0152702089399099,10.138234466633072,14.171031513390075,12.827555338541666,12.836426005422977,1.745528111911225,15.035739183425903,0.888214111328125,1.1134033203125,1
2019-06-11,2019-06-15,4,20.0,70.0,west,monsoon,6,162,2019,normal,29.452362060546875,1001.338134765625,0.030517578125,5.860870361328125,5.446746826171875,25.9338321685791,5845.47802734375,9.513961791992188,3.414794921875,0.004976725205779,8.001053204466762,10.108228991171028,2.8771294487847228,3.577036189477494,3.1610284923387293,11.257741928100586,1.144378662109375,3.3238525390626137,1
2019-06-11,2019-06-15,4,20.0,73.0,west,monsoon,6,162,2019,normal,25.807830810546875,1003.880615234375,0.9307861328125,-0.090301513671875,4.132293701171875,85.46894073486328,5857.38330078125,8.158493041992188,7.762451171875,0.0148658510297536,4.133280246501099,11.2612901974853,1.7869737413194446,2.977010597217633,2.8435681763794527,2.1628103256225586,1.30792236328125,0.5316162109373863,0
2019-06-11,2019-06-15,4,20.0,76.0,central,monsoon,6,162,2019,normal,26.007049560546875,1005.045654296875,0.0,2.505401611328125,0.814910888671875,62.14973068237305,5869.0078125,6.515914916992188,1.408935546875,0.0121569391340017,2.6345999678360186,6.666501824850067,0.6968180338541669,1.5978477267944737,1.6362001398611703,9.313225746154783e-06,2.412689208984375,0.5107421875,0
2019-06-11,2019-06-15,4,20.0,79.0,central,monsoon,6,162,2019,normal,33.050018310546875,1001.173095703125,0.0,3.922393798828125,0.344207763671875,62.24276351928711,5870.97119140625,7.2190399169921875,-3.135986328125,0.0135874506086111,3.9374677265543805,7.870765374048034,0.12546115451388906,0.3548577325290581,1.8412955275625578,9.313225746154783e-06,2.68377685546875,0.565185546875,0
2019-06-11,2019-06-15,4,20.0,82.0,central,monsoon,6,162,2019,normal,27.889862060546875,1003.1531372070312,0.0,2.744659423828125,4.450653076171875,63.110599517822266,5868.2685546875,13.719039916992188,0.756591796875,0.0139641519635915,5.228906975386606,13.739886731378958,0.12885199652777796,0.3537868778014475,1.3497901504655185,0.0154711306095123,2.48486328125,0.6820678710936363,0
2019-06-11,2019-06-15,4,20.0,85.0,east,monsoon,6,162,2019,normal,30.891815185546875,999.8356323242188,0.030517578125,2.284698486328125,4.296356201171875,59.09524154663086,5857.68896484375,8.595993041992188,-3.083251953125,0.0137777086347341,4.866058341283842,9.132225302982139,0.3407796223958335,0.6362506417281866,1.7517988133076852,0.8132923245429993,1.038665771484375,0.12237548828113631,0
2019-06-11,2019-06-15,4,20.0,88.0,east,monsoon,6,162,2019,normal,29.634002685546875,1000.6906127929688,1.8463134765625,9.220245361328123,9.979949951171877,83.23860168457031,5855.72607421875,8.277633666992188,0.455810546875,0.016291594132781,13.587211838747063,8.290173844954339,0.3729926215277779,0.6216949552394699,1.713864527194901,9.44560432434082,0.751495361328125,0.13238525390625,1
2019-06-11,2019-06-15,4,20.0,91.0,east,monsoon,6,162,2019,normal,30.188690185546875,1000.483154296875,0.030517578125,7.211456298828125,6.906707763671875,68.72350311279297,5850.015625,7.4807586669921875,2.483154296875,0.0145201440900564,9.985375009616474,7.882119353059018,7.646348741319444,11.18007920269268,2.140377113287445,6.576061248779297,1.733642578125,0.4429931640626137,1
2019-06-11,2019-06-15,4,20.0,94.0,east,monsoon,6,162,2019,normal,23.807830810546875,1003.3681030273438,33.6456298828125,-1.409637451171875,1.582489013671875,97.53517150878906,5848.9453125,13.054977416992188,2.807373046875,0.0168003793805837,2.1192803547757726,13.353418243374849,14.711168077256943,12.2310454024335,1.666149847785789,5.250576019287109,0.80389404296875,0.637451171875,1
2019-06-11,2019-06-15,4,23.0,70.0,west,monsoon,6,162,2019,normal,25.602752685546875,995.5181274414062,8.97216796875,-1.331512451171875,-9.864776611328123,68.04717254638672,5824.8798828125,-12.253616333007812,-9.192626953125,0.0152044054120779,9.95423241636602,15.318469360085428,2.1260579427083335,3.670090349873496,2.650243040405413,8.855903521180153,3.5679931640624964,3.8482055664061363,1
2019-06-11,2019-06-15,4,23.0,73.0,west,monsoon,6,162,2019,normal,27.266815185546875,1001.983154296875,0.1983642578125,-0.023895263671875,4.495574951171875,78.81511688232422,5859.39697265625,5.963180541992188,9.139404296875,0.0144953485578298,4.49563845579579,10.912755521779614,1.1257595486111112,2.7888753116275273,2.677325330098636,0.19837357103824615,2.792205810546875,0.43853759765625,0
2019-06-11,2019-06-15,4,23.0,76.0,central,monsoon,6,162,2019,normal,26.801971435546875,1003.2431030273438,0.0,4.253448486328125,0.706512451171875,56.76632690429688,5867.83544921875,8.558883666992188,3.430419921875,0.0120510812848806,4.3117263212671455,9.220752163760965,0.12546115451388898,0.2913658815124845,2.127380710673466,9.313225746154783e-06,2.31976318359375,0.48126220703125,0
2019-06-11,2019-06-15,4,23.0,79.0,central,monsoon,6,162,2019,normal,32.227752685546875,1000.505615234375,0.0,3.825714111328125,0.142059326171875,60.42671203613281,5870.99658203125,7.5471649169921875,-2.727783203125,0.013981794938445,3.828350730245017,8.024992179904512,9.251858538542972e-17,0.0,2.554327212113745,2.185251474380493,1.60791015625,1.1099853515626137,0
2019-06-11,2019-06-15,4,23.0,82.0,central,monsoon,6,162,2019,normal,30.780487060546875,999.9556274414062,0.0,2.821807861328125,1.801239013671875,48.617774963378906,5864.64892578125,10.152633666992188,-3.139892578125,0.0123457666486501,3.347694966783389,10.627083126536071,0.0033908420138889814,0.009590749527770817,2.0617583875694083,1.924086332321167,2.468597412109375,1.5538330078125,0
2019-06-11,2019-06-15,4,23.0,85.0,east,monsoon,6,162,2019,normal,29.303924560546875,999.5281372070312,0.0,1.566925048828125,0.207489013671875,54.46542739868164,5858.19921875,10.756149291992188,-2.024658203125,0.0136813875287771,1.5806029860276583,10.945044012296405,0.2983940972222223,0.6020773961895087,2.0995536669282604,0.0292323529720306,0.376312255859375,1.11834716796875,0
2019-06-11,2019-06-15,4,23.0,88.0,east,monsoon,6,162,2019,normal,29.993377685546875,996.9281005859376,0.0,2.155792236328125,1.717254638671875,51.05477523803711,5850.8828125,10.826461791992188,-4.042236328125,0.0129966493695974,2.7561574084679363,11.55646786288441,0.7765028211805557,1.0464470281838403,1.3985552331145157,9.313225746154783e-06,0.33233642578125,1.1774291992186363,0
2019-06-11,2019-06-15,4,23.0,91.0,east,monsoon,6,162,2019,normal,28.354705810546875,999.0906372070312,1.1138916015625,-1.311981201171875,3.549285888671875,90.5879898071289,5845.47802734375,7.6448211669921875,1.055419921875,0.0183157678693532,3.784009116235543,7.717331267140372,7.678561740451389,10.661500752387132,1.811397619068107,0.7760692834854128,0.12518310546875,0.6435546875,0
2019-06-11,2019-06-15,4,23.0,94.0,east,monsoon,6,162,2019,normal,23.809783935546875,1001.4756469726562,14.007568359375,-0.136199951171875,-0.624542236328125,88.46844482421875,5839.64013671875,3.5979461669921875,-0.854736328125,0.0162863489240407,0.6392209568349247,3.698079340845783,14.289008246527779,11.786887775788324,1.5138992396841477,13.253299534320831,0.46478271484375,1.3753051757813637,1
2019-06-11,2019-06-15,4,26.0,70.0,west,monsoon,6,162,2019,normal,31.200408935546875,999.4681396484376,0.0,2.328643798828125,5.294403076171875,56.54324722290039,5858.4287109375,-6.5524444580078125,4.487060546875,0.0137123819440603,5.783881557812097,7.941551531445191,2.015855577256944,3.718809264662894,2.0756566772339964,9.313225746154783e-06,0.543304443359375,0.4859008789061363,0
2019-06-11,2019-06-15,4,26.0,73.0,west,monsoon,6,162,2019,normal,30.714080810546875,1000.2606201171876,0.0,2.861846923828125,3.915496826171875,63.50031661987305,5859.34619140625,-0.4762725830078125,4.192138671875,0.0144638773053884,4.849874556231999,4.219106803288443,1.018948025173611,2.8125680384104923,2.3683500692721737,9.313225746154783e-06,1.441131591796875,0.76123046875,0
2019-06-11,2019-06-15,4,26.0,76.0,central,monsoon,6,162,2019,normal,31.137908935546875,999.9481201171876,0.0,4.510284423828125,2.006317138671875,53.48580551147461,5860.9267578125,4.801071166992188,0.297607421875,0.01323745213449,4.936392817103912,4.810286324958091,0.02204047309027768,0.06233987193078652,2.2806698825918645,9.313225746154783e-06,1.438873291015625,0.4979858398436363,0
2019-06-11,2019-06-15,4,26.0,79.0,central,monsoon,6,162,2019,normal,34.300018310546875,997.733154296875,0.0,4.889190673828125,0.480926513671875,43.19064712524414,5857.91845703125,7.201461791992188,-2.581298828125,0.0118231531232595,4.912786964300457,7.650108207182617,-9.71445146547012e-17,2.809446887857906e-08,4.16774335638501,9.313225746154783e-06,0.869049072265625,0.80755615234375,0
2019-06-11,2019-06-15,4,26.0,82.0,central,monsoon,6,162,2019,normal,33.329315185546875,996.5431518554688,0.0,3.760284423828125,0.395965576171875,29.17468643188477,5848.12939453125,8.094039916992188,-5.733642578125,0.0082502122968435,3.7810749378447315,9.91907956372721,-9.71445146547012e-17,2.809446887857906e-08,6.8679748789046995,9.313225746154783e-06,0.4122314453125,0.512451171875,0
2019-06-11,2019-06-15,4,26.0,85.0,east,monsoon,6,162,2019,normal,29.801971435546875,996.5081176757812,0.0,-2.557098388671875,-0.119659423828125,22.97997283935547,5837.62646484375,6.285446166992188,-4.831298828125,0.0063323732465505,2.5598965891338614,7.927690829289371,0.08985731336805547,0.25415486248702834,7.1678877454739105,9.313225746154783e-06,3.04150390625,0.35760498046875,1
2019-06-11,2019-06-15,4,26.0,88.0,northeast,monsoon,6,162,2019,normal,26.833221435546875,997.93310546875,0.8087158203125,-3.269989013671875,-0.583526611328125,77.95194244384766,5835.1787109375,6.490524291992188,4.508544921875,0.0167927499860525,3.3216458955859287,7.902776910523639,0.5798339843749999,0.9924340596729355,7.252411800952173,11.79804801940918,0.225341796875,1.087646484375,1
2019-06-11,2019-06-15,4,26.0,91.0,northeast,monsoon,6,162,2019,normal,26.079315185546875,999.1006469726562,3.1585693359375,0.266143798828125,0.252410888671875,90.6912078857422,5835.5869140625,3.855758666992188,1.514404296875,0.016390299424529,0.36680209701525857,4.142498675012321,3.7892659505208335,5.668142099181191,6.152460302590472,2.6497933864593506,2.14630126953125,0.8384399414061363,0
2019-06-11,2019-06-15,4,26.0,94.0,northeast,monsoon,6,162,2019,normal,24.932830810546875,1000.1481323242188,14.495849609375,0.084503173828125,-0.416534423828125,95.2644500732422,5836.70849609375,2.4202117919921875,0.199951171875,0.0168027635663747,0.4250196614520961,2.428457450570675,6.908840603298612,6.621696329163644,6.152878490428424,13.518966734409332,1.93194580078125,1.1698608398436363,1
2019-06-11,2019-06-15,4,29.0,70.0,north,monsoon,6,162,2019,normal,34.274627685546875,997.170654296875,0.0,5.827667236328125,4.642059326171875,38.79743194580078,5851.03564453125,10.301071166992188,3.926513671875,0.0107292886823415,7.450531538425401,11.024045391908503,0.0,0.0,1.3413215696639686,9.313225746154783e-06,1.84490966796875,1.406005859375,0
2019-06-11,2019-06-15,4,29.0,73.0,north,monsoon,6,162,2019,normal,33.690643310546875,997.4906005859376,0.0,3.976104736328125,3.201629638671875,35.36386489868164,5843.9228515625,8.607711791992188,1.139404296875,0.0100455041974782,5.104884055242896,8.682795888752572,0.0,0.0,1.409381667878854,9.313225746154783e-06,0.221649169921875,1.1877441406247726,0
2019-06-11,2019-06-15,4,29.0,76.0,north,monsoon,6,162,2019,normal,30.163299560546875,997.18310546875,0.0,2.791534423828125,1.505340576171875,19.472124099731445,5835.5615234375,6.601852416992188,-3.247314453125,0.0058355089277029,3.1715476805003098,7.357275752153111,0.0,0.0,6.800802126357847,9.313225746154783e-06,1.68798828125,1.383056640625,0
2019-06-11,2019-06-15,4,29.0,79.0,north,monsoon,6,162,2019,normal,23.776580810546875,995.9681396484376,0.0,1.991729736328125,-0.949737548828125,14.120306015014648,5829.5703125,11.111618041992188,-7.050048828125,0.0041765924543142,2.2065785175759682,13.159454547589462,0.0,0.0,8.529439406169576,9.313225746154783e-06,1.964599609375,1.3387451171873863,0
2019-06-11,2019-06-15,4,29.0,82.0,central,monsoon,6,162,2019,normal,6.669158935546875,1010.2206420898438,0.0,-0.083465576171875,-1.310089111328125,38.24120330810547,5822.15185546875,-0.0856475830078125,-0.485595703125,0.0069308038800954,1.3127452083425097,0.49309096054231544,0.0,0.0,9.174142723072821,0.7542148232460022,6.447906494140625,1.32464599609375,1
2019-06-11,2019-06-15,4,29.0,85.0,east,monsoon,6,162,2019,normal,-2.946075439453125,1017.2156372070312,0.0,0.756378173828125,-0.487823486328125,22.8795108795166,5819.42431640625,0.5510711669921875,-0.358642578125,0.0033974407706409,0.9000442742759356,0.6574982356890992,0.08985731336805557,0.25415486248702673,7.715915258788075,2.609558343887329,4.29986572265625,3.1224975585936363,1
2019-06-11,2019-06-15,4,29.0,88.0,northeast,monsoon,6,162,2019,normal,5.128143310546875,1009.4281005859376,0.0,0.431182861328125,0.965301513671875,43.30590057373047,5818.0224609375,-0.1422882080078125,1.539794921875,0.0069083925336599,1.0572254594930648,1.5463551776904658,0.4560682508680556,0.9875590876857115,7.285917505989774,9.313225746154783e-06,1.16705322265625,1.5819091796876137,0
2019-06-11,2019-06-15,4,29.0,91.0,northeast,monsoon,6,162,2019,normal,4.303924560546875,1012.1006469726562,0.1373291015625,-0.501434326171875,1.229949951171875,47.66179275512695,5820.64794921875,-0.5290069580078125,0.926513671875,0.0075497385114431,1.3282369012533646,1.0669001573680523,2.3888481987847223,4.420961040341151,6.676615965869969,0.1305397599935532,2.832489013671875,3.00421142578125,1
2019-06-11,2019-06-15,4,29.0,94.0,northeast,monsoon,6,162,2019,normal,4.682830810546875,1013.6755981445312,0.3814697265625,-0.240692138671875,0.610809326171875,54.90425109863281,5830.38623046875,-0.3454132080078125,0.127685546875,0.0085544344037771,0.6565216969430493,0.3682579030340234,4.231770833333333,5.598138963641396,6.6767708813875,0.2560485154390335,2.961456298828125,1.949951171875,1
2019-06-11,2019-06-15,4,32.0,70.0,north,monsoon,6,162,2019,normal,26.987518310546875,999.078125,0.0,3.023956298828125,0.734832763671875,24.48276710510254,5835.45947265625,1.7053680419921875,0.131591796875,0.0068087335675954,3.1119593326050934,1.7104375345662461,0.0,0.0,1.2386399523860008,9.313225746154783e-06,0.503173828125,0.2327880859376137,0
2019-06-11,2019-06-15,4,32.0,73.0,north,monsoon,6,162,2019,normal,29.182830810546875,996.0131225585938,0.0,1.966339111328125,-0.760284423828125,24.249696731567383,5827.25048828125,3.961227416992188,0.430419921875,0.0070066209882497,2.108203478285325,3.9845431304325825,0.0,0.0,1.03326105418942,9.313225746154783e-06,0.59185791015625,1.4777221679686363,0
2019-06-11,2019-06-15,4,32.0,76.0,north,monsoon,6,162,2019,normal,26.225799560546875,997.295654296875,0.0,-2.422332763671875,1.680145263671875,14.938215255737305,5816.1611328125,5.377243041992188,-4.274658203125,0.0044407602399587,2.947979668348691,6.869311864095068,0.0,0.0,9.228672128023957,9.313225746154783e-06,1.853302001953125,2.29052734375,1
2019-06-11,2019-06-15,4,32.0,79.0,north,monsoon,6,162,2019,normal,-5.065216064453125,1018.9056396484376,0.0,1.427276611328125,-0.018096923828125,16.49856948852539,5811.521484375,0.8206024169921875,0.092529296875,0.0022878407035022,1.4273913352323309,0.82580263837893,0.0,0.0,9.674788937644166,0.0065341591835021,1.56976318359375,1.36865234375,0
2019-06-11,2019-06-15,4,32.0,82.0,central,monsoon,6,162,2019,normal,-1.547637939453125,1015.4756469726562,0.0,-0.107879638671875,1.749481201171875,18.883033752441406,5809.8134765625,0.4944305419921875,1.949951171875,0.0027508495841175,1.7528041789355024,2.0116588014748857,0.0,0.0,6.839998064250561,9.313225746154783e-06,1.301361083984375,0.4239501953125,0
2019-06-11,2019-06-15,4,32.0,85.0,east,monsoon,6,162,2019,normal,2.352752685546875,1009.265625,0.0,3.269073486328125,1.560028076171875,16.13728904724121,5805.607421875,1.7581024169921875,1.524169921875,0.0025644062552601,3.6222270852968403,2.3268042589315963,0.0,0.0,2.9108577553419757,9.313225746154783e-06,0.963653564453125,0.9813232421876137,0
2019-06-11,2019-06-15,4,32.0,88.0,northeast,monsoon,6,162,2019,normal,1.229705810546875,1013.1156005859376,0.0,-3.852996826171875,-1.754425048828125,21.561059951782227,5805.27587890625,-2.4743194580078125,-1.882080078125,0.003228640416637,4.233626317289483,3.1087750321872893,0.0152587890625,0.04315837287515549,2.523784830168059,9.313225746154783e-06,0.7896728515625,6.178833007812614,1
2019-06-11,2019-06-15,4,32.0,91.0,northeast,monsoon,6,162,2019,normal,1.637908935546875,1013.9081420898438,0.0,-3.297332763671875,-0.197784423828125,27.73507308959961,5808.28369140625,-1.9098663330078125,-0.315673828125,0.004089331254363,3.3032593044889813,1.9357787517481952,0.6171332465277778,1.0227591215076335,1.5766669664120672,9.313225746154783e-06,1.20965576171875,4.0400390625,1
2019-06-11,2019-06-15,4,32.0,94.0,northeast,monsoon,6,162,2019,normal,2.286346435546875,1014.8881225585938,2.5177001953125,-0.635223388671875,0.653778076171875,47.927677154541016,5817.1552734375,-0.6325225830078125,-0.005126953125,0.0071048494428396,0.9115561016189722,0.6325433610933096,1.2190077039930556,1.1686334202848456,0.8765534658973689,0.981735110282898,0.357696533203125,2.69891357421875,1
2019-06-11,2019-06-16,5,8.0,70.0,south,monsoon,6,162,2019,normal,27.984375,1007.7931518554688,1.129150390625,8.00067138671875,0.16473388671875,77.4884262084961,5865.97998046875,11.799346923828123,-5.7708892822265625,0.0127967447042465,8.00236714302047,13.13498195417754,2.585517035590278,2.871285450799543,0.5310625026351609,0.7460135817527771,0.574249267578125,0.4415283203125,0
2019-06-11,2019-06-16,5,8.0,73.0,south,monsoon,6,162,2019,normal,27.189453125,1008.5281372070312,7.9498291015625,4.92938232421875,-1.65557861328125,87.17229461669922,5866.6171875,8.615753173828125,-6.0599517822265625,0.0137890428304672,5.199976023317272,10.533480828066299,3.7163628472222228,2.906656791738267,0.6553868546130475,7.271511495113373,1.298309326171875,0.2066040039063637,1
2019-06-11,2019-06-16,5,8.0,76.0,south,monsoon,6,162,2019,normal,26.830078125,1008.9131469726562,5.7525634765625,6.91375732421875,-1.90167236328125,90.32196044921876,5864.29736328125,9.387237548828123,-5.0736236572265625,0.0138653367757797,7.170522862069133,10.670608502484649,3.4044053819444446,3.212485048226105,0.8996944636927018,4.896305501461029,1.3643798828125,0.5899047851561363,1
2019-06-11,2019-06-16,5,8.0,79.0,south,monsoon,6,162,2019,normal,27.40234375,1007.8956298828124,0.1220703125,8.82098388671875,6.00262451171875,82.7979965209961,5865.623046875,11.193878173828123,0.6431732177734375,0.0138887017965316,10.669641875828757,11.212340538824472,1.4970567491319446,2.333718533058634,1.1853828372171062,0.1220703125,0.9436950683593714,0.4354858398438637,0
2019-06-11,2019-06-16,5,8.0,82.0,south,monsoon,6,162,2019,normal,28.896484375,1006.953125,0.0,0.92645263671875,3.24383544921875,67.67626953125,5868.580078125,11.240753173828123,2.969345092773437,0.0123499482870101,3.3735415974449365,11.62632969577694,0.5645751953125003,0.8964529556017374,1.0410838510157951,0.0015497207641601,0.780181884765625,0.6656494140623863,0
2019-06-11,2019-06-16,5,8.0,85.0,south,monsoon,6,162,2019,normal,27.8359375,1008.24560546875,2.227783203125,7.26531982421875,9.07391357421875,82.72130584716797,5867.43310546875,10.022003173828123,5.6861419677734375,0.0137876123189926,11.624146407395997,11.522706196631733,1.676771375868056,2.3377722480797516,0.9812874591741291,1.434238612651825,0.677398681640625,0.05157470703125,0
2019-06-11,2019-06-16,5,8.0,88.0,south,monsoon,6,162,2019,normal,28.962890625,1007.923095703125,1.2054443359375,5.81317138671875,7.43133544921875,77.42276763916016,5872.76123046875,10.000518798828123,5.9009857177734375,0.0131734460592269,9.434919614399522,11.611718593174775,2.3956298828125004,2.1443409830509204,0.8006823250387958,0.9307470321655273,0.199554443359375,0.8233642578126137,0
2019-06-11,2019-06-16,5,8.0,91.0,south,monsoon,6,162,2019,normal,28.8046875,1008.2906494140624,1.28173828125,5.06121826171875,5.17645263671875,76.87603759765625,5875.310546875,10.131378173828123,4.8462982177734375,0.0128749459981918,7.239585084308898,11.2308249971547,2.880520290798612,2.3814335136989135,0.668165014337237,0.08655893802642822,0.5491943359375,0.6784667968752274,0
2019-06-11,2019-06-16,5,8.0,94.0,south,monsoon,6,162,2019,normal,28.42578125,1008.858154296875,1.5106201171875,5.68817138671875,4.79168701171875,77.61653137207031,5873.52587890625,11.004425048828123,4.0377044677734375,0.0127600282430648,7.437442984182136,11.721792867319973,2.763536241319445,1.9809730296113348,0.5940350935083321,2.0139143466949463,0.512786865234375,0.01068115234375,0
2019-06-11,2019-06-16,5,11.0,70.0,south,monsoon,6,162,2019,normal,28.345703125,1007.0331420898438,0.79345703125,8.05926513671875,-1.93487548828125,81.20536041259766,5860.3203125,11.623565673828123,-4.2962799072265625,0.0137079805135726,8.288274711849379,12.392146707291442,2.9161241319444446,2.417472984671664,0.8269404239973196,0.06346964836120605,0.44451904296875,0.6077880859375,0
2019-06-11,2019-06-16,5,11.0,73.0,south,monsoon,6,162,2019,normal,28.208984375,1007.203125,1.2664794921875,7.42449951171875,-3.71417236328125,75.34300994873047,5859.25,7.863800048828125,-4.9193267822265625,0.0127996057271957,8.301702797840584,9.275727852749927,3.1331380208333335,2.603123376399818,1.0161964306523577,0.7509887218475342,0.372772216796875,1.37408447265625,0
2019-06-11,2019-06-16,5,11.0,76.0,south,monsoon,6,162,2019,normal,23.740234375,1008.318115234375,1.7242431640625,-0.33135986328125,-1.54425048828125,84.73027038574219,5860.75390625,9.047393798828123,-4.5970611572265625,0.0136159509420394,1.5794014466090145,10.148315418548775,2.5177001953125,2.913962654810031,1.1210693012372872,1.1624339818954468,3.462158203125,1.5703125,1
2019-06-11,2019-06-16,5,11.0,79.0,south,monsoon,6,162,2019,normal,27.326171875,1005.9255981445312,0.0,4.76531982421875,1.11981201171875,59.73387908935547,5864.3740234375,5.990753173828125,2.584579467773437,0.011499747633934,4.89512532716802,6.524505698899173,0.8595784505208334,1.8088942439030025,1.7409002074756308,0.0,2.395751953125,1.02386474609375,0
2019-06-11,2019-06-16,5,11.0,82.0,south,monsoon,6,162,2019,normal,29.443359375,1005.3531494140624,0.0,6.89324951171875,8.14031982421875,69.98099517822266,5864.01708984375,9.754425048828123,1.2037200927734375,0.0131944268941879,10.666850316348288,9.828415441715517,0.317043728298611,0.6858643325449445,1.5469223030129533,0.0325590372085571,0.22344970703125,1.1209716796876137,0
2019-06-11,2019-06-16,5,11.0,85.0,south,monsoon,6,162,2019,normal,29.05078125,1005.9081420898438,0.3814697265625,6.71258544921875,8.61981201171875,79.23969268798828,5864.24658203125,9.906768798828123,4.4673919677734375,0.0140713304281234,10.92519851217515,10.86745871982779,1.4224582248263886,2.3787052789840897,1.617594382825721,0.3308597952127457,0.3876953125,1.2848510742186363,0
2019-06-11,2019-06-16,5,11.0,88.0,south,monsoon,6,162,2019,normal,27.75,1006.6755981445312,7.843017578125,8.44207763671875,7.39129638671875,82.37366485595703,5861.39111328125,10.891143798828123,5.3248138427734375,0.0137308686971664,11.22051411926871,12.123145454334196,2.4176703559027772,2.3006007216784883,1.536606303317489,3.078117847442627,0.10076904296875,0.8963012695311363,0
2019-06-11,2019-06-16,5,11.0,91.0,south,monsoon,6,162,2019,normal,27.724609375,1007.3231201171876,3.90625,8.90106201171875,5.75848388671875,80.60266876220703,5866.1328125,12.008331298828123,5.0748138427734375,0.0133970826864242,10.60136979876007,13.036631317990857,3.1873914930555554,2.310098068980807,1.3757315870923925,1.7678942680358887,0.39703369140625,0.7006225585936363,0
2019-06-11,2019-06-16,5,11.0,94.0,south,monsoon,6,162,2019,normal,28.58984375,1007.6006469726562,6.1798095703125,8.37664794921875,5.90496826171875,79.27396392822266,5870.6962890625,13.910675048828123,5.3423919677734375,0.0133842080831527,10.248750218297666,14.90127619539412,3.1416151258680554,1.8550772622633143,1.305178065446053,2.4961791038513184,1.4031982421875,0.921875,0
2019-06-11,2019-06-16,5,14.0,70.0,south,monsoon,6,162,2019,normal,28.310546875,1006.0281372070312,3.7384033203125,8.50653076171875,1.91375732421875,69.44768524169922,5855.47705078125,9.203643798828123,-1.0560455322265625,0.0120805352926254,8.719147475302174,9.264032131952213,3.3976236979166665,1.9066906959846828,1.1087216442730428,2.7181525230407715,0.604248046875,0.04620361328125,0
2019-06-11,2019-06-16,5,14.0,73.0,south,monsoon,6,162,2019,normal,28.19921875,1006.1806030273438,5.706787109375,6.14129638671875,0.97235107421875,68.61839294433594,5858.94384765625,9.168487548828123,-0.1927642822265625,0.0122097581624984,6.217796066216641,9.170513726150714,2.4871826171875,2.076715647957646,1.348684225381688,4.978297293186188,0.43975830078125,1.22589111328125,1
2019-06-11,2019-06-16,5,14.0,76.0,south,monsoon,6,162,2019,normal,21.95703125,1008.6956176757812,0.1373291015625,3.29168701171875,1.65203857421875,91.96001434326172,5861.11083984375,11.471221923828123,-1.6458892822265625,0.0147427171468734,3.6829926464526963,11.588696387215572,1.3699001736111114,1.8998098325805375,1.4928338301672384,0.073293223977089,1.956207275390625,1.65252685546875,0
2019-06-11,2019-06-16,5,14.0,79.0,south,monsoon,6,162,2019,normal,26.326171875,1006.193115234375,0.0,3.60809326171875,0.42742919921875,71.44100189208984,5864.09326171875,10.865753173828123,-3.8333892822265625,0.0131057351827621,3.6333225435687693,11.522129378879816,0.20684136284722246,0.5381886933132246,2.1529400999915227,0.0,2.074981689453125,1.3865966796873863,0
2019-06-11,2019-06-16,5,14.0,82.0,south,monsoon,6,162,2019,normal,30.037109375,1003.2681274414062,0.0,5.84930419921875,7.59344482421875,72.1355972290039,5865.3427734375,9.920440673828123,0.7545013427734375,0.0141895860433578,9.585132441101303,9.949091186595403,0.5798339843750003,1.4668733170805839,1.5845688330389986,0.0,0.42294311523437145,1.20458984375,0
2019-06-11,2019-06-16,5,14.0,85.0,south,monsoon,6,162,2019,normal,30.0,1003.983154296875,0.1220703125,7.71551513671875,8.25946044921875,73.01504516601562,5856.93017578125,11.605987548828123,3.279891967773437,0.0136817544698715,11.302559919644088,12.0605405477457,2.024332682291667,2.6908783058814105,1.617034559307254,0.1202840358018876,0.29971313476562855,0.421875,0
2019-06-11,2019-06-16,5,14.0,88.0,south,monsoon,6,162,2019,normal,28.890625,1004.7406005859376,1.0223388671875,8.79656982421875,6.77313232421875,74.11270141601562,5851.7548828125,12.822784423828123,1.0591888427734375,0.0132402032613754,11.102025137502292,12.866455665202631,3.1941731770833335,2.305295059525156,1.7302959650671057,0.17664021253585815,0.7486267089843714,0.030334472656136313,0
2019-06-11,2019-06-16,5,14.0,91.0,south,monsoon,6,162,2019,normal,28.87890625,1004.9156494140624,3.7689208984375,7.73406982421875,6.96356201171875,87.60111999511719,5856.6748046875,8.180206298828125,3.6900482177734375,0.0149978250265121,10.407066442419955,8.973975202822897,4.007975260416667,1.9454939432905816,1.6982490533996502,1.971205711364746,0.177703857421875,0.8280029296876137,0
2019-06-11,2019-06-16,5,14.0,94.0,south,monsoon,6,162,2019,normal,28.7109375,1005.9506225585938,1.9683837890625,7.07391357421875,5.89910888671875,76.52696990966797,5864.1953125,8.945831298828125,5.1744232177734375,0.0128978341817855,9.210848978942192,10.334532077637851,3.9571126302083335,1.4693050970107302,1.599306702762003,2.3053269386291504,0.945587158203125,0.455810546875,0
2019-06-11,2019-06-16,5,17.0,70.0,west,monsoon,6,162,2019,normal,28.197265625,1004.1231079101562,5.523681640625,6.66375732421875,2.47137451171875,81.13099670410156,5855.52783203125,9.645050048828123,-0.5599517822265625,0.0139845460653305,7.107274699436636,9.661290619933657,3.4434000651041665,1.850407372870581,1.52968545689875,4.562593996524811,0.43585205078125,0.4225463867186363,1
2019-06-11,2019-06-16,5,17.0,73.0,west,monsoon,6,162,2019,normal,27.283203125,1005.2906494140624,3.4942626953125,3.30535888671875,4.69696044921875,87.68595123291016,5862.640625,6.912628173828125,2.647079467773437,0.0146511644124984,5.743416651396259,7.402125233898037,2.2871229383680554,2.2196098024634807,1.7489233189657136,1.9434466361999512,0.236114501953125,0.9530029296876137,0
2019-06-11,2019-06-16,5,17.0,76.0,central,monsoon,6,162,2019,normal,25.091796875,1006.235595703125,0.0,4.59442138671875,1.77996826171875,69.45838928222656,5865.3935546875,8.779815673828125,-1.2630767822265625,0.012788638472557,4.927169054483995,8.870204407126018,1.1155870225694442,1.9461646092124825,1.9677951067010628,0.0,2.807403564453125,1.63446044921875,0
2019-06-11,2019-06-16,5,17.0,79.0,central,monsoon,6,162,2019,normal,29.912109375,1003.4181518554688,0.0,4.40594482421875,0.60906982421875,70.17821502685547,5867.71337890625,7.066925048828125,-2.8783111572265625,0.0146821588277816,4.447843954640703,7.630603171674524,0.015258789062499703,0.04315837287514874,2.242133931450894,0.0,0.760528564453125,1.6158447265625,0
2019-06-11,2019-06-16,5,17.0,82.0,central,monsoon,6,162,2019,normal,30.365234375,1001.890625,0.0,2.04754638671875,1.57879638671875,67.25862121582031,5864.9091796875,10.141143798828123,-1.0521392822265625,0.014408454298973,2.5855452493586704,10.195577208658385,0.5374484592013886,1.477465781939822,1.7558992489606369,0.0,1.315216064453125,0.46478271484375,0
2019-06-11,2019-06-16,5,17.0,85.0,east,monsoon,6,162,2019,normal,29.619140625,1002.068115234375,4.7149658203125,7.83465576171875,7.71551513671875,78.18549346923828,5859.37744140625,12.229034423828123,-0.9056549072265624,0.0154946893453598,10.995954016344783,12.262523955130803,1.2478298611111107,1.7608136850250322,1.6858934028160923,4.326609909534454,0.8704528808593714,1.1180419921873863,0
2019-06-11,2019-06-16,5,17.0,88.0,east,monsoon,6,162,2019,normal,27.724609375,1002.7056274414062,4.1351318359375,9.73016357421875,6.42742919921875,93.96117401123048,5849.18017578125,13.857940673828123,2.818954467773437,0.0164593309164047,11.661386250871857,14.141747558584111,3.0364990234375,2.8101131383465106,1.8447756673334017,3.7428997457027435,2.174468994140625,0.2891235351561363,0
2019-06-11,2019-06-16,5,17.0,91.0,east,monsoon,6,162,2019,normal,28.384765625,1002.8630981445312,2.8533935546875,6.84442138671875,5.59344482421875,85.93553924560547,5853.56494140625,10.424346923828123,5.6880950927734375,0.0154808610677719,8.839271979102834,11.875244611070464,3.960503472222222,2.5804864691105083,1.792496859708822,6.603546142578123,1.110809326171875,0.28656005859375,1
2019-06-11,2019-06-16,5,17.0,94.0,east,monsoon,6,162,2019,normal,28.623046875,1004.213134765625,4.39453125,5.55047607421875,6.77801513671875,79.82683563232422,5860.83056640625,6.996612548828125,5.1802825927734375,0.0141128152608871,8.760666289961243,8.70562547433616,4.711574978298611,2.3788575338319973,1.15286244481938,9.999753952026367,1.164764404296875,0.26739501953125,1
2019-06-11,2019-06-16,5,20.0,70.0,west,monsoon,6,162,2019,normal,29.25,1001.9931030273438,1.28173828125,5.49774169921875,3.77215576171875,82.20433044433594,5860.62646484375,7.596221923828125,2.137313842773437,0.0152343362569808,6.667407508319604,7.891178491110058,2.0090738932291665,2.1270919791845153,1.618385437641128,0.0617523193359375,1.20709228515625,0.29925537109375,0
2019-06-11,2019-06-16,5,20.0,73.0,west,monsoon,6,162,2019,normal,25.453125,1004.1456298828124,0.701904296875,0.60125732421875,3.39813232421875,86.40535736083984,5868.044921875,5.686065673828125,4.7701263427734375,0.0148619264364242,3.4509149022870753,7.421957165944006,1.2376573350694444,1.8585882182481872,1.705758211982688,0.4185009598731995,2.761016845703125,1.1552124023438637,0
2019-06-11,2019-06-16,5,20.0,76.0,central,monsoon,6,162,2019,normal,25.75390625,1004.8931274414062,0.0,2.77899169921875,0.85614013671875,62.47351837158203,5871.99609375,7.264190673828125,-0.2904205322265625,0.012359008193016,2.9078808087725183,7.269993826081991,0.4662407769097223,1.0927090324989812,1.8054650442598845,0.0,2.21026611328125,1.9729614257813637,0
2019-06-11,2019-06-16,5,20.0,79.0,central,monsoon,6,162,2019,normal,32.93359375,1001.295654296875,0.0,2.58856201171875,0.05828857421875,66.35009765625,5871.1806640625,5.990753173828125,-3.5619049072265625,0.0140641778707504,2.5892181921185933,6.9696693004658705,7.401486830834377e-17,1.7206378853011898e-08,1.8610760006351161,0.0,2.1934814453125,2.0311279296873863,0
2019-06-11,2019-06-16,5,20.0,82.0,central,monsoon,6,162,2019,normal,26.44140625,1003.045654296875,0.0,3.79168701171875,2.80438232421875,68.36734771728516,5865.087890625,10.031768798828123,-1.6888580322265625,0.0148619264364242,4.716084245984928,10.172935991450926,0.5238850911458334,1.4817708020470053,1.3046211316183736,0.0,2.5384521484375,0.6873779296873863,0
2019-06-11,2019-06-16,5,20.0,85.0,east,monsoon,6,162,2019,normal,30.3984375,999.548095703125,0.0,1.27313232421875,1.43621826171875,59.3170051574707,5859.3515625,5.369659423828125,-4.5560455322265625,0.013826236128807,1.9192677797183655,7.042073076845185,1.120673285590278,1.8121393839875999,1.7817668844547427,3.8139708042144775,2.721649169921875,1.938720703125,0
2019-06-11,2019-06-16,5,20.0,88.0,east,monsoon,6,162,2019,normal,30.345703125,999.5906372070312,1.2359619140625,6.66278076171875,6.98699951171875,70.95314025878906,5855.52783203125,9.525909423828123,0.2759857177734375,0.0153106302022933,9.654574545545108,9.529906529835031,2.493964301215278,3.033350307068166,1.8269830518787218,1.6868133544921875,1.60009765625,1.2581176757811363,0
2019-06-11,2019-06-16,5,20.0,91.0,east,monsoon,6,162,2019,normal,27.1171875,1002.3005981445312,9.4757080078125,2.86590576171875,3.21844482421875,90.18328857421876,5848.8232421875,8.557159423828125,1.9029388427734373,0.0163110345602035,4.309501470192717,8.76619379458077,3.2128228081597228,3.1460180307904526,2.2711832384209565,3.1509976387023926,1.150115966796875,0.0819091796875,0
2019-06-11,2019-06-16,5,20.0,94.0,east,monsoon,6,162,2019,normal,23.607421875,1004.5556030273438,6.7901611328125,-0.56768798828125,1.57000732421875,96.20258331298828,5846.3759765625,7.674346923828125,3.8970794677734375,0.0159543603658676,1.6694887391472073,8.607138263407386,3.858778211805556,3.24476828469477,1.6575224378850033,3.2881555557250977,0.57550048828125,0.06597900390613631,0
2019-06-11,2019-06-16,5,23.0,70.0,west,monsoon,6,162,2019,normal,28.24609375,1000.525634765625,0.1373291015625,4.50457763671875,1.96063232421875,73.73274230957031,5865.44482421875,5.580596923828125,4.0806732177734375,0.0138524621725082,4.912768954062271,6.913389612664207,0.3933376736111111,0.5189373244269607,1.7719500883654107,0.1140739768743515,1.34197998046875,0.25146484375,0
2019-06-11,2019-06-16,5,23.0,73.0,west,monsoon,6,162,2019,normal,27.54296875,1002.150634765625,0.0,0.99285888671875,3.46844482421875,51.57331848144531,5868.98828125,8.020050048828125,7.426376342773437,0.0096009820699691,3.607752523051745,10.930337065718192,0.23566351996527776,0.42876389435827056,2.0653535480533733,0.1255646347999572,2.137603759765625,1.357177734375,0
2019-06-11,2019-06-16,5,23.0,76.0,central,monsoon,6,162,2019,normal,26.171875,1003.4506225585938,0.0,4.22039794921875,0.19012451171875,57.0858268737793,5870.79833984375,8.326690673828125,3.084579467773437,0.0118087381124496,4.224678233868956,8.879662610179833,0.07798936631944442,0.22058723913968356,2.2854567430814736,0.0,1.94976806640625,1.34765625,0
2019-06-11,2019-06-16,5,23.0,79.0,central,monsoon,6,162,2019,normal,32.81640625,1000.400634765625,0.0,5.04852294921875,0.20086669921875,65.77664184570312,5868.529296875,9.518096923828123,-3.3158111572265625,0.0146487802267074,5.052517332938446,10.079125591130142,-2.7755575615628914e-17,0.0,2.7973254196531534,0.0562760978937149,2.7342834472656286,2.5693359375,1
2019-06-11,2019-06-16,5,23.0,82.0,central,monsoon,6,162,2019,normal,29.1015625,1000.5031127929688,0.0,1.15985107421875,-0.78448486328125,53.75297164916992,5860.60107421875,9.496612548828123,-6.0423736572265625,0.013337954878807,1.4002396277365492,11.255928629664693,-2.7755575615628914e-17,0.0,2.4691029828494684,2.6575698852539062,1.816497802734375,1.762451171875,0
2019-06-11,2019-06-16,5,23.0,85.0,east,monsoon,6,162,2019,normal,28.40625,999.7706298828124,0.0,1.87567138671875,1.46551513671875,46.40040588378906,5853.87060546875,8.475128173828125,-3.8587799072265625,0.0122164338827133,2.3803104349868347,9.31224891931217,0.13732910156249997,0.38842535587639937,2.4455961574295233,0.0,0.59759521484375,1.1953125,0
2019-06-11,2019-06-16,5,23.0,88.0,east,monsoon,6,162,2019,normal,29.44140625,997.193115234375,0.0,0.68231201171875,2.74188232421875,49.53910827636719,5842.65380859375,8.977081298828125,-3.4564361572265625,0.0128692239522933,2.8255032049528634,9.61950828029961,1.583523220486111,3.0012294585502963,2.009019816640623,0.0,0.402557373046875,0.99658203125,0
2019-06-11,2019-06-16,5,23.0,91.0,east,monsoon,6,162,2019,normal,28.818359375,999.588134765625,0.030517578125,-0.57452392578125,4.37664794921875,59.64964294433594,5840.0029296875,6.842315673828125,6.3912200927734375,0.0127218812704086,4.414195851193713,9.36295776208485,2.404106987847222,3.301130554010782,2.4492665491077057,0.1539718359708786,1.4761962890625,1.238525390625,0
2019-06-11,2019-06-16,5,23.0,94.0,east,monsoon,6,162,2019,normal,24.78515625,1001.3856201171876,0.0,0.68914794921875,0.69012451171875,75.60099792480469,5843.62255859375,6.453643798828125,0.2857513427734375,0.0144241899251937,0.9752931546911687,6.4599668816526865,3.0873616536458335,3.483952800335207,2.172110838701098,0.6875675320625305,0.669158935546875,1.3031005859373863,0
2019-06-11,2019-06-16,5,26.0,70.0,west,monsoon,6,162,2019,normal,29.794921875,998.358154296875,0.0,-1.25225830078125,3.86102294921875,48.114967346191406,5865.03662109375,-1.825653076171875,2.461532592773437,0.0120924562215805,4.059020702862871,3.064661785551833,0.030517578125,0.057093160808928546,2.1773671861678334,0.0,0.24981689453125,1.9671630859373863,0
2019-06-11,2019-06-16,5,26.0,73.0,west,monsoon,6,162,2019,normal,29.486328125,1000.1456298828124,0.0,2.72918701171875,4.54266357421875,67.43526458740234,5856.1650390625,1.453643798828125,6.9107513427734375,0.0143183320760726,5.299457905622819,7.061980204979077,0.0152587890625,0.04315837287515549,2.452127555466189,0.0008940696716308,1.247344970703125,1.5130615234376137,0
2019-06-11,2019-06-16,5,26.0,76.0,central,monsoon,6,162,2019,normal,31.138671875,999.7256469726562,0.0,4.91082763671875,2.55047607421875,56.38431930541992,5857.1083984375,4.711456298828125,0.7252044677734375,0.0135711282491683,5.533638611503552,4.766942623510983,0.0,0.0,2.5595413093886705,0.0,0.231781005859375,1.65960693359375,0
2019-06-11,2019-06-16,5,26.0,79.0,central,monsoon,6,162,2019,normal,34.15234375,997.2531127929688,0.0,5.60321044921875,0.70965576171875,39.209747314453125,5855.01806640625,7.783721923828125,-4.6263580322265625,0.0109966844320297,5.647971196666535,9.054806217132967,0.0,0.0,4.201993203429145,0.0,0.457061767578125,1.6593017578125,0
2019-06-11,2019-06-16,5,26.0,82.0,central,monsoon,6,162,2019,normal,33.462890625,995.5556030273438,0.0,4.00555419921875,1.00555419921875,30.26761817932129,5843.64794921875,11.160675048828123,-6.5501861572265625,0.0088709443807601,4.129843058815362,12.940850290450665,0.0,0.0,7.051921547348287,0.0,1.949615478515625,1.71734619140625,0
2019-06-11,2019-06-16,5,26.0,85.0,east,monsoon,6,162,2019,normal,28.650390625,995.3231201171876,0.0,-1.77667236328125,0.24188232421875,24.59821128845215,5832.12548828125,10.793487548828123,-3.4974517822265625,0.0070808981545269,1.7930621141546788,11.345992351297769,0.0,0.0,7.32850538896403,0.0,2.2230224609375,1.3261108398436363,0
2019-06-11,2019-06-16,5,26.0,88.0,northeast,monsoon,6,162,2019,normal,27.2265625,996.3106079101562,0.0,-3.60772705078125,-1.63995361328125,42.472564697265625,5824.09521484375,10.791534423828123,2.902938842773437,0.0107472985982894,3.9629714011904,11.175163047828438,0.4069010416666667,1.0975962328689706,7.2504059741903735,0.9446628093719482,0.305633544921875,1.6226196289061363,0
2019-06-11,2019-06-16,5,26.0,91.0,northeast,monsoon,6,162,2019,normal,25.0703125,997.9306030273438,3.509521484375,-0.33624267578125,-1.50811767578125,91.3472671508789,5823.61083984375,11.254425048828123,8.440048217773438,0.0178717225790023,1.545146614732846,14.067568983233402,0.4933675130208333,1.0816413981949737,5.565953384913038,3.1867660582065582,2.94110107421875,1.479248046875,0
2019-06-11,2019-06-16,5,26.0,94.0,northeast,monsoon,6,162,2019,normal,25.1328125,999.5606079101562,0.5950927734375,-1.32257080078125,2.19696044921875,80.16129302978516,5827.154296875,10.281768798828123,9.080673217773438,0.0153578370809555,2.564337875263439,13.71763083482506,0.579833984375,1.0584072169223517,5.276040400800858,0.3513526171445847,0.742889404296875,1.24383544921875,0
2019-06-11,2019-06-16,5,29.0,70.0,north,monsoon,6,162,2019,normal,33.56640625,995.6156005859376,0.0,6.18328857421875,6.48699951171875,15.45864963531494,5842.9599609375,11.426300048828123,-1.3040924072265625,0.0049599264748394,8.9618201419747,11.500477808005872,0.0,0.0,1.6756600458586566,0.0,2.7914123535156286,3.4817504882811363,1
2019-06-11,2019-06-16,5,29.0,73.0,north,monsoon,6,162,2019,normal,33.220703125,997.0431518554688,0.0,4.96551513671875,5.13543701171875,37.4311637878418,5837.27490234375,7.350128173828125,6.9244232177734375,0.0105079263448715,7.143462316994038,10.098119679947441,0.0,0.0,1.696181863127286,0.0023264437913894,3.1090393066406286,3.85382080078125,1
2019-06-11,2019-06-16,5,29.0,76.0,north,monsoon,6,162,2019,normal,33.6171875,996.6906127929688,0.0,5.57489013671875,1.07489013671875,35.627803802490234,5835.28662109375,11.797393798828123,-2.1537017822265625,0.0102242082357406,5.677568920101213,11.99236973293411,0.0,0.0,6.779405299240509,0.0379830598831176,4.080291748046875,3.8261108398436363,1
2019-06-11,2019-06-16,5,29.0,79.0,north,monsoon,6,162,2019,normal,25.85546875,995.3431396484376,0.0,1.97235107421875,-1.19757080078125,17.20453643798828,5831.10546875,14.102081298828123,-8.802139282226562,0.0052507971413433,2.307454134507488,16.623668455021406,0.0,0.0,8.314725174126032,0.0015515834093093,4.8427734375,2.1434326171873863,1
2019-06-11,2019-06-16,5,29.0,82.0,central,monsoon,6,162,2019,normal,7.048828125,1009.3231201171876,0.0,-0.01593017578125,-1.51690673828125,31.926427841186523,5820.5771484375,-0.058074951171875,-0.5521392822265625,0.0058897589333355,1.516990383339157,0.5551850924973394,0.0,0.0,9.230188659286988,0.1581348478794098,5.020721435546877,2.0663452148438637,1
2019-06-11,2019-06-16,5,29.0,85.0,east,monsoon,6,162,2019,normal,-2.91015625,1017.390625,0.0,0.86004638671875,-0.62725830078125,35.33682632446289,5813.56640625,0.391143798828125,-0.5931549072265625,0.0052045439369976,1.064487089262692,0.7105112351881909,0.0,0.0,7.763052575186986,0.3064274787902832,4.706756591796875,3.34295654296875,1
2019-06-11,2019-06-16,5,29.0,88.0,northeast,monsoon,6,162,2019,normal,4.70703125,1008.673095703125,0.0,0.50164794921875,1.20574951171875,40.05174255371094,5812.3681640625,-0.194793701171875,1.4712982177734375,0.0064247702248394,1.3059412505795893,1.484137133704137,0.40351019965277773,1.09880024872935,7.134210233858656,0.0092368572950363,2.52423095703125,1.3603515625,0
2019-06-11,2019-06-16,5,29.0,91.0,northeast,monsoon,6,162,2019,normal,4.390625,1010.1481323242188,0.1220703125,0.12078857421875,0.73797607421875,46.917030334472656,5811.068359375,-0.167449951171875,0.6880950927734375,0.0074795340187847,0.7477958048699634,0.7081767737269762,0.8171929253472222,1.3073202184661006,5.856448255350631,0.1205205917358399,2.860321044921875,0.6997680664063637,0
2019-06-11,2019-06-16,5,29.0,94.0,northeast,monsoon,6,162,2019,normal,5.388671875,1011.2481079101562,0.18310546875,0.00848388671875,0.60906982421875,56.365848541259766,5817.92578125,-0.038543701171875,0.0181732177734375,0.0089720338582992,0.6091289084485447,0.04261317571206801,1.2308756510416667,1.3669467895777272,5.6639585842885,1.3348628282546997,3.4547119140625,2.0016479492186363,0
2019-06-11,2019-06-16,5,32.0,70.0,north,monsoon,6,162,2019,normal,29.013671875,998.7406005859376,0.0,2.24481201171875,0.70672607421875,14.818575859069824,5818.23193359375,-1.942840576171875,-2.1849517822265625,0.004287586081773,2.353432113305465,2.92380638809667,0.0,0.0,1.6400316174704317,0.0,2.9667053222656286,3.2033081054686363,1
2019-06-11,2019-06-16,5,32.0,73.0,north,monsoon,6,162,2019,normal,29.986328125,994.9681396484376,0.0,-1.41827392578125,0.70574951171875,19.055072784423828,5812.7763671875,-3.210418701171875,0.4615325927734375,0.005818233359605,1.5841664375444307,3.2434242046063417,0.0,0.0,1.3180490165991883,0.0,3.1835021972656286,4.263244628906136,1
2019-06-11,2019-06-16,5,32.0,76.0,north,monsoon,6,162,2019,normal,26.78125,996.5756225585938,0.0,-2.73077392578125,1.91375732421875,16.035287857055664,5808.4677734375,5.885284423828125,-0.3177642822265625,0.0049255941994488,3.334605423393846,5.893856707488986,0.0,0.0,9.227984433686467,0.1348797231912613,2.241912841796875,3.1610717773438637,1
2019-06-11,2019-06-16,5,32.0,79.0,north,monsoon,6,162,2019,normal,-5.15625,1018.150634765625,0.0,1.40008544921875,0.04071044921875,22.598190307617188,5805.71484375,0.859893798828125,0.2095794677734375,0.0031422229949384,1.4006771954271482,0.8850654769988835,0.0,0.0,9.446170833682697,0.0447109341621398,3.707000732421875,0.78662109375,1
2019-06-11,2019-06-16,5,32.0,82.0,central,monsoon,6,162,2019,normal,-0.515625,1013.7781372070312,0.0,-0.31085205078125,1.18231201171875,20.091970443725582,5802.91064453125,0.449737548828125,1.7896575927734375,0.0029657932464033,1.222493636191758,1.8453016453137263,0.0,0.0,6.81419477052632,0.0,0.7886962890625,0.143310546875,0
2019-06-11,2019-06-16,5,32.0,85.0,east,monsoon,6,162,2019,normal,1.853515625,1008.4481201171876,0.0,2.56121826171875,1.03094482421875,17.976661682128906,5795.18603515625,1.086456298828125,1.2486419677734375,0.0028327556792646,2.760921261960407,1.6551417017731231,0.0,0.0,3.039918675927895,0.0,0.74615478515625,0.2407836914063637,0
2019-06-11,2019-06-16,5,32.0,88.0,northeast,monsoon,6,162,2019,normal,1.669921875,1009.3156127929688,0.0,-0.84503173828125,-1.70635986328125,27.823261260986328,5793.70751953125,-0.472137451171875,-2.1185455322265625,0.0042484854348003,1.9041382884968825,2.1705181282164414,0.013563368055555554,0.038362998111249325,2.627095421119902,0.0,0.644927978515625,0.55224609375,0
2019-06-11,2019-06-16,5,32.0,91.0,northeast,monsoon,6,162,2019,normal,3.626953125,1009.7481079101562,0.0,-2.43878173828125,0.33953857421875,49.10761260986328,5793.2998046875,-2.249481201171875,-0.5970611572265625,0.0075467680580914,2.4623043699666005,2.3273692659082665,0.6883409288194443,1.2078229706659025,1.015552965862679,0.00077486038208,0.58636474609375,0.2997436523438637,0
2019-06-11,2019-06-16,5,32.0,94.0,northeast,monsoon,6,162,2019,normal,3.142578125,1011.5956420898438,2.9449462890625,-1.09893798828125,-0.27471923828125,51.90600204467773,5800.6923828125,-0.339324951171875,0.3189544677734375,0.0078528970479965,1.132755649718628,0.46569665556071166,1.3631184895833333,1.4161749271510913,0.7729562469453275,1.6959402561187744,0.112579345703125,0.73565673828125,0
2019-06-11,2019-06-17,6,8.0,70.0,south,monsoon,6,162,2019,normal,27.449127197265625,1007.8156127929688,2.44140625,8.010711669921875,-0.6527862548828125,72.59528350830078,5867.888671875,11.022796630859377,-5.2972259521484375,0.0120885651558637,8.03726516628551,12.229580873987455,2.7296278211805554,0.9968931351337903,0.2949660886612919,0.04094290733337402,0.585205078125,2.521240234375,0
2019-06-11,2019-06-17,6,8.0,73.0,south,monsoon,6,162,2019,normal,27.165924072265625,1007.796875,4.4403076171875,5.476531982421875,-1.1205596923828125,82.14488220214844,5867.353515625,8.358734130859375,-5.0804290771484375,0.0131886284798383,5.589996116159897,9.78157430469803,2.8483072916666665,1.002471345302765,0.35088165238598695,2.821110248565674,0.19073486328125,1.95001220703125,0
2019-06-11,2019-06-17,6,8.0,76.0,south,monsoon,6,162,2019,normal,27.119049072265625,1008.1643676757812,3.021240234375,6.548797607421875,0.8413543701171875,82.97932434082031,5862.91748046875,8.755218505859375,-2.599960327148437,0.0133040230721235,6.602622757593362,9.133107071971086,2.180311414930556,1.6674790979600422,0.7988404022237519,2.6732701659202576,1.07135009765625,1.470947265625,0
2019-06-11,2019-06-17,6,8.0,79.0,south,monsoon,6,162,2019,normal,27.523345947265625,1007.5068969726562,0.213623046875,9.626922607421877,4.352096557617188,79.83379364013672,5863.09619140625,12.358734130859377,1.7008209228515625,0.0134165566414594,10.564960167275302,12.475219482192614,0.8816189236111112,1.224633940481629,1.1081538805484936,0.21362118422985077,0.910064697265625,0.9471435546875,0
2019-06-11,2019-06-17,6,8.0,82.0,south,monsoon,6,162,2019,normal,29.263580322265625,1006.8218994140624,0.0,5.184539794921875,0.6987762451171875,73.61769104003906,5864.447265625,13.544281005859377,4.8394927978515625,0.0128314774483442,5.231418653278347,14.382914812587199,0.2983940972222223,0.4355879399285153,1.002862689525389,1.862645149230957e-06,0.378936767578125,1.4202270507813637,0
2019-06-11,2019-06-17,6,8.0,85.0,south,monsoon,6,162,2019,normal,27.632720947265625,1007.2193603515624,1.0986328125,8.564422607421875,6.914596557617188,78.32713317871094,5865.82373046875,13.050140380859377,6.8316802978515625,0.0131323616951704,11.007314847551621,14.730173782144925,0.4357231987847223,0.42573638551756426,0.9145303795586291,0.9338035583496094,0.383819580078125,1.4503173828126137,0
2019-06-11,2019-06-17,6,8.0,88.0,south,monsoon,6,162,2019,normal,28.964752197265625,1007.2118530273438,0.54931640625,6.238250732421875,7.9517059326171875,74.1984634399414,5869.49462890625,12.214202880859377,7.698867797851562,0.0126202385872602,10.106700719788899,14.438120285673937,0.891791449652778,0.4474819576777467,0.8371205551574159,0.07233396172523499,0.7842407226562536,1.721923828125,0
2019-06-11,2019-06-17,6,8.0,91.0,south,monsoon,6,162,2019,normal,28.574127197265625,1007.5443725585938,1.3427734375,6.005828857421875,7.3413543701171875,74.95533752441406,5871.330078125,11.889984130859377,8.206680297851562,0.0127079766243696,9.485012612130786,14.447190873773103,2.951727973090278,2.8910393381357427,0.7746272862381547,0.1842435598373413,0.492401123046875,2.2062377929686363,0
2019-06-11,2019-06-17,6,8.0,94.0,south,monsoon,6,162,2019,normal,28.246002197265625,1008.1681518554688,7.62939453125,5.283172607421875,5.596237182617188,72.10399627685547,5870.13232421875,11.173187255859377,6.0543365478515625,0.0123288910835981,7.69608883809952,12.708072414380931,5.077785915798612,2.7437810652627967,0.6545203378001491,2.288041591644287,0.727325439453125,1.23046875,0
2019-06-11,2019-06-17,6,11.0,70.0,south,monsoon,6,162,2019,normal,27.288970947265625,1007.2893676757812,1.556396484375,8.840789794921875,-1.1527862548828125,83.59132385253906,5863.83544921875,11.825531005859377,-4.3187103271484375,0.0136726181954145,8.91563123662265,12.589457591983859,3.2518174913194446,1.5394572118631011,0.7899264540066567,0.8496139049530029,0.575439453125,2.02490234375,0
2019-06-11,2019-06-17,6,11.0,73.0,south,monsoon,6,162,2019,normal,27.429595947265625,1007.0281372070312,2.8076171875,7.996063232421875,-1.3510284423828125,80.66863250732422,5861.41357421875,9.561859130859377,-3.306991577148437,0.0133650582283735,8.109396097676836,10.117575961154408,2.6753743489583335,1.5716470432168872,0.8334353660323122,2.454269677400589,0.74102783203125,2.29608154296875,0
2019-06-11,2019-06-17,6,11.0,76.0,south,monsoon,6,162,2019,normal,24.638580322265625,1007.8856201171876,1.46484375,0.440399169921875,-0.8041534423828125,89.2520980834961,5860.92919921875,8.477874755859375,-2.055038452148437,0.0139506142586469,0.9168501446605132,8.723390591727869,1.6191270616319444,1.5626245761000332,1.0780395216612089,0.28159475326538086,2.961090087890625,2.39306640625,1
2019-06-11,2019-06-17,6,11.0,79.0,south,monsoon,6,162,2019,normal,27.861236572265625,1005.421875,0.0,4.168914794921875,1.2192840576171875,60.210914611816406,5860.572265625,7.610687255859375,-1.1194915771484375,0.0115988533943891,4.3435589302411834,7.6925822646109285,0.5272759331597222,0.9899052064866453,1.740702787609589,1.862645149230957e-06,1.970947265625,1.98223876953125,0
2019-06-11,2019-06-17,6,11.0,82.0,south,monsoon,6,162,2019,normal,29.456939697265625,1004.880615234375,0.0,9.582000732421877,7.6567840576171875,67.03564453125,5862.68798828125,13.649749755859377,1.3726959228515625,0.0123627465218305,12.265442517133824,13.718599144744934,0.17632378472222218,0.3370094403200538,1.6310710102948294,1.862645149230957e-06,0.017913818359375,1.6806640625,0
2019-06-11,2019-06-17,6,11.0,85.0,south,monsoon,6,162,2019,normal,29.652252197265625,1005.0868530273438,0.06103515625,8.670867919921875,7.8823699951171875,64.74888610839844,5862.63720703125,13.440765380859377,6.4918365478515625,0.0115959923714399,11.718178494316172,14.926423409086626,1.000298394097222,1.9811123236471335,1.6617691417292522,0.0561270862817765,0.6597290039062536,0.6563720703125,0
2019-06-11,2019-06-17,6,11.0,88.0,south,monsoon,6,162,2019,normal,28.615142822265625,1005.6843872070312,0.5645751953125,8.765594482421875,8.512252807617188,76.2989273071289,5860.90380859375,14.372406005859377,5.0621490478515625,0.0133025925606489,12.218596256978602,15.237828171361139,4.311455620659722,8.245753578184386,1.5329582828645276,0.7871724367141724,0.689544677734375,0.333984375,0
2019-06-11,2019-06-17,6,11.0,91.0,south,monsoon,6,162,2019,normal,28.224517822265625,1006.2206420898438,1.4190673828125,8.685516357421875,7.121627807617188,76.66584014892578,5861.8212890625,14.821624755859377,7.228164672851562,0.0131023209542036,11.231908877179754,16.490206940525727,6.768120659722221,7.895089778159658,1.3742234479545061,0.3951416015625,0.428192138671875,1.058349609375,0
2019-06-11,2019-06-17,6,11.0,94.0,south,monsoon,6,162,2019,normal,28.296783447265625,1007.0206298828124,5.5389404296875,7.404266357421875,6.783737182617188,77.73579406738281,5866.4609375,13.997406005859377,7.0289459228515625,0.0131509583443403,10.042024220966228,15.663124071501182,8.5296630859375,7.231689473043521,1.2876204326175342,2.619154691696167,0.371734619140625,1.5028076171876137,0
2019-06-11,2019-06-17,6,14.0,70.0,south,monsoon,6,162,2019,normal,27.460845947265625,1006.0206298828124,5.7220458984375,10.288055419921877,2.3491668701171875,79.06332397460938,5858.55810546875,11.364593505859377,-1.3167572021484375,0.0133397858589887,10.552851240638242,11.440622145793947,3.416273328993056,1.6855946932924828,1.299438271090239,5.195140838623047,0.7611694335937464,1.6649169921876137,1
2019-06-11,2019-06-17,6,14.0,73.0,south,monsoon,6,162,2019,normal,28.183502197265625,1005.7481079101562,2.5787353515625,7.633758544921875,2.4087371826171875,74.68610382080078,5860.92919921875,10.608734130859377,-0.6468353271484375,0.0126898568123579,8.00476635118667,10.62843524700169,2.4956597222222228,1.975476154565984,1.3725806262572935,2.461519092321396,0.0859375,2.7332153320313637,0
2019-06-11,2019-06-17,6,14.0,76.0,south,monsoon,6,162,2019,normal,22.091705322265625,1008.0281372070312,0.0457763671875,3.782196044921875,2.0767059326171875,84.3247299194336,5860.97998046875,12.434906005859377,2.2379302978515625,0.0135448258370161,4.314824962010637,12.634683193202733,1.4055040147569446,1.8802593515264105,1.5998414807716164,0.0329967588186265,2.263916015625,2.8157958984375,0
2019-06-11,2019-06-17,6,14.0,79.0,south,monsoon,6,162,2019,normal,26.421783447265625,1005.4793701171876,0.0,3.687469482421875,0.5718231201171875,61.87794494628906,5860.49560546875,13.044281005859377,-4.1058197021484375,0.0117075722664594,3.7315429602904486,13.675197343598885,0.17801920572916682,0.455667854907737,2.21726805357563,1.862645149230957e-06,2.610260009765625,2.50244140625,0
2019-06-11,2019-06-17,6,14.0,82.0,south,monsoon,6,162,2019,normal,29.923736572265625,1002.6793823242188,0.0,6.968719482421875,5.418502807617188,75.55321502685547,5860.2919921875,10.292327880859377,-0.1312103271484375,0.014575270935893,8.827413205511656,10.293164205290115,0.6985134548611112,1.8528073975365398,1.5968932883849323,1.862645149230957e-06,0.6295776367187464,1.339599609375,0
2019-06-11,2019-06-17,6,14.0,85.0,south,monsoon,6,162,2019,normal,29.984283447265625,1002.8618774414062,0.213623046875,8.039031982421875,7.9673309326171875,69.60662841796875,5857.8955078125,13.725921630859377,4.9098052978515625,0.0133044999092817,11.318321315647495,14.577623697959302,2.551608615451389,3.5210298401441618,1.4909470251404913,0.21362118422985077,0.20147705078125355,0.636474609375,0
2019-06-11,2019-06-17,6,14.0,88.0,south,monsoon,6,162,2019,normal,29.505767822265625,1003.7993774414062,6.5155029296875,7.629852294921875,5.632369995117188,70.12467193603516,5847.1376953125,15.567718505859377,2.6695709228515625,0.01261499337852,9.483577268321326,15.794950724513548,6.907145182291667,8.103012443034048,1.4752687619684648,6.429774686694145,0.217742919921875,0.3435668945313637,1
2019-06-11,2019-06-17,6,14.0,91.0,south,monsoon,6,162,2019,normal,27.996002197265625,1004.7318725585938,27.03857421875,8.904266357421875,4.813034057617188,87.30987548828125,5842.72705078125,17.110687255859375,5.1031646728515625,0.0147111695259809,10.12182079488162,17.85547277576454,9.136623806423612,7.298519037529781,1.4695237196388908,11.955516815185549,0.43780517578125355,0.4374389648438637,1
2019-06-11,2019-06-17,6,14.0,94.0,south,monsoon,6,162,2019,normal,27.667877197265625,1004.994384765625,10.31494140625,6.265594482421875,7.152877807617188,88.08834075927734,5860.572265625,15.421234130859377,7.284805297851562,0.0147655289620161,9.50901336358604,17.05528804642092,10.203043619791668,6.704894726880401,1.5285142207684563,2.560049057006836,0.040557861328125,1.40704345703125,0
2019-06-11,2019-06-17,6,17.0,70.0,west,monsoon,6,162,2019,normal,28.607330322265625,1003.8756103515624,2.532958984375,6.690399169921875,3.4302215576171875,83.26997375488281,5863.07080078125,10.024749755859377,-0.5159759521484375,0.0146353524178266,7.518501246075111,10.03801966778299,2.8771294487847228,2.215627910932467,1.4731014437517627,1.5808027386665344,0.7686157226562536,1.9779052734376137,0
2019-06-11,2019-06-17,6,17.0,73.0,west,monsoon,6,162,2019,normal,27.738189697265625,1004.46435546875,5.7373046875,4.236297607421875,2.1323699951171875,89.90860748291016,5865.51806640625,5.725921630859375,0.5230865478515625,0.0151660721749067,4.7427016788666325,5.74976504383323,1.966688368055556,2.2289957314047437,1.6317447168366683,4.44892418384552,0.1207275390625,3.206298828125,1
2019-06-11,2019-06-17,6,17.0,76.0,central,monsoon,6,162,2019,normal,25.314361572265625,1005.6956176757812,0.0152587890625,3.707000732421875,1.6196746826171875,74.76497650146484,5863.7587890625,11.159515380859377,-0.1800384521484375,0.0131862442940473,4.045392503538737,11.160967582601833,1.0392930772569449,1.8450932732086853,2.044602776135556,0.015256926417350769,2.593505859375,3.376953125,1
2019-06-11,2019-06-17,6,17.0,79.0,central,monsoon,6,162,2019,normal,30.251861572265625,1002.610595703125,0.0,5.226531982421875,0.4126434326171875,66.0478286743164,5863.453125,8.827484130859375,-2.119491577148437,0.013962535187602,5.242796120941652,9.078365526138352,0.030517578125000295,0.033738452050350684,2.337528048744625,1.862645149230957e-06,0.797332763671875,3.15234375,1
2019-06-11,2019-06-17,6,17.0,82.0,central,monsoon,6,162,2019,normal,29.937408447265625,1001.139404296875,0.0762939453125,2.782196044921875,0.1235809326171875,69.81913757324219,5858.96630859375,13.040374755859377,-1.9241790771484373,0.0142834465950727,2.784939331347356,13.18157194321642,0.9477403428819446,1.8944871330975068,1.5667890344240254,0.2434123158454895,0.384735107421875,1.87548828125,0
2019-06-11,2019-06-17,6,17.0,85.0,east,monsoon,6,162,2019,normal,29.976470947265625,1001.6343994140624,5.9356689453125,10.416961669921877,7.4019012451171875,91.24169158935548,5850.45166015625,13.825531005859377,0.4058990478515625,0.0167787354439497,12.778937063585882,13.831488048327476,2.738104926215278,3.4557488193978974,1.444618077243352,3.7607736587524396,1.114349365234375,0.9058227539063637,0
2019-06-11,2019-06-17,6,17.0,88.0,east,monsoon,6,162,2019,normal,27.886627197265625,1002.6531372070312,9.5977783203125,11.109344482421877,4.624557495117188,90.93769073486328,5844.2822265625,14.845062255859377,-0.0374603271484375,0.0161626618355512,12.03345614753974,14.845109519853693,6.971571180555556,8.067629106854666,1.73918086799538,6.79923415184021,0.25634765625,0.18603515625,1
2019-06-11,2019-06-17,6,17.0,91.0,east,monsoon,6,162,2019,normal,27.644439697265625,1002.8231201171876,10.8184814453125,4.870086669921875,2.2095184326171875,89.06663513183594,5843.46630859375,9.636077880859377,-1.9534759521484373,0.0156829636543989,5.347870218753055,9.832093633688075,8.4075927734375,7.902206539132576,1.7327485907065459,0.49801540374756037,0.05401611328125,0.6715698242186363,0
2019-06-11,2019-06-17,6,17.0,94.0,east,monsoon,6,162,2019,normal,28.099517822265625,1003.1781005859376,10.4217529296875,4.553680419921875,5.690963745117188,89.92549133300781,5856.85009765625,6.675140380859375,3.3043365478515625,0.0155332367867231,7.288557725299164,7.44823060368347,8.9874267578125,7.831728636871992,1.1833416645545973,12.128084182739261,0.91473388671875,0.9884033203123863,1
2019-06-11,2019-06-17,6,20.0,70.0,west,monsoon,6,162,2019,normal,29.304595947265625,1001.9718627929688,0.091552734375,5.182586669921875,2.8774871826171875,76.25544738769531,5868.0927734375,9.411468505859377,4.7047271728515625,0.0143578331917524,5.927827348816606,10.521891332253475,1.3326009114583333,1.843151120088121,1.5769822708527101,0.6695389747619629,1.2742309570312536,1.23638916015625,0
2019-06-11,2019-06-17,6,20.0,73.0,west,monsoon,6,162,2019,normal,25.833892822265625,1003.6531372070312,0.885009765625,1.068328857421875,3.2563934326171875,91.67346954345705,5869.01025390625,6.673187255859375,4.2887115478515625,0.0157454293221235,3.4271598643180736,7.932494871882321,1.0511610243055556,1.8317248840798819,1.666471713318474,0.7308032363653183,2.82672119140625,2.7383422851563637,0
2019-06-11,2019-06-17,6,20.0,76.0,central,monsoon,6,162,2019,normal,25.808502197265625,1004.4456176757812,0.091552734375,3.415985107421875,0.3384246826171875,73.72150421142578,5867.22607421875,8.093109130859375,-0.4671478271484375,0.0138767044991254,3.4327081903262013,8.106580197371077,0.7578531901041669,1.7810056734480808,1.8898552258403485,0.09155087172985077,2.654541015625,3.11346435546875,1
2019-06-11,2019-06-17,6,20.0,79.0,central,monsoon,6,162,2019,normal,33.480377197265625,1000.3843994140624,0.0,4.189422607421875,-0.4721221923828125,72.87666320800781,5864.47265625,10.151702880859377,-4.3187103271484375,0.0154564660042524,4.215941312224099,11.032149848106085,0.025431315104166814,0.034496714188273415,1.8952438052348832,0.065213069319725,0.52838134765625,3.3345947265626137,1
2019-06-11,2019-06-17,6,20.0,82.0,central,monsoon,6,162,2019,normal,26.781158447265625,1001.954345703125,0.0457763671875,4.149383544921875,3.5435028076171875,70.92317199707031,5854.0205078125,13.057952880859377,-0.4437103271484375,0.0153491776436567,5.456536992494353,13.065489362942433,0.9240044487847223,1.9048460566688026,1.1109632794474804,1.233043193817139,1.512786865234375,2.63604736328125,0
2019-06-11,2019-06-17,6,20.0,85.0,east,monsoon,6,162,2019,normal,28.724517822265625,999.7743530273438,2.25830078125,2.377899169921875,3.5210418701171875,73.50362396240234,5849.1767578125,8.261077880859375,-6.3460540771484375,0.0158093255013227,4.248781038537228,10.417188205255597,1.990424262152778,3.279587617782126,1.808443838395072,2.2582989186048508,0.988525390625,0.96978759765625,0
2019-06-11,2019-06-17,6,20.0,88.0,east,monsoon,6,162,2019,normal,30.081939697265625,999.0406494140624,0.0,7.087860107421875,5.921432495117188,77.71038055419922,5847.6474609375,5.479827880859375,-1.0355072021484375,0.0168230812996625,9.235860744760728,5.5768081166151875,3.2229953342013893,4.165129438700114,1.9343715705970213,0.001637265086174,0.7693481445312536,0.9324951171876137,0
2019-06-11,2019-06-17,6,20.0,91.0,east,monsoon,6,162,2019,normal,29.263580322265625,1001.079345703125,0.3662109375,3.761688232421875,5.628463745117188,88.8812484741211,5842.72705078125,4.141937255859375,3.5426177978515625,0.0167491715401411,6.769778614403858,5.450301376358058,3.536648220486111,4.780609852530324,2.2486760350577595,1.393424391746521,0.6405029296875,0.454345703125,0
2019-06-11,2019-06-17,6,20.0,94.0,east,monsoon,6,162,2019,normal,24.464752197265625,1003.2831420898438,0.5950927734375,-0.531280517578125,0.5229949951171875,99.13854217529295,5848.845703125,4.126312255859375,-0.2249603271484375,0.0169327538460493,0.7455083857849671,4.1324399549958395,3.6943223741319446,4.856571280150891,1.2173487077267666,1.057265281677246,0.73248291015625,0.024353027343863687,0
2019-06-11,2019-06-17,6,23.0,70.0,west,monsoon,6,162,2019,normal,27.994049072265625,1000.09814453125,0.0152587890625,4.887664794921875,2.9770965576171875,20.461950302124023,5867.53173828125,7.686859130859375,2.2418365478515625,0.0051267426460981,5.722968727932628,8.007099000571877,0.13224283854166666,0.2690436026090127,2.202375390221793,0.0127274543046952,1.488433837890625,1.84832763671875,0
2019-06-11,2019-06-17,6,23.0,73.0,west,monsoon,6,162,2019,normal,28.542877197265625,1001.28564453125,0.091552734375,2.687469482421875,3.0786590576171875,71.51439666748047,5860.01123046875,9.239593505859377,6.2457427978515625,0.0130412857979536,4.086640895894481,11.152550885355037,0.13054741753472224,0.26982240484046444,2.3794936015743997,0.005071982741355896,1.127288818359375,3.38531494140625,1
2019-06-11,2019-06-17,6,23.0,76.0,central,monsoon,6,162,2019,normal,26.511627197265625,1002.7606201171876,0.0,5.329071044921875,0.6479949951171875,80.83509063720703,5859.98583984375,8.962249755859375,-0.3714447021484375,0.0156905930489301,5.368323361676497,8.969943804347693,0.11867947048611112,0.27350456855029004,2.4128031991723664,1.862645149230957e-06,1.3034057617187464,3.0457763671873863,1
2019-06-11,2019-06-17,6,23.0,79.0,central,monsoon,6,162,2019,normal,32.855377197265625,999.735595703125,0.0,4.490203857421875,-0.2113800048828125,72.04206085205078,5859.3994140625,10.729827880859377,-2.285507202148437,0.015556601807475,4.495176546885622,10.970540074396501,0.015258789062500019,0.03051757812500029,2.734045337491131,1.862645149230957e-06,1.549346923828125,3.32025146484375,1
2019-06-11,2019-06-17,6,23.0,82.0,central,monsoon,6,162,2019,normal,29.609283447265625,1000.170654296875,0.0,2.861297607421875,-1.4105987548828125,59.25582885742188,5853.9443359375,8.636077880859375,-6.4319915771484375,0.0138504784554243,3.1901117293153054,10.76811760767763,0.25600857204861116,0.7080610765970471,2.2996175196540105,1.862645149230957e-06,1.7330322265625,2.8951416015626137,0
2019-06-11,2019-06-17,6,23.0,85.0,east,monsoon,6,162,2019,normal,28.917877197265625,999.0706176757812,0.0,2.479461669921875,0.1977996826171875,46.72560119628906,5849.6611328125,6.802093505859375,-3.476913452148437,0.0123422425240278,2.487338916805515,7.639201739461071,0.25600857204861116,0.7080610765970471,2.3517617751566045,0.4911571741104126,1.488128662109375,2.5039672851563637,0
2019-06-11,2019-06-17,6,23.0,88.0,east,monsoon,6,162,2019,normal,29.626861572265625,996.37939453125,0.0,0.479461669921875,2.4067840576171875,40.03263854980469,5844.7919921875,8.315765380859375,-3.6214447021484375,0.0111325066536664,2.4540768107222166,9.070105600279318,0.3306070963541667,0.6955360072416861,1.93802074326854,1.862645149230957e-06,1.00152587890625,1.67742919921875,0
2019-06-11,2019-06-17,6,23.0,91.0,east,monsoon,6,162,2019,normal,28.841705322265625,999.4581298828124,0.030517578125,-1.581085205078125,4.063034057617188,68.57633209228516,5842.19189453125,6.149749755859375,6.1422271728515625,0.0144965928047895,4.359825246391663,8.691741868153272,0.14919704861111113,0.20881916283775706,2.4564939390272,0.0269412994384766,0.343109130859375,1.03564453125,0
2019-06-11,2019-06-17,6,23.0,94.0,east,monsoon,6,162,2019,normal,24.943267822265625,1002.4581298828124,0.0,-0.792022705078125,0.4390106201171875,79.92301177978516,5844.10400390625,1.731781005859375,0.8453521728515625,0.0160582344979047,0.9055552384780003,1.927092563526767,0.21870930989583334,0.23975674945867248,1.8900203886759837,0.0072848051786422,1.6446533203125,0.625,0
2019-06-11,2019-06-17,6,26.0,70.0,west,monsoon,6,162,2019,normal,28.408111572265625,996.8318481445312,0.0,2.101531982421875,6.989791870117188,12.120019912719728,5856.56982421875,6.843109130859375,4.5953521728515625,0.0038621702697128,7.298878479650032,8.242900228037612,0.013563368055555554,0.028268317329462802,2.9680185707086233,1.862645149230957e-06,0.89459228515625,4.460205078125,1
2019-06-11,2019-06-17,6,26.0,73.0,west,monsoon,6,162,2019,normal,29.337799072265625,998.9494018554688,0.0,3.593719482421875,4.920455932617188,70.57780456542969,5842.67626953125,7.052093505859375,5.7555084228515625,0.0153811257332563,6.093086763141177,9.102631488800327,0.01186794704861111,0.028571742666206726,3.030157662937472,1.862645149230957e-06,1.54345703125,3.594482421875,1
2019-06-11,2019-06-17,6,26.0,76.0,central,monsoon,6,162,2019,normal,31.369049072265625,998.6456298828124,0.0,3.819305419921875,2.9526824951171875,68.87152099609375,5838.08740234375,6.223968505859375,-1.8948822021484373,0.0155394356697797,4.82756955492265,6.506025093860943,0.010172526041666666,0.02877224858343699,2.673171189248616,1.862645149230957e-06,0.592498779296875,3.4235839843752274,1
2019-06-11,2019-06-17,6,26.0,79.0,central,monsoon,6,162,2019,normal,34.619049072265625,996.608154296875,0.0,5.145477294921875,1.0991668701171875,53.01583099365234,5840.560546875,7.360687255859375,-1.7347259521484375,0.0135133545845747,5.261568625507012,7.5623403128679625,-1.1564823173178713e-18,0.0,4.310410371396324,1.862645149230957e-06,3.5086059570312536,3.4951171875,1
2019-06-11,2019-06-17,6,26.0,82.0,central,monsoon,6,162,2019,normal,34.130767822265625,995.2581176757812,0.0,2.713836669921875,1.3696746826171875,46.531497955322266,5836.14990234375,10.243499755859377,-3.148788452148437,0.012767581269145,3.039887860960523,10.716536565732161,0.008477105034722222,0.023976873819530824,7.053656907279354,0.02322718501091,3.2119750976562536,3.6812744140625,1
2019-06-11,2019-06-17,6,26.0,85.0,east,monsoon,6,162,2019,normal,30.119049072265625,995.03564453125,0.0,-2.441436767578125,0.1548309326171875,35.199310302734375,5830.49072265625,10.975921630859377,-7.799179077148437,0.0098445694893598,2.446341371881167,13.464696428965516,0.008477105034722222,0.023976873819530824,7.501176856605754,1.862645149230957e-06,4.08135986328125,2.2947998046876137,1
2019-06-11,2019-06-17,6,26.0,88.0,northeast,monsoon,6,162,2019,normal,26.999908447265625,995.733154296875,0.0,-3.826202392578125,-2.4672393798828125,40.49261093139648,5826.7177734375,10.190765380859377,3.5348052978515625,0.0107271950691938,4.552701934743268,10.786405682220627,0.050862630208333336,0.09836364545600237,7.3897708194182545,0.1192484050989151,0.4512939453125,2.30377197265625,0
2019-06-11,2019-06-17,6,26.0,91.0,northeast,monsoon,6,162,2019,normal,26.494049072265625,997.3931274414062,0.3204345703125,-2.824249267578125,-1.3373565673828125,69.80879974365234,5832.17333984375,10.175140380859377,14.200820922851562,0.0156286042183637,3.1248850400834773,17.46988255979684,0.37807888454861116,0.9287627075074164,5.760125765458852,0.10452234745025629,1.095733642578125,2.27630615234375,0
2019-06-11,2019-06-17,6,26.0,94.0,northeast,monsoon,6,162,2019,normal,25.833892822265625,999.9768676757812,0.030517578125,-1.298858642578125,1.6558074951171875,66.52275085449219,5833.5498046875,7.298187255859375,7.821914672851562,0.0135014336556196,2.1044553296010218,10.697938416861389,0.7137722439236112,1.2206560290635253,5.081702551572354,0.038115307688713004,0.76806640625,1.01141357421875,0
2019-06-11,2019-06-17,6,29.0,70.0,north,monsoon,6,162,2019,normal,31.230377197265625,992.9143676757812,0.0,2.386688232421875,-0.4252471923828125,24.57280731201172,5822.53662109375,-4.967437744140625,-9.021835327148438,0.0075838845223188,2.424276364899538,10.298978124653749,0.0,0.0,2.204817092970408,1.862645149230957e-06,0.401641845703125,5.72747802734375,1
2019-06-11,2019-06-17,6,29.0,73.0,north,monsoon,6,162,2019,normal,34.474517822265625,994.806884765625,0.0,3.525360107421875,3.902877807617188,38.044620513916016,5815.70458984375,12.358734130859377,3.2398834228515625,0.0108821671456098,5.259336371462879,12.776351353611751,0.0,0.0,1.9421108528580857,1.862645149230957e-06,2.083831787109375,4.32708740234375,1
2019-06-11,2019-06-17,6,29.0,76.0,north,monsoon,6,162,2019,normal,34.169830322265625,995.5431518554688,0.0,6.145477294921875,3.1167449951171875,43.10068130493164,5816.64794921875,10.011077880859377,2.6344146728515625,0.0116317551583051,6.890645147371059,10.351899391182638,0.0033908420138888886,0.009590749527812331,6.926835423497534,0.1232735812664032,4.165771484375,3.7470092773436363,1
2019-06-11,2019-06-17,6,29.0,79.0,north,monsoon,6,162,2019,normal,29.913970947265625,995.0718994140624,0.0,2.012664794921875,0.2739715576171875,36.216156005859375,5818.177734375,8.222015380859375,-3.361679077148437,0.0099304001778364,2.031226228439634,8.88270359411062,0.0033908420138888886,0.009590749527812331,8.38795098626279,1.862645149230957e-06,0.9906005859375,3.0233154296876137,1
2019-06-11,2019-06-17,6,29.0,82.0,central,monsoon,6,162,2019,normal,7.677642822265625,1009.2168579101562,0.0,-0.213897705078125,-0.9350128173828124,36.9018440246582,5813.76708984375,-0.147125244140625,-0.3128509521484375,0.0066592972725629,0.9591669285936797,0.3457188969721245,0.011867947048611112,0.02468570247830037,9.176216253670887,0.161580741405487,3.0596313476562518,2.36676025390625,1
2019-06-11,2019-06-17,6,29.0,85.0,east,monsoon,6,162,2019,normal,-2.722747802734375,1016.8656005859376,0.0762939453125,0.546844482421875,-0.4516143798828125,39.57687759399414,5809.56103515625,0.499359130859375,-0.1956634521484375,0.0058267395943403,0.7092210065079754,0.5363242751165327,0.008477105034722224,0.023976873819530824,7.722972519577269,0.3278292715549469,4.703857421875,5.58544921875,1
2019-06-11,2019-06-17,6,29.0,88.0,northeast,monsoon,6,162,2019,normal,4.665924072265625,1009.52685546875,0.0,0.779266357421875,0.6597137451171875,39.82362747192383,5811.6005859375,0.022796630859375,1.1930084228515625,0.0063007157295942,1.0210182570875521,1.1932262079644878,0.04747178819444445,0.09952568984265932,7.229052769082906,0.001484528183937,2.6317138671875,3.5506591796876137,1
2019-06-11,2019-06-17,6,29.0,91.0,northeast,monsoon,6,162,2019,normal,5.535064697265625,1009.6381225585938,0.030517578125,0.777313232421875,1.7456512451171875,49.77882766723633,5813.5380859375,0.169281005859375,1.5289459228515625,0.0081217568367719,1.9108935425285551,1.5382885600397533,0.4069010416666666,0.9215264334896822,5.784594849574117,0.016527250409126303,2.631866455078125,2.55999755859375,0
2019-06-11,2019-06-17,6,29.0,94.0,northeast,monsoon,6,162,2019,normal,5.601470947265625,1011.068115234375,2.99072265625,-0.949249267578125,0.7476043701171875,57.86072540283203,5821.4404296875,-0.779937744140625,0.4820709228515625,0.0092098992317914,1.2082989970267803,0.9168943556343468,0.774807400173611,1.1906805455160365,5.275443813469566,8.818751335144045,3.073211669921875,0.95556640625,1
2019-06-11,2019-06-17,6,32.0,70.0,north,monsoon,6,162,2019,normal,28.177642822265625,998.4356079101562,0.0,1.474578857421875,0.9233856201171876,16.89764404296875,5803.8505859375,-1.488922119140625,-1.0023040771484375,0.0046513359993696,1.7398344203385578,1.7948544620482716,0.0,0.0,2.286667397269755,1.862645149230957e-06,2.1782836914062536,0.452880859375,0
2019-06-11,2019-06-17,6,32.0,73.0,north,monsoon,6,162,2019,normal,27.515533447265625,994.8031005859376,0.0,-0.679718017578125,-2.4760284423828125,19.6430721282959,5792.6591796875,0.993499755859375,-3.461288452148437,0.0056417267769575,2.5676318721555456,3.601049779421101,0.0,0.0,1.6776210195465884,1.862645149230957e-06,0.676849365234375,3.1198730468747726,1
2019-06-11,2019-06-17,6,32.0,76.0,north,monsoon,6,162,2019,normal,28.054595947265625,996.0131225585938,0.0,-2.011749267578125,1.6011199951171875,27.74350357055664,5787.3310546875,0.177093505859375,1.3687896728515625,0.0075400155037641,2.5711321153074156,1.3801982750035053,0.006781684027777777,0.012687369068650789,9.388417950577846,1.862645149230957e-06,1.310394287109375,4.60455322265625,1
2019-06-11,2019-06-17,6,32.0,79.0,north,monsoon,6,162,2019,normal,-6.886810302734375,1017.849365234375,0.030517578125,2.028289794921875,1.2632293701171875,24.905614852905277,5791.7412109375,1.366546630859375,0.2828521728515625,0.0034063139464706,2.389499515319241,1.3955124671603472,0.006781684027777777,0.012687369068650789,9.512914002915707,0.047609210014343206,6.064422607421875,0.025634765625,1
2019-06-11,2019-06-17,6,32.0,82.0,central,monsoon,6,162,2019,normal,-0.099700927734375,1012.8956298828124,0.0,0.464813232421875,2.4243621826171875,24.913610458374023,5790.36474609375,1.145843505859375,2.8785552978515625,0.0036423483397811,2.468518449098334,3.0982314217484466,0.0152587890625,0.024917498197257262,6.752172572675282,0.9686816334724426,0.74920654296875,1.0217285156247726,0
2019-06-11,2019-06-17,6,32.0,85.0,east,monsoon,6,162,2019,normal,2.609283447265625,1007.9968872070312,0.0,2.873016357421875,1.9409637451171875,23.082189559936523,5789.39599609375,1.907562255859375,1.6109771728515625,0.0036595144774764,3.4672126052310372,2.496806202216768,0.008477105034722222,0.023976873819530828,2.9456315825454125,2.0456275939941406,1.292022705078125,2.11322021484375,0
2019-06-11,2019-06-17,6,32.0,88.0,northeast,monsoon,6,162,2019,normal,2.171783447265625,1008.150634765625,0.0,-0.483428955078125,-1.2992706298828125,32.175533294677734,5788.7080078125,-0.311187744140625,-1.4749603271484375,0.004987983033061,1.3862927989007259,1.5074301903455287,0.011867947048611112,0.02468570247830037,2.6376107319764404,0.2188403159379959,1.71978759765625,1.5311279296873863,0
2019-06-11,2019-06-17,6,32.0,91.0,northeast,monsoon,6,162,2019,normal,2.046783447265625,1010.41064453125,0.0,-0.918975830078125,0.7632293701171875,44.63143539428711,5790.416015625,-0.707672119140625,0.2808990478515625,0.006788520142436,1.1945859733301984,0.7613830200975704,0.40011935763888884,0.9233151352408554,0.9336514805507538,0.0371560454368591,0.93994140625,0.75054931640625,0
2019-06-11,2019-06-17,6,32.0,94.0,northeast,monsoon,6,162,2019,normal,4.669830322265625,1009.2906494140624,0.2899169921875,-1.704132080078125,0.5034637451171875,51.20651245117188,5799.89892578125,-0.906890869140625,0.7555084228515625,0.0080015938729047,1.776947351217481,1.1803575837559963,0.7968478732638888,1.1790431142384663,0.7269550068100428,0.4242267608642578,0.090728759765625,1.0301513671876137,0
2019-06-11,2019-06-18,7,8.0,70.0,south,monsoon,6,162,2019,normal,28.426300048828125,1007.2949829101562,1.4190673828125,8.965438842773438,0.08673095703125,61.46645736694336,5860.47412109375,16.866287231445312,-6.3189544677734375,0.0103364028036594,8.965858347220207,18.011130740167566,2.0853678385416665,0.9822942163347347,0.5257385066707652,0.4583057165145874,0.5902099609375,1.8807373046875,0
2019-06-11,2019-06-18,7,8.0,73.0,south,monsoon,6,162,2019,normal,27.721221923828125,1007.6799926757812,3.8909912109375,7.993759155273437,0.06524658203125,80.65611267089844,5858.63818359375,12.649490356445312,-5.6080169677734375,0.0125851668417453,7.994025428342384,13.836887677098407,3.021240234375,1.2770065889225877,0.6322503954458315,3.8777142763137817,0.6607666015625,1.2022094726563637,0
2019-06-11,2019-06-18,7,8.0,76.0,south,monsoon,6,162,2019,normal,26.611846923828125,1008.0850219726562,4.486083984375,7.869735717773437,-0.79510498046875,91.92376708984376,5857.236328125,10.813552856445312,-3.336532592773437,0.0137972868978977,7.909799757109227,11.316597329664779,2.577039930555556,1.8388855439147989,1.0371684690205987,3.78974711894989,1.526031494140625,0.79443359375,0
2019-06-11,2019-06-18,7,8.0,79.0,south,monsoon,6,162,2019,normal,27.188018798828125,1006.6425170898438,0.244140625,9.366806030273438,5.39239501953125,80.60505676269531,5856.7265625,13.403396606445312,2.8099517822265625,0.0136113204061985,10.808097855563313,13.694775266798208,1.5072292751736114,1.9842395083558855,1.2744325782629302,0.24413131177425385,1.332366943359375,0.920166015625,0
2019-06-11,2019-06-18,7,8.0,82.0,south,monsoon,6,162,2019,normal,28.713409423828125,1005.9400024414062,0.030517578125,1.3921966552734375,1.34649658203125,65.2473373413086,5857.38916015625,15.223709106445312,3.2806549072265625,0.0119385756552219,1.936818156765468,15.573182577044927,0.3136528862847225,0.3582196304358273,0.959479334130963,0.030508264899253845,1.087158203125,1.3250732421875,0
2019-06-11,2019-06-18,7,8.0,85.0,south,monsoon,6,162,2019,normal,28.647003173828125,1006.5225219726562,0.9613037109375,8.689071655273438,9.32989501953125,75.55638122558594,5859.4033203125,14.383865356445312,7.718154907226562,0.0130419768393039,12.749388507138304,16.323770941920653,1.1206732855902781,1.155558462532831,0.9912945157199404,1.6333422660827641,0.274627685546875,1.0904541015625,0
2019-06-11,2019-06-18,7,8.0,88.0,south,monsoon,6,162,2019,normal,27.885284423828125,1007.0700073242188,2.105712890625,6.9820404052734375,7.85137939453125,74.47947692871094,5861.9267578125,13.190505981445312,8.157608032226562,0.0126152075827121,10.506809535617402,15.509223605777043,2.9042561848958335,2.1553035799849494,0.9757990130079223,0.27025115489959717,0.510528564453125,1.63818359375,0
2019-06-11,2019-06-18,7,8.0,91.0,south,monsoon,6,162,2019,normal,27.281768798828125,1007.6300048828124,4.3487548828125,6.6929779052734375,6.22930908203125,78.08143615722656,5863.7880859375,11.948318481445312,9.151748657226562,0.0129799880087375,9.143316951738873,15.050475674180396,4.611545138888889,1.9470328816336757,0.7205461245295021,2.0643584728240962,0.062255859375,1.20458984375,0
2019-06-11,2019-06-18,7,8.0,94.0,south,monsoon,6,162,2019,normal,28.500518798828125,1007.5250244140624,6.9427490234375,3.7486419677734375,6.34552001953125,66.4846420288086,5869.24365234375,11.137771606445312,7.1615142822265625,0.0113511122763156,7.370070618442146,13.241497014003908,5.698310004340279,1.5485496950729498,0.4666204191324119,3.761190891265869,0.54718017578125,1.2525024414063637,0
2019-06-11,2019-06-18,7,11.0,70.0,south,monsoon,6,162,2019,normal,27.484893798828125,1006.3900146484376,1.64794921875,9.414657592773438,-0.92108154296875,79.08058166503906,5853.94775390625,15.659255981445312,-3.537704467773437,0.0129728354513645,9.459607222182337,16.05389830520098,4.121568467881944,3.1037329212021985,1.1893724299546438,0.9981393814086914,0.17626953125,1.8357543945311363,0
2019-06-11,2019-06-18,7,11.0,73.0,south,monsoon,6,162,2019,normal,27.613800048828125,1006.2849731445312,2.01416015625,9.515243530273438,0.28204345703125,81.63866424560547,5855.45166015625,12.950271606445312,-2.414657592773437,0.0133581198751926,9.519422669052187,13.173462186192438,3.7502712673611107,2.6887698800620994,1.1681986148703383,1.8319524824619293,0.516387939453125,1.8294067382811363,0
2019-06-11,2019-06-18,7,11.0,76.0,south,monsoon,6,162,2019,normal,24.877471923828125,1006.83251953125,3.936767578125,1.8570404052734373,0.66387939453125,84.59809112548828,5856.44580078125,9.340896606445312,-2.904891967773437,0.0134983099997043,1.972139679967246,9.782164727540433,2.449883355034722,2.4516116055508954,1.249619513304629,2.6841368675231934,2.130157470703125,2.00482177734375,0
2019-06-11,2019-06-18,7,11.0,79.0,south,monsoon,6,162,2019,normal,27.824737548828125,1004.6275024414062,0.0,4.5357513427734375,1.53106689453125,67.88175964355469,5853.6162109375,14.155349731445312,2.2826080322265625,0.0124092139303684,4.787191878230975,14.338208585744388,0.9986029730902777,1.724132299636047,1.6444406578951032,9.313225746154783e-06,2.348724365234375,1.12371826171875,0
2019-06-11,2019-06-18,7,11.0,82.0,south,monsoon,6,162,2019,normal,29.410675048828125,1004.1375122070312,0.1068115234375,8.279891967773438,7.40997314453125,69.16960144042969,5854.763671875,13.124099731445312,1.9642486572265625,0.0125670470297336,11.111449635428917,13.27027756108889,0.18649631076388884,0.28886909302413855,1.4667956836606075,0.0979006290435792,0.21112060546875,1.24139404296875,0
2019-06-11,2019-06-18,7,11.0,85.0,south,monsoon,6,162,2019,normal,29.291534423828125,1004.4949951171876,0.244140625,9.869735717773438,8.23809814453125,80.86463165283203,5854.380859375,15.167068481445312,7.0169830322265625,0.0139064826071262,12.856046988776214,16.71161324335288,0.8460150824652777,1.1457107740098555,1.6910314444062815,0.17427653074264532,0.073394775390625,1.4247436523436363,0
2019-06-11,2019-06-18,7,11.0,88.0,south,monsoon,6,162,2019,normal,28.377471923828125,1005.4025268554688,3.5400390625,9.132431030273438,7.97247314453125,76.13324737548828,5854.6103515625,15.131912231445312,5.6771392822265625,0.0130815543234348,12.122772973333005,16.16182781154298,3.0110677083333335,2.832952619901337,1.8205404153642832,0.2623927593231201,0.115997314453125,0.6490478515625,0
2019-06-11,2019-06-18,7,11.0,91.0,south,monsoon,6,162,2019,normal,27.518096923828125,1006.125,7.5225830078125,7.992782592773437,6.27032470703125,83.85054779052734,5859.04638671875,16.356521606445312,8.100967407226562,0.0137062110006809,10.158816146921284,18.252711360098242,4.491170247395833,2.3340572273096214,1.7286505150156313,5.268724679946899,0.269927978515625,0.177978515625,1
2019-06-11,2019-06-18,7,11.0,94.0,south,monsoon,6,162,2019,normal,28.061065673828125,1007.0150146484376,3.6468505859375,8.119735717773438,6.22247314453125,83.0631332397461,5862.99755859375,14.817459106445312,7.432998657226562,0.013539794832468,10.229823075737837,16.577290593143108,5.428738064236111,1.6932104322434725,1.4968206335617664,2.1740665435791016,0.401824951171875,0.2120361328123863,0
2019-06-11,2019-06-18,7,14.0,70.0,south,monsoon,6,162,2019,normal,27.674346923828125,1004.5399780273438,8.880615234375,9.506454467773438,2.37384033203125,82.40645599365234,5848.6708984375,14.739334106445312,-2.279891967773437,0.0138416327536106,9.798356722932054,14.914619582347378,5.488077799479167,2.8106930603178335,1.4355428898360283,8.100738763809204,0.224609375,1.72900390625,1
2019-06-11,2019-06-18,7,14.0,73.0,south,monsoon,6,162,2019,normal,27.719268798828125,1004.5800170898438,7.293701171875,8.115829467773438,1.76934814453125,86.19364929199219,5851.857421875,11.338943481445312,-0.4810638427734375,0.0142946280539035,8.306460185093037,11.349143654753652,4.118177625868056,3.134677099768794,1.4721560576970827,6.174024224281311,0.750091552734375,2.2447509765625,1
2019-06-11,2019-06-18,7,14.0,76.0,south,monsoon,6,162,2019,normal,22.320831298828125,1006.7224731445312,0.18310546875,4.1168060302734375,1.30938720703125,89.40901947021484,5855.19677734375,14.711990356445312,4.4915924072265625,0.0143961943686008,4.320021614394173,15.382362061815968,2.290513780381945,2.929161558312091,1.4705106326195363,0.1719277352094651,1.755462646484375,2.6502685546875,0
2019-06-11,2019-06-18,7,14.0,79.0,south,monsoon,6,162,2019,normal,25.902862548828125,1004.66748046875,0.0,3.320907592773437,0.39141845703125,66.79363250732422,5854.5341796875,13.692459106445312,-3.7212982177734375,0.0124383009970188,3.3438952806936086,14.189133053406785,0.6069607204861116,1.2362607278715387,1.871059940857442,9.313225746154783e-06,2.654052734375,1.89642333984375,0
2019-06-11,2019-06-18,7,14.0,82.0,south,monsoon,6,162,2019,normal,30.125518798828125,1002.4000244140624,0.0,7.532821655273437,4.83184814453125,74.34526062011719,5851.423828125,10.258865356445312,1.7611236572265625,0.0140790976583957,8.949310508746834,10.408932459081328,0.2102322048611116,0.3734008404751971,1.3968856946374582,9.313225746154783e-06,0.276702880859375,1.74365234375,0
2019-06-11,2019-06-18,7,14.0,85.0,south,monsoon,6,162,2019,normal,29.971221923828125,1002.4425048828124,0.091552734375,8.839462280273438,7.35235595703125,66.60492706298828,5848.31396484375,12.559646606445312,5.1497955322265625,0.0125036276876926,11.497531540433789,13.574428787338858,1.2783474392361116,1.8391434454407793,1.5504048032297342,1.007312893867493,1.041412353515625,2.0477294921876137,0
2019-06-11,2019-06-18,7,14.0,88.0,south,monsoon,6,162,2019,normal,29.164581298828125,1002.6525268554688,0.5340576171875,8.473251342773438,7.25665283203125,77.83628845214844,5840.0029296875,12.680740356445312,3.2435455322265625,0.014420036226511,11.15594006090204,13.088993987591548,3.4128824869791674,3.042818327725099,1.8245982862016448,3.1681413650512695,0.1905517578125,1.5223999023436363,0
2019-06-11,2019-06-18,7,14.0,91.0,south,monsoon,6,162,2019,normal,27.990753173828125,1003.3775024414062,7.75146484375,8.288681030273438,6.90216064453125,87.18253326416016,5843.138671875,17.422927856445312,4.1966705322265625,0.0150690115988254,10.78619742006101,17.92122927276354,5.6169297960069455,3.2520314008029207,2.1340826670560578,2.426793098449707,0.394927978515625,0.61126708984375,0
2019-06-11,2019-06-18,7,14.0,94.0,south,monsoon,6,162,2019,normal,28.348175048828125,1004.5675048828124,4.0283203125,7.559188842773437,8.97442626953125,83.71672058105469,5858.6640625,13.106521606445312,8.891983032226562,0.0141620673239231,11.733782971742873,15.838190264851061,6.813897026909722,3.47780732151438,2.1770131256417455,0.04088330268859819,0.825408935546875,0.5573120117188637,0
2019-06-11,2019-06-18,7,17.0,70.0,west,monsoon,6,162,2019,normal,27.875518798828125,1002.7650146484376,5.92041015625,6.7535247802734375,2.18243408203125,81.0582504272461,5854.7890625,10.286209106445312,0.3236236572265625,0.0143504180014133,7.097402023288449,10.29129875443499,5.0811767578125,3.381879193224587,1.6418749376268125,5.073603272438049,0.141265869140625,1.0606689453123863,1
2019-06-11,2019-06-18,7,17.0,73.0,west,monsoon,6,162,2019,normal,27.113800048828125,1003.0,7.1868896484375,3.116806030273437,2.96759033203125,86.07456970214844,5855.248046875,5.8877716064453125,0.9681549072265624,0.0147256888449192,4.303611530925417,5.966839901828311,3.4891764322916665,3.5267210328925485,1.764644557949144,5.780039310455322,0.011077880859375,2.56781005859375,1
2019-06-11,2019-06-18,7,17.0,76.0,central,monsoon,6,162,2019,normal,25.266143798828125,1004.4949951171876,0.0,4.3062591552734375,1.53106689453125,77.96304321289062,5853.74365234375,9.784255981445312,-0.0650482177734375,0.0137810744345188,4.570342847960737,9.784472207589118,1.842922634548611,2.925461598017712,1.7893175418088116,9.313225746154783e-06,1.620391845703125,2.5499267578123863,0
2019-06-11,2019-06-18,7,17.0,79.0,central,monsoon,6,162,2019,normal,28.297393798828125,1002.3474731445312,0.0,4.3170013427734375,1.33770751953125,73.5233154296875,5854.7890625,7.313552856445312,-1.9556732177734373,0.0150132216513156,4.519509044278826,7.570516040451647,0.3085666232638887,0.46017486635994487,1.9077707634681,0.0222641974687576,2.331634521484375,2.405029296875,0
2019-06-11,2019-06-18,7,17.0,82.0,central,monsoon,6,162,2019,normal,29.246612548828125,1000.8674926757812,1.2359619140625,1.3746185302734375,0.03497314453125,67.01559448242188,5852.26513671875,8.469802856445312,1.3841705322265625,0.0139021910727024,1.3750633529439686,8.582161061721783,0.30178493923611094,0.4576945939552799,1.6756292384789284,1.8385686874389648,1.927581787109375,2.161865234375,0
2019-06-11,2019-06-18,7,17.0,85.0,east,monsoon,6,162,2019,normal,29.592315673828125,1001.2775268554688,0.213623046875,10.847274780273438,5.96270751953125,88.55756378173828,5841.66015625,12.883865356445312,2.1380767822265625,0.0163664855062961,12.378095617752784,13.060067337104659,0.9765624999999997,1.669565352366936,1.477054971066357,0.2862997353076935,0.612518310546875,0.6688232421875,0
2019-06-11,2019-06-18,7,17.0,88.0,east,monsoon,6,162,2019,normal,29.371612548828125,1000.8275146484376,5.5389404296875,8.184188842773438,6.65313720703125,83.75499725341797,5831.2333984375,11.034255981445312,-0.6568450927734375,0.015685562044382,10.547283143528517,11.05378896758764,2.473619249131944,2.816296898774308,1.543339879258102,3.3902180194854736,0.999237060546875,0.7166137695311363,0
2019-06-11,2019-06-18,7,17.0,91.0,east,monsoon,6,162,2019,normal,28.891143798828125,1001.0075073242188,5.279541015625,9.985946655273438,2.37481689453125,68.4892578125,5830.34130859375,7.327224731445312,-3.397079467773437,0.0128803290426731,10.264447665827802,8.076408309110658,4.484388563368055,3.7471397160589515,1.567665581620103,4.684131622314453,0.191986083984375,1.14947509765625,1
2019-06-11,2019-06-18,7,17.0,94.0,east,monsoon,6,162,2019,normal,28.637237548828125,1001.75,12.7105712890625,0.5162200927734375,9.68731689453125,83.92412567138672,5848.59423828125,2.3565216064453125,9.065811157226562,0.0148859061300754,9.701061374883349,9.367076706216151,5.867852105034721,4.048046218783473,1.305763348204723,3.0599441528320312,1.1913452148437536,0.41375732421875,0
2019-06-11,2019-06-18,7,20.0,70.0,west,monsoon,6,162,2019,normal,29.439971923828125,1000.0999755859376,0.0152587890625,6.4859466552734375,2.59552001953125,51.95888137817383,5860.52490234375,8.182693481445312,3.0755767822265625,0.0096607245504856,6.986002303666969,8.741604266646867,2.307467990451389,2.9146175780713475,1.8766489899259886,2.2080578804016118,1.974853515625,0.9427490234373863,0
2019-06-11,2019-06-18,7,20.0,73.0,west,monsoon,6,162,2019,normal,25.564971923828125,1002.114990234375,1.617431640625,0.1783294677734375,3.10235595703125,88.44524383544922,5856.7265625,7.434646606445312,3.9837799072265625,0.0155906714498996,3.10747709294914,8.434718282903756,1.6767713758680556,2.668959944969516,1.8702141860191186,1.1386144757270813,2.2134399414062464,2.05181884765625,0
2019-06-11,2019-06-18,7,20.0,76.0,central,monsoon,6,162,2019,normal,26.221221923828125,1003.1325073242188,0.30517578125,2.830673217773437,0.48126220703125,74.5567855834961,5854.15185546875,7.1533966064453125,-1.4634857177734375,0.0142340697348117,2.8712931194387687,7.301566506937409,1.0121663411458333,2.2395503980595355,1.5747586699823792,0.30516646802425385,1.609100341796875,2.867431640625,0
2019-06-11,2019-06-18,7,20.0,79.0,central,monsoon,6,162,2019,normal,31.941925048828125,1000.1400146484376,0.0,3.8101654052734375,0.80645751953125,74.57199096679688,5854.48291015625,6.4912872314453125,-3.6666107177734375,0.0155549086630344,3.89457753117729,7.455256137572739,0.2882215711805555,0.46923054486000615,1.6598923357341115,0.2025291323661804,2.2431640625,2.7779541015623863,0
2019-06-11,2019-06-18,7,20.0,82.0,central,monsoon,6,162,2019,normal,25.496612548828125,1002.4025268554688,1.0528564453125,4.9136810302734375,4.10333251953125,82.042724609375,5844.94873046875,13.065505981445312,3.6790924072265625,0.0159821547567844,6.401687202067257,13.573620279501537,0.29839409722222215,0.4593495969283322,1.3023525232717936,0.8570048958063126,1.476409912109375,1.56451416015625,0
2019-06-11,2019-06-18,7,20.0,85.0,east,monsoon,6,162,2019,normal,29.822784423828125,998.3499755859376,0.1220703125,0.0845794677734375,0.54473876953125,70.76436614990234,5844.23486328125,3.2178497314453125,-4.9634857177734375,0.0158119238913059,0.5512658282528115,5.915297741002017,0.9138319227430555,1.6952361959819409,1.4199988806781763,0.0426881015300751,0.154632568359375,2.3312988281247726,0
2019-06-11,2019-06-18,7,20.0,88.0,east,monsoon,6,162,2019,normal,30.201690673828125,999.02001953125,0.0,3.7574310302734375,5.21075439453125,70.10562133789062,5843.69970703125,4.6924591064453125,0.9154205322265624,0.0150871314108371,6.424192502360778,4.780916984897719,1.5513102213541667,2.221585133162504,1.2070544032407797,0.0984612852334976,0.6279296875,0.832275390625,0
2019-06-11,2019-06-18,7,20.0,91.0,east,monsoon,6,162,2019,normal,28.383331298828125,1000.9149780273438,2.7313232421875,1.0777435302734375,1.53302001953125,95.6980209350586,5843.29150390625,1.8350372314453125,1.0912017822265625,0.0174188651144504,1.8739481042253667,2.1349667375218995,3.1178792317708335,3.9898353759327176,1.6577399438396019,7.09874153137207,0.008270263671875,0.2052001953125,1
2019-06-11,2019-06-18,7,20.0,94.0,east,monsoon,6,162,2019,normal,24.826690673828125,1002.9099731445312,1.7852783203125,-0.7425689697265625,0.21661376953125,94.18553161621094,5848.2119140625,-0.0907440185546875,-0.4732513427734375,0.0162496604025363,0.773518066984415,0.4818727117614309,4.113091362847222,4.8599029498552255,1.0976645595135894,0.692719578742981,0.80657958984375,0.2474975585936363,0
2019-06-11,2019-06-18,7,23.0,70.0,west,monsoon,6,162,2019,normal,28.322784423828125,997.95751953125,0.0457763671875,4.6744232177734375,4.70587158203125,13.169775009155272,5853.69287109375,7.637771606445312,2.4251861572265625,0.0035963093396276,6.632907338824256,8.013556202425084,0.19327799479166666,0.5038225299902259,2.0362643982942963,0.2507567405700683,0.034210205078125,0.07562255859375,0
2019-06-11,2019-06-18,7,23.0,73.0,west,monsoon,6,162,2019,normal,27.895050048828125,1000.282470703125,0.0,1.3668060302734375,2.94219970703125,44.71199035644531,5846.68212890625,7.0733184814453125,7.860733032226562,0.0085682906210422,3.2441790703422346,10.574637494680072,0.2204047309027778,0.5026973318844864,2.309183509425508,0.1439228653907776,1.390380859375,1.24261474609375,0
2019-06-11,2019-06-18,7,23.0,76.0,central,monsoon,6,162,2019,normal,26.340362548828125,1001.969970703125,0.0,4.8062591552734375,0.98614501953125,80.34625244140625,5843.49560546875,8.776443481445312,-0.6646575927734375,0.015410903841257,4.9063845209274035,8.801575421402426,0.213623046875,0.5053606098785083,2.0803005526888794,0.0005457550287246,1.6629638671875,2.7064208984373863,0
2019-06-11,2019-06-18,7,23.0,79.0,central,monsoon,6,162,2019,normal,32.209503173828125,999.2725219726562,0.0,3.8560638427734375,0.31231689453125,76.42091369628906,5847.47265625,8.616287231445312,-2.092391967773437,0.0161376036703586,3.868691019214935,8.86670794610775,0.15089246961805555,0.3327865708112331,2.384398292702749,9.313225746154783e-06,1.0480346679687536,3.826171875,1
2019-06-11,2019-06-18,7,23.0,82.0,central,monsoon,6,162,2019,normal,29.621612548828125,999.4425048828124,0.0,1.6490325927734375,-0.74822998046875,61.307350158691406,5847.0390625,7.323318481445312,-3.7974700927734375,0.0146465338766574,1.8108441665978197,8.24934983414979,0.13732910156249997,0.32615599653892813,2.038866650313568,0.0126194208860397,0.8109741210937536,3.2879638671876137,1
2019-06-11,2019-06-18,7,23.0,85.0,east,monsoon,6,162,2019,normal,28.252471923828125,1000.1500244140624,0.06103515625,0.7964935302734375,-1.77459716796875,68.11976623535156,5849.2060546875,4.2373809814453125,-3.445907592773437,0.0154457129538059,1.9451470515953675,5.4616551264106805,0.13902452256944442,0.3254766787499834,1.8698388452473846,0.061025843024253845,1.015655517578125,1.294921875,0
2019-06-11,2019-06-18,7,23.0,88.0,east,monsoon,6,162,2019,normal,30.461456298828125,997.7000122070312,0.0,-0.7630767822265625,1.36407470703125,58.2475471496582,5851.7041015625,5.9912872314453125,-0.8345794677734375,0.0131411589682102,1.5630054324715685,6.049135936454778,2.3040771484375,5.5402223559068124,1.5000769234484175,9.313225746154783e-06,0.31298828125,1.3519287109375,0
2019-06-11,2019-06-18,7,23.0,91.0,east,monsoon,6,162,2019,normal,29.053253173828125,1000.052490234375,0.0152587890625,-1.0511627197265625,2.94122314453125,67.54460906982422,5849.76708984375,5.4307403564453125,2.8646392822265625,0.0145173110067844,3.12341746317543,6.139959204782983,2.483791775173611,5.494151922705552,1.89055252869159,0.7443017959594727,1.73614501953125,0.55267333984375,0
2019-06-11,2019-06-18,7,23.0,94.0,east,monsoon,6,162,2019,normal,25.037628173828125,1003.2474975585938,0.0,-0.0706939697265625,1.07794189453125,79.86493682861328,5850.2255859375,-0.6591033935546875,1.3314361572265625,0.0154066123068332,1.0802575458386396,1.4856444810806995,2.6821560329861107,5.432780260226153,1.182425064647586,4.312276840209961,0.273193359375,0.2411499023438637,1
2019-06-11,2019-06-18,7,26.0,70.0,west,monsoon,6,162,2019,normal,28.375518798828125,995.6900024414062,0.0,0.1714935302734375,7.14434814453125,32.48408889770508,5827.103515625,3.833084106445313,5.1790924072265625,0.0088725127279758,7.146406120645031,6.443254762127251,0.010172526041666666,0.019031053602976182,2.3741581819774513,0.1089759171009063,0.82147216796875,2.6851806640625,0
2019-06-11,2019-06-18,7,26.0,73.0,west,monsoon,6,162,2019,normal,28.355987548828125,998.5900268554688,0.0,3.191024780273437,4.63751220703125,54.777931213378906,5819.9912109375,4.2549591064453125,6.2552642822265625,0.0117816962301731,5.629312446354616,7.565250044646329,0.005086263020833333,0.014386124291718497,2.6270160883099227,0.2328194677829742,1.248504638671875,1.9539794921875,0
2019-06-11,2019-06-18,7,26.0,76.0,central,monsoon,6,162,2019,normal,32.957550048828125,997.6074829101562,0.0,4.6509857177734375,0.20001220703125,57.374271392822266,5826.8232421875,4.8662872314453125,-3.9869232177734375,0.0131564177572727,4.655284419871036,6.290970367387577,0.0,0.0,2.227237407426157,0.1626349985599517,3.7816772460937536,4.867492675781364,1
2019-06-11,2019-06-18,7,26.0,79.0,central,monsoon,6,162,2019,normal,33.158721923828125,996.469970703125,0.0,2.980087280273437,1.33770751953125,53.54899597167969,5829.32177734375,4.8565216064453125,-2.693954467773437,0.0132255591452121,3.2665550057909605,5.553664806981658,0.0,0.0,4.502182798942619,0.0378396362066268,4.061676025390625,5.269897460937386,1
2019-06-11,2019-06-18,7,26.0,82.0,central,monsoon,6,162,2019,normal,33.717315673828125,996.2775268554688,0.0,2.241806030273437,0.87872314453125,63.676876068115234,5835.15966796875,7.327224731445312,-0.8228607177734375,0.0150260962545871,2.4078722229606027,7.373284344575247,0.008477105034722222,0.019181499055624662,7.111406491628868,9.313225746154783e-06,2.746124267578125,3.4986572265625,1
2019-06-11,2019-06-18,7,26.0,85.0,east,monsoon,6,162,2019,normal,33.486846923828125,995.927490234375,0.0,2.362899780273437,0.89727783203125,54.3711051940918,5839.9521484375,6.4112091064453125,-2.711532592773437,0.0133786238729953,2.5275290066527343,6.961035210961078,0.010172526041666666,0.019031053602976182,7.36058969749543,0.0089108943939208,0.05816650390625,2.57952880859375,0
2019-06-11,2019-06-18,7,26.0,88.0,northeast,monsoon,6,162,2019,normal,27.047393798828125,998.04248046875,0.0152587890625,-4.6507720947265625,-1.91619873046875,65.58772277832031,5841.30322265625,7.0088653564453125,1.1712799072265625,0.0152678526937961,5.03005950777298,7.1060601042949205,2.002292209201389,5.582542796647883,7.257705486955038,7.795374870300293,0.8912963867187536,2.066650390625,1
2019-06-11,2019-06-18,7,26.0,91.0,northeast,monsoon,6,162,2019,normal,25.283721923828125,1000.3099975585938,17.791748046875,-0.8255767822265625,0.13946533203125,87.3509292602539,5845.3564453125,3.4151153564453125,10.786514282226562,0.0172476805746555,0.837273911088929,11.314234541430817,2.0497639973958335,5.567629904591614,6.19892696140176,17.341161131858826,1.60858154296875,0.7462768554686363,1
2019-06-11,2019-06-18,7,26.0,94.0,northeast,monsoon,6,162,2019,normal,25.355987548828125,1002.030029296875,0.0152587890625,-0.4945220947265625,-0.89471435546875,81.58429718017578,5848.0078125,3.0615997314453125,3.3040924072265625,0.0157661475241184,1.0222846374932022,4.504488822394638,2.104017469618056,5.549742033671341,5.941999882125709,0.01450814306736,1.192230224609375,0.24249267578125,0
2019-06-11,2019-06-18,7,29.0,70.0,north,monsoon,6,162,2019,normal,32.469268798828125,993.02001953125,0.0,0.7593841552734375,0.48223876953125,26.45572853088379,5807.576171875,3.2373809814453125,1.8568267822265625,0.0077929529361426,0.89956574307794,3.732082705168478,0.0,0.0,1.7305727678436251,9.313225746154783e-06,2.7379150390625,4.662109375,1
2019-06-11,2019-06-18,7,29.0,73.0,north,monsoon,6,162,2019,normal,33.635284423828125,994.9249877929688,0.0,1.7515716552734375,5.41485595703125,44.07283782958984,5807.8310546875,7.913162231445312,3.8119049072265625,0.0118079222738742,5.691104312780969,8.783436430174154,0.0,0.0,1.6478542510325298,9.313225746154783e-06,4.924591064453125,4.626953125,1
2019-06-11,2019-06-18,7,29.0,76.0,north,monsoon,6,162,2019,normal,33.633331298828125,995.66748046875,0.0,3.429306030273437,1.62969970703125,36.3606071472168,5810.45703125,7.299880981445312,-0.9107513427734376,0.0098466910421848,3.796848822954043,7.356475402774795,0.0033908420138888886,0.009590749527812331,7.066041831338983,0.040808692574501,8.40948486328125,5.406494140625,1
2019-06-11,2019-06-18,7,29.0,79.0,north,monsoon,6,162,2019,normal,30.102081298828125,995.875,0.0,1.1763763427734375,0.03399658203125,46.41543197631836,5813.1337890625,3.913162231445313,-2.313095092773437,0.011502269655466,1.176867480826459,4.5456844982711475,0.006781684027777777,0.012687369068650789,8.559299076059414,9.313225746154783e-06,3.3693237304687536,4.20697021484375,1
2019-06-11,2019-06-18,7,29.0,82.0,central,monsoon,6,162,2019,normal,7.119659423828125,1010.717529296875,0.0,-0.0990142822265625,-0.26580810546875,45.17457962036133,5819.12451171875,-0.2567596435546875,-0.5162200927734375,0.0080075301229953,0.283650801193523,0.5765489560664789,0.008477105034722222,0.012687369068650789,9.210667961185791,0.1711621880531311,6.175048828124998,2.0582275390626137,1
2019-06-11,2019-06-18,7,29.0,85.0,east,monsoon,6,162,2019,normal,-2.151824951171875,1017.135009765625,0.0152587890625,0.8375091552734375,0.87286376953125,34.70337677001953,5822.61669921875,0.1240997314453125,0.5130767822265625,0.0051479372195899,1.2096746444094502,0.5278716963474762,0.006781684027777777,0.010451276996136096,7.460234432218574,2.053098678588867,5.00518798828125,2.5400390625,1
2019-06-11,2019-06-18,7,29.0,88.0,northeast,monsoon,6,162,2019,normal,4.930206298828125,1010.7249755859376,0.0,0.3873138427734375,0.88262939453125,41.94189834594727,5825.67626953125,-0.1454315185546875,1.3685455322265625,0.0066466364078223,0.9638706660618571,1.3762511400054889,1.9938151041666663,5.585536653412527,6.73260067149902,0.2764612436294555,2.332672119140625,2.0235595703126137,0
2019-06-11,2019-06-18,7,29.0,91.0,northeast,monsoon,6,162,2019,normal,4.604034423828125,1012.5574951171876,0.1220703125,0.0132904052734375,1.60235595703125,47.4604721069336,5831.28466796875,-0.4091033935546875,0.9466705322265624,0.007547381799668,1.6024110733222812,1.0312859366849159,2.0514594184027772,5.567012400236241,5.5717340292085655,0.0986140221357346,2.605010986328125,3.3926391601563637,1
2019-06-11,2019-06-18,7,29.0,94.0,northeast,monsoon,6,162,2019,normal,4.654815673828125,1014.9550170898438,0.48828125,-0.9642486572265624,0.73809814453125,54.081172943115234,5837.25,-0.6805877685546875,0.2826080322265625,0.0084266699850559,1.2143164101352262,0.736930804475711,2.1091037326388884,5.547827384501595,5.5368374739789115,4.766534805297852,1.302886962890625,2.25439453125,1
2019-06-11,2019-06-18,7,32.0,70.0,north,monsoon,6,162,2019,normal,27.906768798828125,996.7050170898438,0.0,1.7613372802734375,0.57501220703125,20.715557098388672,5793.30029296875,-0.9676971435546876,2.1400299072265625,0.0059194597415626,1.85282164633188,2.3486519038520868,0.0,0.0,1.5248534831523113,0.3922730684280395,1.0375366210937536,3.99249267578125,1
2019-06-11,2019-06-18,7,32.0,73.0,north,monsoon,6,162,2019,normal,28.236846923828125,994.114990234375,0.0,-0.8021392822265625,1.63751220703125,15.08464241027832,5791.2607421875,0.3037872314453125,3.8529205322265625,0.0045442613773047,1.8234236085636546,3.8648781752653245,0.0,0.0,1.3932824674256412,1.7471890449523926,5.6195068359375,5.70745849609375,1
2019-06-11,2019-06-18,7,32.0,76.0,north,monsoon,6,162,2019,normal,28.100128173828125,996.9550170898438,0.0,-1.9720611572265625,1.82501220703125,25.615558624267575,5790.3173828125,-2.3153533935546875,1.8607330322265625,0.007019046228379,2.6869489693060498,2.970385287174757,0.006781684027777777,0.012687369068650789,9.559828372955613,9.313225746154783e-06,3.564453125,3.6950073242186363,1
2019-06-11,2019-06-18,7,32.0,79.0,north,monsoon,6,162,2019,normal,-5.407684326171875,1018.3900146484376,0.030517578125,1.3580169677734375,0.97052001953125,29.948694229125977,5794.11572265625,1.1826934814453125,0.1654205322265625,0.0040817293338477,1.6691672154315456,1.1942059384944261,0.013563368055555554,0.015164306488035684,9.477644699281566,1.0968260765075684,4.989471435546875,2.4415893554688637,1
2019-06-11,2019-06-18,7,32.0,82.0,central,monsoon,6,162,2019,normal,1.418487548828125,1013.4149780273438,0.030517578125,0.7974700927734375,0.80157470703125,28.39189910888672,5792.560546875,1.2803497314453125,1.6458892822265625,0.0041437181644141,1.1306991464666052,2.0852450609365683,0.0152587890625,0.014386124291718495,6.486764403970346,0.005839392542839002,0.61602783203125,1.9224243164061363,0
2019-06-11,2019-06-18,7,32.0,85.0,east,monsoon,6,162,2019,normal,3.057159423828125,1010.41748046875,0.0,3.121688842773437,2.75079345703125,26.920387268066406,5797.328125,2.2471466064453125,1.9232330322265625,0.0041828188113868,4.160745831499696,2.9577851793370766,0.008477105034722222,0.012687369068650789,2.7938095039641264,0.0215210020542144,0.65740966796875,1.56793212890625,0
2019-06-11,2019-06-18,7,32.0,88.0,northeast,monsoon,6,162,2019,normal,4.277862548828125,1007.7625122070312,0.0,1.3023529052734375,0.04180908203125,20.346406936645508,5804.84814453125,0.6514434814453125,-0.5982513427734375,0.003292087232694,1.303023825267389,0.8844677940138975,0.0152587890625,0.038062107205952364,3.559428362966003,9.313225746154783e-06,0.167388916015625,0.38714599609375,0
2019-06-11,2019-06-18,7,32.0,91.0,northeast,monsoon,6,162,2019,normal,6.076690673828125,1005.1724853515624,0.0,-1.2083892822265625,2.61114501953125,34.14870071411133,5806.02099609375,-0.5399627685546875,2.5540924072265625,0.0056848558597266,2.8772005440050368,2.610545501629424,0.07459852430555555,0.1509591287540152,3.1595634107093713,0.4168339073657989,1.108917236328125,3.90673828125,1
2019-06-11,2019-06-18,7,32.0,94.0,northeast,monsoon,6,162,2019,normal,4.992706298828125,1011.2125244140624,0.030517578125,-2.2962799072265625,0.65216064453125,50.10771942138672,5817.82421875,-1.3837127685546875,0.9779205322265624,0.0078344382345676,2.387093403829822,1.6943994786388366,0.13563368055555555,0.1914549996404772,3.3600908308770525,0.0709965825080871,1.916351318359375,0.2610473632813637,0
2019-06-11,2019-06-19,8,8.0,70.0,south,monsoon,6,162,2019,normal,29.500030517578125,1006.9237670898438,0.0457763671875,9.88067626953125,0.762359619140625,62.15796661376953,5856.609375,18.461166381835938,-4.255172729492188,0.0105781750753521,9.910043175091328,18.945214676420097,1.8632676866319444,3.404708484059815,0.5502691510224053,0.2581886947154999,0.9957275390625,0.89434814453125,0
2019-06-11,2019-06-19,8,8.0,73.0,south,monsoon,6,162,2019,normal,29.130889892578125,1007.2262573242188,0.3204345703125,8.06817626953125,1.228179931640625,63.88232803344727,5859.13330078125,16.121322631835938,-3.5637664794921875,0.0105257229879498,8.16112089487173,16.510526185439932,3.8706461588541665,5.447114616456823,0.7116234844361822,0.2836622297763825,0.582855224609375,0.5700073242188637,0
2019-06-11,2019-06-19,8,8.0,76.0,south,monsoon,6,162,2019,normal,27.306671142578125,1007.8487548828124,2.1820068359375,7.14337158203125,0.723297119140625,79.57610321044922,5858.24072265625,14.109603881835938,-3.0715789794921875,0.0128798680379986,7.179896676243243,14.440066451702291,3.612942165798611,5.56373837963052,0.9273556204677237,2.0397864282131195,1.37451171875,0.4342041015623863,0
2019-06-11,2019-06-19,8,8.0,79.0,south,monsoon,6,162,2019,normal,27.439483642578125,1006.8612670898438,0.091552734375,10.62872314453125,4.044586181640625,73.76057434082031,5858.49560546875,15.949447631835938,2.0729522705078125,0.0125847058370709,11.372265959948903,16.083594463815622,2.3057725694444446,4.992065166660121,1.1424196109386195,0.09155087172985077,0.71673583984375,0.56439208984375,0
2019-06-11,2019-06-19,8,8.0,82.0,south,monsoon,6,162,2019,normal,29.109405517578125,1006.4712524414062,0.0,3.29278564453125,2.589508056640625,69.26488494873047,5858.24072265625,15.724838256835938,2.6627960205078125,0.012333889491856,4.189032021390835,15.948699660175539,0.3441704644097226,0.5248033253284389,0.9005574516730517,1.862645149230957e-06,0.226043701171875,0.54443359375,0
2019-06-11,2019-06-19,8,8.0,85.0,south,monsoon,6,162,2019,normal,28.880889892578125,1006.896240234375,1.312255859375,8.86602783203125,8.331695556640625,81.97832489013672,5866.1435546875,12.109603881835938,6.3463897705078125,0.013707180507481,12.166494991035746,13.671838548424356,1.4343261718750007,1.7939445077055236,1.0299563990722207,1.273080825805664,0.216827392578125,0.31524658203125,0
2019-06-11,2019-06-19,8,8.0,88.0,south,monsoon,6,162,2019,normal,27.984405517578125,1007.8262329101562,1.9989013671875,6.28594970703125,6.957672119140625,68.73213195800781,5868.5654296875,14.238510131835938,5.8952178955078125,0.0117020802572369,9.376692649159034,15.410670485410757,2.6024712456597228,1.6650208265423838,0.9359479152367806,0.7820780277252202,0.36773681640624645,0.87506103515625,0
2019-06-11,2019-06-19,8,8.0,91.0,south,monsoon,6,162,2019,normal,28.976593017578125,1008.0887451171876,2.99072265625,5.32598876953125,6.095367431640625,74.74103546142578,5871.57373046875,10.859603881835938,5.9713897705078125,0.0125246243551373,8.094421566725952,12.393082435847488,4.536946614583333,2.2164671396383584,1.0099628022971945,2.7926377952098846,0.28466796875,1.0050048828126137,0
2019-06-11,2019-06-19,8,8.0,94.0,south,monsoon,6,162,2019,normal,27.207061767578125,1009.3412475585938,8.026123046875,5.22735595703125,4.571929931640625,79.32017517089844,5870.9365234375,10.556869506835938,3.945999145507813,0.012934704311192,6.944623359214058,11.27024414290617,5.684746636284722,2.1541162913455545,0.855544720231085,5.655486106872559,0.26446533203124645,1.4080200195313637,0
2019-06-11,2019-06-19,8,11.0,70.0,south,monsoon,6,162,2019,normal,27.757843017578125,1005.8837280273438,2.410888671875,11.28106689453125,2.188140869140625,78.45084381103516,5850.5166015625,16.490463256835938,-2.1887664794921875,0.0130629735067486,11.491319799835544,16.635085726463952,4.620022243923612,7.634034429544555,1.310011908152183,2.1289363503456116,1.377899169921875,0.762939453125,0
2019-06-11,2019-06-19,8,11.0,73.0,south,monsoon,6,162,2019,normal,28.169952392578125,1005.8837280273438,11.1236572265625,9.73419189453125,2.464508056640625,81.58662414550781,5850.720703125,15.109603881835938,-0.9954071044921876,0.0133810238912701,10.041329184963734,15.142356645174658,6.612141927083333,8.102948589810005,1.3752012710011485,10.046133756637573,0.45306396484375355,0.6302490234375,1
2019-06-11,2019-06-19,8,11.0,76.0,south,monsoon,6,162,2019,normal,22.818389892578125,1007.7337646484376,16.204833984375,-1.34002685546875,-1.635101318359375,81.21063995361328,5850.38916015625,11.707260131835938,-0.3274383544921875,0.0128030972555279,2.114054941262888,11.711838270334328,6.28662109375,8.317214307404015,1.225030062195454,13.467852115631104,3.03076171875,0.1793823242188637,1
2019-06-11,2019-06-19,8,11.0,79.0,south,monsoon,6,162,2019,normal,27.943389892578125,1004.8987426757812,0.0,5.21270751953125,0.552398681640625,64.72341918945312,5855.28369140625,17.088119506835938,1.3502960205078125,0.0118193821981549,5.241895075986922,17.141386397339804,2.351548936631944,4.990930127426837,1.5990521789945467,1.862645149230957e-06,2.0311279296875,0.02557373046875,0
2019-06-11,2019-06-19,8,11.0,82.0,south,monsoon,6,162,2019,normal,29.396514892578125,1004.53125,0.0,7.92755126953125,6.326812744140625,70.36357116699219,5856.3798828125,12.244369506835938,0.9752960205078124,0.0130233960226178,10.142713080358073,12.283150530199983,0.30687120225694403,0.4566571712422058,1.4214866828100408,1.862645149230957e-06,0.39349365234375,0.6297607421876137,0
2019-06-11,2019-06-19,8,11.0,85.0,south,monsoon,6,162,2019,normal,29.345733642578125,1005.2637329101562,0.2899169921875,8.66680908203125,7.915679931640625,78.00009155273438,5858.521484375,12.271713256835938,5.0319366455078125,0.0134988026693463,11.73761340497111,13.263307757207752,1.4851888020833328,1.8292170592964871,1.6067348761674027,0.2893786877393723,0.025848388671875,1.06207275390625,0
2019-06-11,2019-06-19,8,11.0,88.0,south,monsoon,6,162,2019,normal,28.611358642578125,1005.9287719726562,5.9967041015625,8.48809814453125,8.775054931640625,77.73138427734375,5863.6455078125,14.058822631835938,6.3170928955078125,0.013361950404942,12.208578916667792,15.412856855362591,3.2348632812499996,2.470259243340611,1.5444866718011137,5.713438630104065,0.223876953125,0.76983642578125,0
2019-06-11,2019-06-19,8,11.0,91.0,south,monsoon,6,162,2019,normal,28.126983642578125,1006.8712768554688,4.5318603515625,7.67852783203125,7.208648681640625,77.31938171386719,5869.17724609375,13.806869506835938,7.0749053955078125,0.0131163792684674,10.532065584803279,15.51399148943242,4.540337456597221,2.2981592785421068,1.429935172081355,3.4502874612808228,0.31500244140625,0.87744140625,0
2019-06-11,2019-06-19,8,11.0,94.0,south,monsoon,6,162,2019,normal,28.115264892578125,1007.876220703125,4.2724609375,7.54473876953125,6.915679931640625,75.0730972290039,5870.88525390625,12.929916381835938,5.3190460205078125,0.0127401547506451,10.234730676347317,13.981237005699795,4.94045681423611,2.422362095909346,1.313929794511034,3.3480021953582764,0.3470458984375,1.2777099609373863,0
2019-06-11,2019-06-19,8,14.0,70.0,south,monsoon,6,162,2019,normal,28.277374267578125,1003.6062622070312,0.5645751953125,9.92169189453125,1.746734619140625,81.97903442382812,5844.2451171875,15.097885131835938,-0.6555633544921875,0.0141000943258404,10.074276742263509,15.112110996345471,5.382961697048612,7.428325733694572,1.576021987045236,0.25393813848495483,0.4996337890625,1.1898193359375,0
2019-06-11,2019-06-19,8,14.0,73.0,south,monsoon,6,162,2019,normal,27.355499267578125,1004.5487670898438,24.0936279296875,7.66485595703125,1.933258056640625,91.27667236328124,5838.8408203125,11.904525756835938,-0.4192352294921875,0.0145755009725689,7.904903766372069,11.911905459363654,7.086859809027779,7.9458014111825115,1.7996038406581747,22.013107299804688,0.252960205078125,0.812744140625,1
2019-06-11,2019-06-19,8,14.0,76.0,south,monsoon,6,162,2019,normal,21.849639892578125,1007.1062622070312,2.5634765625,3.28204345703125,1.802398681640625,95.68392944335938,5850.36376953125,12.541244506835938,3.809280395507813,0.0151786999776959,3.744389170668762,13.106999309981012,6.705390082465279,8.227549222162965,1.47432958868863,2.520635724067688,2.099456787109375,0.5530395507811363,0
2019-06-11,2019-06-19,8,14.0,79.0,south,monsoon,6,162,2019,normal,26.138702392578125,1004.873779296875,0.0,3.14434814453125,0.579742431640625,75.94373321533203,5852.9130859375,14.121322631835938,-2.2200164794921875,0.0136900143697857,3.197346797121279,14.294762189054378,2.1769205729166674,5.022447153902795,1.7853328233207941,1.862645149230957e-06,3.1358642578125,0.149658203125,1
2019-06-11,2019-06-19,8,14.0,82.0,south,monsoon,6,162,2019,normal,29.861358642578125,1002.86376953125,0.1220703125,6.47735595703125,5.223297119140625,87.00260925292969,5851.9697265625,8.896713256835938,0.0573272705078125,0.0157733149826526,8.32099591328532,8.89689795323652,0.581529405381945,0.9727521428547147,1.2280093561451522,0.12206844985485077,0.660919189453125,0.70062255859375,0
2019-06-11,2019-06-19,8,14.0,85.0,south,monsoon,6,162,2019,normal,29.791046142578125,1002.96875,0.946044921875,8.67559814453125,7.719390869140625,72.98199462890625,5850.94970703125,11.068588256835938,5.2311553955078125,0.0136285023763775,11.612708493541277,12.242492914897559,1.8174913194444449,1.8550633166615378,1.3761439118439456,0.9417571127414704,0.095977783203125,0.13970947265625,0
2019-06-11,2019-06-19,8,14.0,88.0,south,monsoon,6,162,2019,normal,28.486358642578125,1004.5287475585938,2.7008056640625,7.54766845703125,6.966461181640625,82.51212310791016,5851.84228515625,13.265853881835938,6.3405303955078125,0.0142307477071881,10.271264797120663,14.703237905664864,3.5027398003472228,2.34906194118024,1.59813875197465,18.06732177734375,0.358642578125,0.923095703125,1
2019-06-11,2019-06-19,8,14.0,91.0,south,monsoon,6,162,2019,normal,27.685577392578125,1005.4412231445312,8.3465576171875,8.81719970703125,5.648101806640625,90.61228942871094,5859.94873046875,11.998275756835938,6.5260772705078125,0.0151028828695416,10.471106182817985,13.658268765759287,4.501342773437501,2.10031256125184,1.6111672640469847,2.7592368125915527,0.067596435546875,1.8268432617188637,0
2019-06-11,2019-06-19,8,14.0,94.0,south,monsoon,6,162,2019,normal,28.326202392578125,1006.17626953125,1.9989013671875,7.50372314453125,7.265289306640625,80.76879119873047,5870.40087890625,10.367416381835938,5.7135772705078125,0.0137567715719342,10.44462970808255,11.837579467966568,4.753960503472222,2.174234499166746,1.53505076776722,4.277659416198731,0.88702392578125,1.3626708984376137,0
2019-06-11,2019-06-19,8,17.0,70.0,west,monsoon,6,162,2019,normal,29.425811767578125,1001.6787719726562,0.457763671875,8.92364501953125,0.796539306640625,76.80284881591797,5851.84228515625,8.246322631835938,1.4967803955078125,0.0138025479391217,8.95912469505969,8.38106129918557,3.6773681640625,7.4573393162430905,1.4749408301647169,0.03814512491226202,1.2106323242187536,1.03948974609375,0
2019-06-11,2019-06-19,8,17.0,73.0,west,monsoon,6,162,2019,normal,27.150421142578125,1003.4287719726562,6.3629150390625,2.49786376953125,3.394195556640625,89.5399398803711,5848.27294921875,5.2424163818359375,1.4499053955078125,0.0147676663473248,4.21424808095772,5.4392237659857745,10.001288519965277,17.657704871139618,1.8702999215576472,3.40912127494812,0.45489501953125,0.5571899414061363,0
2019-06-11,2019-06-19,8,17.0,76.0,central,monsoon,6,162,2019,normal,25.294952392578125,1004.7937622070312,0.0,3.41485595703125,1.805328369140625,85.5775375366211,5853.04052734375,7.2404632568359375,-1.8235321044921875,0.0146241383627057,3.8627000566567116,7.466563969437681,9.9029541015625,17.711534923623514,1.5125200922474795,1.862645149230957e-06,2.8460693359375,0.36517333984375,0
2019-06-11,2019-06-19,8,17.0,79.0,central,monsoon,6,162,2019,normal,28.697296142578125,1002.9287719726562,0.0,3.75079345703125,1.220367431640625,80.76243591308594,5854.11083984375,8.404525756835938,-0.4934539794921875,0.0153522687032818,3.944331150590372,8.418999348330855,7.907443576388889,17.217032297241303,1.5779426629521236,1.862645149230957e-06,2.1768188476562464,0.484375,0
2019-06-11,2019-06-19,8,17.0,82.0,central,monsoon,6,162,2019,normal,27.779327392578125,1002.0337524414062,0.701904296875,1.62872314453125,-1.046234130859375,78.43071746826172,5847.20263671875,6.9748382568359375,2.0319366455078125,0.0154051976278424,1.9358060176853555,7.2647873499765785,1.9158257378472225,3.7090201130844767,1.2401313636175872,0.7019024342298508,2.10198974609375,0.26544189453125,0
2019-06-11,2019-06-19,8,17.0,85.0,east,monsoon,6,162,2019,normal,29.779327392578125,1001.9312744140624,3.173828125,9.04278564453125,4.003570556640625,84.8805160522461,5842.02734375,8.832260131835938,3.766311645507813,0.0162444300949573,9.88941603002625,9.60176663158954,2.458360460069445,3.5835128457568906,1.4594054104914265,3.1738262623548508,0.290283203125,0.6322021484373863,0
2019-06-11,2019-06-19,8,17.0,88.0,east,monsoon,6,162,2019,normal,28.011749267578125,1002.623779296875,2.4261474609375,8.59161376953125,5.686187744140625,94.93291473388672,5840.14111328125,10.275619506835938,5.2584991455078125,0.0160350985825061,10.302842240198286,11.542970567084264,4.908243815104167,6.971635913012346,1.7607067413221427,0.27140235900878906,1.33319091796875,1.65252685546875,0
2019-06-11,2019-06-19,8,17.0,91.0,east,monsoon,6,162,2019,normal,28.152374267578125,1003.1837768554688,3.11279296875,7.38751220703125,4.566070556640625,79.75336456298828,5851.43408203125,8.090072631835938,2.2760772705078125,0.013615627773106,8.684718587107826,8.404153909210798,6.757948133680556,6.852204195366736,1.8675832231499794,1.1671910285949707,0.319580078125,1.6923828125,0
2019-06-11,2019-06-19,8,17.0,94.0,east,monsoon,6,162,2019,normal,28.226593017578125,1004.353759765625,7.1258544921875,7.28302001953125,8.521148681640625,81.77167510986328,5866.72998046875,7.9748382568359375,6.3639678955078125,0.0141830639913678,11.209476145633156,10.202849239195304,8.495754665798612,6.334579797581673,1.3972154457662989,10.667304992675781,1.066986083984375,2.42816162109375,1
2019-06-11,2019-06-19,8,20.0,70.0,west,monsoon,6,162,2019,normal,29.394561767578125,1000.1687622070312,0.1068115234375,6.28009033203125,3.426422119140625,68.87739562988281,5852.60693359375,5.8088226318359375,4.1413116455078125,0.01219751406461,7.154013077777291,7.133924762243292,0.8782280815972223,1.947449160648654,1.5680612236374318,0.1036096364259719,1.613006591796875,1.26287841796875,0
2019-06-11,2019-06-19,8,20.0,73.0,west,monsoon,6,162,2019,normal,25.597686767578125,1002.458740234375,0.3814697265625,0.02813720703125,3.664703369140625,88.36216735839844,5852.275390625,6.1525726318359375,5.2584991455078125,0.0152807431295514,3.664811384806886,8.093575430755124,6.978352864583333,17.25853512142694,1.8406201935255149,1.151248812675476,1.175811767578125,0.55242919921875,0
2019-06-11,2019-06-19,8,20.0,76.0,central,monsoon,6,162,2019,normal,24.728546142578125,1003.9412231445312,55.48095703125,0.85040283203125,0.167633056640625,87.37984466552734,5854.62109375,4.9806976318359375,-1.5540008544921875,0.0157904811203479,0.8667674534761036,5.2174962918567145,6.944444444444444,17.271690254542072,1.2558504869704956,55.48095516860485,2.6136474609375,0.01495361328125,1
2019-06-11,2019-06-19,8,20.0,79.0,central,monsoon,6,162,2019,normal,29.097686767578125,1001.67626953125,0.244140625,2.33673095703125,0.910797119140625,77.2730484008789,5854.671875,5.6584320068359375,-0.8313446044921875,0.0156417079269886,2.507959919492942,5.719177093551453,7.6124403211805545,17.328384468602344,1.3858980650412616,0.24413876235485077,5.897979736328125,1.2470703125,1
2019-06-11,2019-06-19,8,20.0,82.0,central,monsoon,6,162,2019,normal,24.017608642578125,1003.5262451171876,12.054443359375,3.40020751953125,3.154937744140625,75.42745971679688,5851.0263671875,12.285385131835938,4.4323272705078125,0.0157203860580921,4.638431129733414,13.060482872789304,2.5634765624999996,3.9991873041388715,1.0720884395167702,12.05444149672985,4.33831787109375,1.0148315429688637,1
2019-06-11,2019-06-19,8,20.0,85.0,east,monsoon,6,162,2019,normal,27.972686767578125,1000.1712646484376,0.0,0.83184814453125,1.171539306640625,79.56426239013672,5846.4375,3.078353881835937,0.2057647705078125,0.0164451785385608,1.4368283413700051,3.0852231301149864,2.8076171874999996,3.9153192460640893,1.3451428930266458,8.402814865112305,0.91009521484375,0.08312988281238631,1
2019-06-11,2019-06-19,8,20.0,88.0,east,monsoon,6,162,2019,normal,30.183624267578125,999.6337280273438,0.0,6.94805908203125,4.692047119140625,84.79916381835938,5843.6845703125,4.0041351318359375,1.1959991455078125,0.0166988559067249,8.383962737013611,4.17893672003516,4.3623182508680545,7.089168531480595,1.2469020658505214,1.7954539060592651,1.0498046875,0.625,0
2019-06-11,2019-06-19,8,20.0,91.0,east,monsoon,6,162,2019,normal,26.935577392578125,1001.811279296875,23.468017578125,2.32208251953125,-0.061859130859375,94.53907012939452,5844.1943359375,6.3420257568359375,-2.4387664794921875,0.0167699046432971,2.322906321740779,6.794768034441291,5.401611328124999,7.382209227289902,1.837907263773467,17.826016902923584,1.591522216796875,1.20281982421875,1
2019-06-11,2019-06-19,8,20.0,94.0,east,monsoon,6,162,2019,normal,24.693389892578125,1003.3487548828124,11.6424560546875,-0.72088623046875,0.254547119140625,97.87782287597656,5863.31396484375,-0.8552398681640625,6.3678741455078125,0.0164909549057483,0.7645071570248608,6.425049133284829,7.281833224826388,7.123291940887204,1.2557489292255302,6.31519889831543,0.17626953125,0.7542724609373863,0
2019-06-11,2019-06-19,8,23.0,70.0,west,monsoon,6,162,2019,normal,28.224639892578125,998.561279296875,0.0152587890625,2.88067626953125,5.687164306640625,11.441106796264648,5854.28955078125,2.367416381835937,1.4831085205078125,0.0029998021200299,6.3751183220837255,2.7936125731010075,0.06951226128472222,0.11799935330746336,1.5337448807605578,0.0032149255275726006,0.454620361328125,1.8154296875,0
2019-06-11,2019-06-19,8,23.0,73.0,west,monsoon,6,162,2019,normal,27.525421142578125,1001.1962280273438,0.0,-0.07244873046875,1.990875244140625,63.0874137878418,5846.1318359375,5.2131195068359375,8.260452270507812,0.0115800099447369,1.9921930268622383,9.767890596535725,6.220499674479167,17.416601939229377,1.986118505180241,0.3541670739650726,0.680267333984375,0.1521606445313637,0
2019-06-11,2019-06-19,8,23.0,76.0,central,monsoon,6,162,2019,normal,26.103546142578125,1002.9437255859376,0.0,3.47344970703125,0.336578369140625,53.9102897644043,5849.5986328125,5.4025726318359375,0.3463897705078125,0.0112681584432721,3.489718880633344,5.413665755786475,6.237453884548611,17.410693296446066,1.7001598580482804,2.1591689586639404,1.435516357421875,0.06811523437522737,0
2019-06-11,2019-06-19,8,23.0,79.0,central,monsoon,6,162,2019,normal,31.521514892578125,1000.6337280273438,0.030517578125,3.89923095703125,2.683258056640625,66.476806640625,5854.82470703125,11.773666381835938,-0.4836883544921875,0.0143218236044049,4.733273270665625,11.783597688950735,7.534450954861111,17.360860107514743,2.155706235035532,0.03051571547985077,0.52423095703125,0.519287109375,0
2019-06-11,2019-06-19,8,23.0,82.0,central,monsoon,6,162,2019,normal,28.445343017578125,1000.4612426757812,0.0,0.78399658203125,0.829742431640625,68.0596694946289,5851.791015625,5.5588226318359375,-2.4582977294921875,0.0156173901632428,1.1415441925311431,6.078135962533074,2.1328396267361107,4.10389113662274,1.6931409538889866,1.862645149230957e-06,1.755523681640625,1.0579223632811363,0
2019-06-11,2019-06-19,8,23.0,85.0,east,monsoon,6,162,2019,normal,25.308624267578125,1001.0587768554688,6.866455078125,1.23516845703125,-0.388031005859375,74.43963623046875,5856.02294921875,3.8908538818359375,-3.1145477294921875,0.0165729708969593,1.2946849727841894,4.983889193098371,2.190483940972222,4.080236279032267,1.544249642672955,6.866453215479851,1.778717041015625,0.1427001953125,0
2019-06-11,2019-06-19,8,23.0,88.0,east,monsoon,6,162,2019,normal,29.595733642578125,999.3187255859376,0.0457763671875,-0.09197998046875,1.463531494140625,75.33451843261719,5856.583984375,1.8810882568359373,3.1667022705078125,0.0157609172165393,1.466419023045092,3.6832724987496377,3.7536621093749996,7.286682014585864,0.9020261998563212,0.1738928258419037,0.460540771484375,0.024597167968863687,0
2019-06-11,2019-06-19,8,23.0,91.0,east,monsoon,6,162,2019,normal,28.066436767578125,1000.9712524414062,0.1678466796875,-2.60272216796875,1.786773681640625,82.90221405029297,5858.39404296875,-0.3728179931640625,0.5709991455078125,0.0160217471420764,3.1570116998578803,0.681933486637466,5.321926540798611,7.560626142585051,1.7246158103658098,4.451796531677246,0.6976318359375,0.601806640625,0
2019-06-11,2019-06-19,8,23.0,94.0,east,monsoon,6,162,2019,normal,24.650421142578125,1004.7987670898438,0.6256103515625,-0.17596435546875,-0.680023193359375,97.36705780029295,5868.69287109375,-3.1482086181640625,1.1081085205078125,0.0163879580795764,0.7024208125491546,3.337532321447163,7.564968532986111,7.1926225564069135,1.2761968136498572,0.33024322986602783,0.454071044921875,1.0401000976561363,0
2019-06-11,2019-06-19,8,26.0,70.0,west,monsoon,6,162,2019,normal,28.576202392578125,997.6612548828124,0.0,-1.29901123046875,5.596343994140625,15.44168472290039,5839.75830078125,-2.7985992431640625,5.0026397705078125,0.0040803151205182,5.745128047105458,5.732238864292461,0.0033908420138888886,0.006343684534325394,1.5274035694830113,1.862645149230957e-06,1.0464477539062464,0.6172485351563637,0
2019-06-11,2019-06-19,8,26.0,73.0,west,monsoon,6,162,2019,normal,29.812530517578125,999.958740234375,0.0,2.59161376953125,2.910797119140625,69.98773193359375,5837.97412109375,0.1447601318359375,3.629592895507813,0.0142307477071881,3.897332651855797,3.63247850411946,0.0016954210069444443,0.004795374763906166,1.9412950861637128,0.0318456441164016,2.061431884765625,0.22271728515625,0
2019-06-11,2019-06-19,8,26.0,76.0,central,monsoon,6,162,2019,normal,31.873077392578125,999.291259765625,0.0,3.33673095703125,2.596343994140625,49.84041595458984,5840.88037109375,2.318588256835937,1.2643585205078125,0.0120091633871197,4.2278570949738565,2.6409191530825424,0.0033908420138888886,0.009590749527812331,1.7381670908999374,45.924095153808594,8.407073974609375,2.197265625,1
2019-06-11,2019-06-19,8,26.0,79.0,central,monsoon,6,162,2019,normal,32.843780517578125,998.34375,0.0,2.28106689453125,-0.017913818359375,49.97211837768555,5845.29052734375,1.4260101318359375,-0.8762664794921875,0.0121159749105572,2.2811372344106466,1.6737227485997734,0.0033908420138888886,0.009590749527812331,4.593443258326794,1.8682703971862795,7.5690307617187536,3.1199951171876137,1
2019-06-11,2019-06-19,8,26.0,82.0,central,monsoon,6,162,2019,normal,33.130889892578125,997.5062255859376,0.0,-0.21209716796875,2.259429931640625,52.87248229980469,5850.38916015625,3.205307006835937,-1.2336883544921875,0.0132336812093853,2.2693630878847757,3.4345276187681466,0.7663302951388888,2.15674079139114,7.342037663303465,0.1237653195858001,2.971893310546875,2.4552612304686363,0
2019-06-11,2019-06-19,8,26.0,85.0,east,monsoon,6,162,2019,normal,30.189483642578125,999.2337646484376,0.0,-4.01678466796875,-0.770843505859375,70.52135467529297,5855.4111328125,2.082260131835937,0.9752960205078124,0.0155959324911236,4.09008053458051,2.299349817720607,0.851101345486111,2.1393136409325306,7.6488430393658495,1.862645149230957e-06,0.42596435546875,0.07055664062477263,0
2019-06-11,2019-06-19,8,26.0,88.0,northeast,monsoon,6,162,2019,normal,25.945343017578125,1000.7537231445312,0.7476806640625,-3.68182373046875,-2.398773193359375,86.88044738769531,5856.55810546875,1.8967132568359373,-0.1594696044921875,0.01744319871068,4.394307546749813,1.9034052993028265,1.1630588107638888,2.154388491710763,7.682058329449865,3.959672451019287,1.3055419921875,0.56787109375,0
2019-06-11,2019-06-19,8,26.0,91.0,northeast,monsoon,6,162,2019,normal,26.400421142578125,1001.5712280273438,2.4871826171875,-0.72576904296875,-0.687835693359375,92.17291259765624,5862.62548828125,-1.5036773681640625,2.2409210205078125,0.0172205157577991,0.9999293198976353,2.6986612695339476,1.4529758029513886,2.669186104012947,6.890836940475592,2.478480339050293,2.537506103515625,0.7369384765625,0
2019-06-11,2019-06-19,8,26.0,94.0,northeast,monsoon,6,162,2019,normal,25.209014892578125,1003.4512329101562,8.7127685546875,-1.54022216796875,-0.476898193359375,83.9809341430664,5869.4833984375,-0.4685211181640625,-0.4602508544921875,0.01622249558568,1.6123635488101906,0.6567669961458875,2.4176703559027772,3.436350298379024,6.8185222716775336,7.9667158126831055,1.1917114257812464,0.68048095703125,1
2019-06-11,2019-06-19,8,29.0,70.0,north,monsoon,6,162,2019,normal,33.435577392578125,996.2587280273438,0.0,2.64044189453125,3.146148681640625,44.940616607666016,5820.7919921875,4.4787445068359375,3.731155395507813,0.0118656354025006,4.107333067257247,5.829294377790518,0.0033908420138888886,0.006343684534325394,1.8591176617718128,1.862645149230957e-06,4.92559814453125,3.0194091796875,1
2019-06-11,2019-06-19,8,29.0,73.0,north,monsoon,6,162,2019,normal,34.205108642578125,997.4562377929688,0.0,2.86309814453125,3.614898681640625,44.853271484375,5826.85888671875,3.302963256835937,3.0729522705078125,0.0116696553304791,4.611379778737099,4.511385810682498,0.0016954210069444443,0.004795374763906166,1.4518363062983484,0.0214334577322006,4.126007080078125,1.9923706054688637,1
2019-06-11,2019-06-19,8,29.0,76.0,north,monsoon,6,162,2019,normal,30.558624267578125,998.1737670898438,0.0,1.73321533203125,0.124664306640625,42.14381790161133,5830.02001953125,2.830307006835937,1.0006866455078125,0.0109043316915631,1.7376928890164636,3.0020012517389594,0.010172526041666666,0.028772248583436993,7.147331677937959,1.862645149230957e-06,2.041015625,1.857666015625,0
2019-06-11,2019-06-19,8,29.0,79.0,north,monsoon,6,162,2019,normal,30.839874267578125,997.5912475585938,0.0,2.65997314453125,-1.211273193359375,30.500659942626957,5835.705078125,1.4338226318359375,-0.9836883544921876,0.0085058407858014,2.92277947826696,1.7388185984536977,0.010172526041666666,0.028772248583436993,8.932767078135514,1.862645149230957e-06,5.395843505859375,2.42559814453125,1
2019-06-11,2019-06-19,8,29.0,82.0,central,monsoon,6,162,2019,normal,7.763702392578125,1013.001220703125,0.0,-0.03924560546875,-0.926116943359375,49.358360290527344,5841.67041015625,-0.0603179931640625,-0.3645477294921875,0.0085797505453228,0.926948116307445,0.36950413715850194,0.010172526041666666,0.028772248583436993,9.487647651059184,0.0136271119117736,0.84039306640625,3.036865234375,1
2019-06-11,2019-06-19,8,29.0,85.0,east,monsoon,6,162,2019,normal,-3.052703857421875,1019.5537719726562,0.0,0.82794189453125,-0.008148193359375,27.511138916015625,5846.56494140625,0.0607757568359375,-0.2219696044921875,0.0040679173544049,0.8279819887986799,0.2301395184174138,0.08307562934027778,0.23497336343140213,7.557094955981182,0.5884207487106323,2.810791015625,4.7474365234375,1
2019-06-11,2019-06-19,8,29.0,88.0,northeast,monsoon,6,162,2019,normal,4.919952392578125,1013.6537475585938,0.0,-0.19549560546875,0.842437744140625,42.24134063720703,5852.9638671875,-0.4665679931640625,1.0338897705078125,0.0067010121420025,0.8648236146812471,1.1342899760668952,0.3763834635416667,0.7812672189298472,6.803797515711413,0.0436063855886459,1.458831787109375,4.3902587890625,1
2019-06-11,2019-06-19,8,29.0,91.0,northeast,monsoon,6,162,2019,normal,4.779327392578125,1016.0962524414062,0.152587890625,-0.02166748046875,1.914703369140625,50.36872482299805,5856.583984375,-0.6032867431640625,1.2663116455078125,0.0079612927511334,1.914825963764938,1.402676041723892,1.3597276475694446,2.7092403301914447,5.989982652980064,0.1385249197483063,2.05975341796875,4.8248291015625,1
2019-06-11,2019-06-19,8,29.0,94.0,northeast,monsoon,6,162,2019,normal,4.777374267578125,1018.0087280273438,0.1373291015625,0.38067626953125,1.184234619140625,53.53695297241211,5864.9453125,-0.1423492431640625,0.3014678955078125,0.0082121090963482,1.2439156142421277,0.3333859610890818,2.2599962022569446,3.5292980930591296,6.156142615064987,1.469451904296875,1.74407958984375,3.2854614257813637,1
2019-06-11,2019-06-19,8,32.0,70.0,north,monsoon,6,162,2019,normal,26.904327392578125,1001.313720703125,0.0152587890625,0.48321533203125,0.828765869140625,36.79127883911133,5809.80419921875,-3.3298492431640625,-0.1731414794921875,0.0089101986959576,0.9593486972746076,3.334347605472624,0.006781684027777777,0.007582153244017842,2.170193162557971,0.015256926417350769,0.9866943359375,0.6527099609373863,0
2019-06-11,2019-06-19,8,32.0,73.0,north,monsoon,6,162,2019,normal,30.101593017578125,997.6612548828124,0.0,0.75469970703125,-0.522796630859375,27.293567657470703,5813.806640625,0.0861663818359375,2.4342803955078125,0.0073204236105084,0.9180893012288991,2.435804936630265,0.0033908420138888886,0.006343684534325394,1.6476945086835557,1.862645149230957e-06,3.472625732421875,2.83203125,1
2019-06-11,2019-06-19,8,32.0,76.0,north,monsoon,6,162,2019,normal,27.923858642578125,999.3462524414062,0.0,-1.39764404296875,2.050445556640625,22.923572540283203,5813.60302734375,-1.4939117431640625,-0.0481414794921875,0.0064521031454205,2.481478561582452,1.4946872242750937,0.020345052083333332,0.038062107205952364,9.540195564221163,1.862645149230957e-06,4.134521484375,2.73529052734375,1
2019-06-11,2019-06-19,8,32.0,79.0,north,monsoon,6,162,2019,normal,-4.177703857421875,1021.0662231445312,0.091552734375,0.71173095703125,0.974273681640625,32.66617584228516,5819.3896484375,0.7385101318359375,0.0631866455078125,0.0044565396383404,1.2065530083399556,0.7412083155192363,0.020345052083333332,0.038062107205952364,9.73073957007427,0.0760592520236969,0.554107666015625,0.7579345703125,0
2019-06-11,2019-06-19,8,32.0,82.0,central,monsoon,6,162,2019,normal,0.990264892578125,1016.4662475585938,0.0,-0.94354248046875,1.976226806640625,27.660423278808597,5822.88232421875,0.0119476318359375,2.3932647705078125,0.0040497975423932,2.189918903460611,2.3932945927445495,0.020345052083333332,0.038062107205952364,6.783952181027229,0.002145767211914,3.00482177734375,3.0106201171875,1
2019-06-11,2019-06-19,8,32.0,85.0,east,monsoon,6,162,2019,normal,3.367218017578125,1012.6912231445312,0.0,2.73907470703125,3.055328369140625,25.55299949645996,5828.388671875,1.7521820068359375,1.9381866455078125,0.0039982991293072,4.1033598055707765,2.6127972094872653,0.0,0.0,3.101085753311289,0.5946587920188904,2.6790771484375,1.16192626953125,0
2019-06-11,2019-06-19,8,32.0,88.0,northeast,monsoon,6,162,2019,normal,5.611358642578125,1009.5487670898438,0.0,4.96563720703125,-0.667327880859375,19.645841598510746,5834.37939453125,3.209213256835937,-0.0715789794921875,0.003260632045567,5.010277374799261,3.210011414022801,0.016954210069444444,0.047953747639061656,3.6346022035663124,0.4400387406349182,1.134521484375,0.8768310546875,0
2019-06-11,2019-06-19,8,32.0,91.0,northeast,monsoon,6,162,2019,normal,7.347686767578125,1008.1387329101562,0.0,-0.17889404296875,3.170562744140625,37.34153366088867,5835.6796875,-0.2732086181640625,2.4752960205078125,0.0062337117269635,3.1756056419433185,2.4903279579567283,0.03221299913194445,0.06037222566312952,3.3209045620859667,2.047548055648804,3.25885009765625,0.95428466796875,1
2019-06-11,2019-06-19,8,32.0,94.0,northeast,monsoon,6,162,2019,normal,5.751983642578125,1012.9837646484376,0.0,-1.71209716796875,0.360015869140625,49.96210861206055,5844.958984375,-0.9626617431640624,0.5377960205078125,0.0079083638265728,1.7495394075583703,1.102697688138372,0.04747178819444445,0.06726357159043163,3.4285900557913855,0.0335779041051864,0.78253173828125,2.3170166015626137,0
2019-06-11,2019-06-20,9,8.0,70.0,south,monsoon,6,162,2019,normal,26.89801025390625,1008.02685546875,6.34765625,9.2860107421875,1.5686492919921875,90.95818328857422,5856.4501953125,16.891082763671875,-2.6213531494140625,0.0137861846014857,9.417571667117231,17.093278481998592,5.455864800347222,1.940729105537111,0.7789499644817816,5.84216046333313,1.1907043457031214,0.224853515625,0
2019-06-11,2019-06-20,9,8.0,73.0,south,monsoon,6,162,2019,normal,27.55426025390625,1007.5693969726562,4.180908203125,7.5106201171875,2.0735321044921875,71.7756118774414,5853.74755859375,16.693817138671875,-4.117446899414063,0.0118402121588587,7.791594826032818,17.194094905778243,7.785373263888889,5.934558657906706,0.646281189552097,3.600507974624634,0.118804931640625,0.6041259765625,0
2019-06-11,2019-06-20,9,8.0,76.0,south,monsoon,6,162,2019,normal,27.01910400390625,1007.891845703125,6.40869140625,10.6121826171875,0.8411102294921875,84.788330078125,5860.32470703125,15.336395263671877,-2.5666656494140625,0.0130747435614466,10.645463180091928,15.549687850225782,6.0899522569444455,6.986120456881431,0.8133364771617393,3.583967685699463,0.9544677734375,0.30401611328125,0
2019-06-11,2019-06-20,9,8.0,79.0,south,monsoon,6,162,2019,normal,26.96636962890625,1007.3043823242188,0.213623046875,11.6170654296875,5.182907104492188,78.80947875976562,5858.693359375,15.902801513671877,0.9997406005859376,0.0128210661932826,12.72079931653023,15.934195218199896,4.130045572916668,7.4296497870378495,1.1537471149784573,0.21361373364925385,1.21405029296875,0.7173461914063637,0
2019-06-11,2019-06-20,9,8.0,82.0,south,monsoon,6,162,2019,normal,28.91168212890625,1006.3518676757812,0.0,4.7069091796875,2.9504852294921875,67.4683837890625,5858.87158203125,16.527801513671875,2.027084350585937,0.0118092177435755,5.555209907400261,16.6516453793529,0.3831651475694458,0.42968805657725995,1.0189339739859813,9.313225746154783e-06,0.451324462890625,0.4032592773436363,0
2019-06-11,2019-06-20,9,8.0,85.0,south,monsoon,6,162,2019,normal,28.77105712890625,1006.6893920898438,1.03759765625,8.8406982421875,7.8274383544921875,75.72200012207031,5862.7978515625,11.412567138671877,2.323959350585937,0.0127824423834681,11.807909916780044,11.646779630347137,1.1291503906250013,1.0279789303922409,0.966658460337027,0.9159445762634278,0.474853515625,0.4934692382813637,0
2019-06-11,2019-06-20,9,8.0,88.0,south,monsoon,6,162,2019,normal,28.30035400390625,1007.329345703125,2.8076171875,7.4881591796875,7.6165008544921875,78.16133880615234,5867.513671875,13.199676513671877,6.0544281005859375,0.0130561469122767,10.680993079616632,14.521968175517587,2.5906032986111125,2.152514415956941,0.7807067628990155,2.191893756389618,0.0418701171875,0.81573486328125,0
2019-06-11,2019-06-20,9,8.0,91.0,south,monsoon,6,162,2019,normal,28.86090087890625,1007.4068603515624,2.471923828125,5.5360107421875,6.514938354492188,73.79376220703125,5871.03173828125,11.441864013671877,4.1520843505859375,0.0125430701300501,8.549376392489032,12.171937255907135,4.102918836805557,2.1096706139633348,0.6319061521078777,1.7567836046218872,0.8756103515625,0.4607543945311363,0
2019-06-11,2019-06-20,9,8.0,94.0,south,monsoon,6,162,2019,normal,27.54840087890625,1008.4343872070312,5.950927734375,5.2576904296875,4.989547729492188,68.6739730834961,5867.2080078125,11.861785888671877,2.884506225585937,0.0119808791205286,7.2483718999033275,12.20747068946468,5.147298177083335,1.7435721505337993,0.49119376584823793,3.83215594291687,0.07977294921875,0.4954833984375,0
2019-06-11,2019-06-20,9,11.0,70.0,south,monsoon,6,162,2019,normal,27.95465087890625,1006.1693725585938,2.99072265625,9.3270263671875,1.4641571044921875,82.63587188720703,5849.05712890625,17.037567138671875,-3.1018218994140625,0.0136750815436244,9.441248692881986,17.31762088453366,4.747178819444445,3.010659099420131,1.6581652978743182,2.5195013880729675,0.33038330078125,1.2140502929686363,0
2019-06-11,2019-06-20,9,11.0,73.0,south,monsoon,6,162,2019,normal,27.18511962890625,1006.4868774414062,9.368896484375,9.4891357421875,1.4631805419921875,87.69790649414062,5850.56103515625,14.779754638671877,-2.3791656494140625,0.0137427924200892,9.601280874556522,14.970022590720921,7.3988172743055545,6.369026777695224,1.425953883014371,8.366703987121582,0.5113525390625,0.8726806640625,1
2019-06-11,2019-06-20,9,11.0,76.0,south,monsoon,6,162,2019,normal,24.40777587890625,1007.1068725585938,23.834228515625,2.3367919921875,0.8479461669921875,87.81275177001953,5850.43359375,11.758270263671877,-1.5803375244140625,0.0137456534430384,2.485882040014845,11.863995376121041,6.296793619791665,7.0796688736185756,1.260333937666631,18.322946548461914,1.575347900390625,1.3538818359375,1
2019-06-11,2019-06-20,9,11.0,79.0,south,monsoon,6,162,2019,normal,27.54644775390625,1005.1468505859376,0.0,4.0067138671875,1.4084930419921875,80.6500473022461,5853.1103515625,15.516082763671877,1.3239593505859375,0.013988840393722,4.247070597818339,15.572465851339006,3.865559895833332,7.371425380186253,1.6774891881227458,9.313225746154783e-06,2.132659912109375,0.10003662109386369,0
2019-06-11,2019-06-20,9,11.0,82.0,south,monsoon,6,162,2019,normal,29.29840087890625,1004.326904296875,0.091552734375,10.0867919921875,6.078414916992188,68.20555877685547,5853.64599609375,11.348114013671877,-0.5119781494140625,0.0124467490240931,11.776693109560554,11.359657270040037,0.4611545138888881,0.5089200902102531,1.5242195214507157,0.0703111290931702,0.224609375,0.25225830078125,0
2019-06-11,2019-06-20,9,11.0,85.0,south,monsoon,6,162,2019,normal,29.34332275390625,1004.8468627929688,0.8544921875,8.4686279296875,6.975875854492188,66.9610595703125,5854.97119140625,10.639129638671877,4.7380218505859375,0.0119818327948451,10.971804908435544,11.646455706569968,1.0681152343749991,0.8127841941503197,1.602685238567344,0.6245207041501999,0.03887939453125,0.7186889648436363,0
2019-06-11,2019-06-20,9,11.0,88.0,south,monsoon,6,162,2019,normal,28.28082275390625,1006.326904296875,1.52587890625,6.9715576171875,6.814743041992188,77.81358337402344,5859.25439453125,12.281707763671877,4.4880218505859375,0.0130838034674525,9.749017301151229,13.076034785957663,2.6075575086805545,2.1908093536506175,1.424257171855317,1.480691134929657,0.88702392578125,0.4102783203126137,0
2019-06-11,2019-06-20,9,11.0,91.0,south,monsoon,6,162,2019,normal,27.59722900390625,1007.1543579101562,8.30078125,7.2283935546875,5.881149291992188,75.42251586914062,5864.7353515625,13.506317138671877,3.9001312255859375,0.0128048537299036,9.318668916543178,14.058151593547857,4.14699978298611,2.2717072541828425,1.2290395138378705,7.309718072414398,0.16754150390625,1.18505859375,1
2019-06-11,2019-06-20,9,11.0,94.0,south,monsoon,6,162,2019,normal,27.59918212890625,1008.0393676757812,4.638671875,7.1551513671875,4.497360229492188,85.91743469238281,5865.2197265625,12.619598388671877,3.7966156005859375,0.0137585280463099,8.451179806463898,13.178336522868976,5.42873806423611,1.6584926849926795,0.8801004340982009,0.5755329132080078,0.146636962890625,0.66070556640625,0
2019-06-11,2019-06-20,9,14.0,70.0,south,monsoon,6,162,2019,normal,28.52496337890625,1003.6068725585938,0.79345703125,9.6610107421875,0.3391571044921875,76.81231689453125,5843.70361328125,13.959442138671877,-3.1428375244140625,0.0135501502081751,9.666962092725397,14.308859232230681,3.6485460069444446,3.2919121363233095,1.6864781403298206,1.181775689125061,1.724212646484375,2.62744140625,1
2019-06-11,2019-06-20,9,14.0,73.0,south,monsoon,6,162,2019,normal,27.26910400390625,1004.4768676757812,8.9111328125,7.2996826171875,2.1584930419921875,87.62763977050781,5840.669921875,11.412567138671877,-3.4104156494140625,0.0141214011237025,7.6121257559237705,11.911239381208889,6.208631727430556,7.011241334465502,1.7136362127677929,5.206659317016602,0.160003662109375,1.69671630859375,0
2019-06-11,2019-06-20,9,14.0,76.0,south,monsoon,6,162,2019,normal,21.70269775390625,1006.4668579101562,3.753662109375,2.6160888671875,1.6536102294921875,88.88357543945312,5846.60986328125,11.609832763671877,3.163803100585937,0.0143803237006068,3.0948905880666575,12.033198529888308,5.703396267361112,7.351695823063581,1.547139737565636,3.578323870897293,1.813812255859375,1.57415771484375,0
2019-06-11,2019-06-20,9,14.0,79.0,south,monsoon,6,162,2019,normal,26.43707275390625,1004.3568725585938,0.0,3.0233154296875,1.1575164794921875,78.33873748779297,5846.66064453125,12.631317138671877,-3.5197906494140625,0.0136660216376185,3.2373261478699518,13.112555009356818,3.1534830729166674,7.400846528414251,1.6962924457550899,9.313225746154783e-06,2.562957763671875,1.0570068359375,0
2019-06-11,2019-06-20,9,14.0,82.0,south,monsoon,6,162,2019,normal,30.19488525390625,1002.389404296875,0.48828125,5.8572998046875,6.070602416992188,67.00547790527344,5845.97216796875,10.363739013671877,4.6345062255859375,0.0124229071661829,8.435649038881575,11.352785310156241,0.6578233506944452,0.8917205356885193,1.2221790432571122,0.4848316311836243,0.12429809570312145,1.33428955078125,0
2019-06-11,2019-06-20,9,14.0,85.0,south,monsoon,6,162,2019,normal,29.44683837890625,1003.2093505859376,1.46484375,7.1365966796875,7.171188354492188,80.15616607666016,5850.07666015625,12.449676513671877,3.290756225585937,0.0142348883673548,10.11716138964537,12.877248224341479,1.3563368055555565,1.0702068967372795,1.4567118644940338,0.05734336376190208,0.204833984375,1.0969238281247726,0
2019-06-11,2019-06-20,9,14.0,88.0,south,monsoon,6,162,2019,normal,29.51519775390625,1004.1118774414062,1.3427734375,7.2137451171875,7.025680541992188,77.75904846191406,5854.2578125,11.508270263671877,5.7184906005859375,0.0136021254584193,10.069672571333893,12.850736134973127,2.7296278211805567,2.192037088855613,1.7585021039189888,8.882040023803713,1.8187255859375,0.57421875,1
2019-06-11,2019-06-20,9,14.0,91.0,south,monsoon,6,162,2019,normal,27.59722900390625,1005.734375,3.662109375,7.8699951171875,5.510055541992188,87.78360748291016,5860.32470703125,10.982879638671877,4.7770843505859375,0.0146454451605677,9.607160622181453,11.976818444401935,3.672281901041668,2.334943757737864,1.8029667404851795,2.3478174209594727,1.180328369140625,1.2430419921876137,0
2019-06-11,2019-06-20,9,14.0,94.0,south,monsoon,6,162,2019,normal,27.76324462890625,1006.6318969726562,6.622314453125,6.0526123046875,5.643844604492188,85.52809143066406,5867.84521484375,8.586395263671875,4.8766937255859375,0.0143869994208216,8.275693181269478,9.874630388889301,4.486083984375001,2.2209678692650763,1.3712645977255316,2.1313095092773438,0.468780517578125,0.08001708984386369,0
2019-06-11,2019-06-20,9,17.0,70.0,west,monsoon,6,162,2019,normal,28.79058837890625,1001.9268798828124,0.762939453125,7.7596435546875,0.1272430419921875,81.10004425048828,5846.2783203125,9.350067138671877,-0.0588531494140625,0.014479505829513,7.7606867536023305,9.350252359742363,2.1294487847222223,2.830953055807557,1.3014796260526784,0.11111611127853394,0.43063354492187855,2.3426513671876137,0
2019-06-11,2019-06-20,9,17.0,73.0,west,monsoon,6,162,2019,normal,27.51129150390625,1002.9668579101562,5.462646484375,2.0965576171875,3.1428680419921875,83.73117065429688,5840.669921875,6.137176513671875,0.4626312255859375,0.0141495345160365,3.7779853588338237,6.154588792994445,2.288818359375,2.944695918322725,1.5827322113059015,3.0910520553588867,0.6734619140625,2.1773071289061363,0
2019-06-11,2019-06-20,9,17.0,76.0,central,monsoon,6,162,2019,normal,24.89410400390625,1004.1168823242188,0.0,3.8153076171875,1.3850555419921875,87.88754272460938,5844.69775390625,6.670379638671875,-3.4104156494140625,0.0146072981879115,4.058934720856229,7.491655319472238,2.655029296875,3.193395564515513,1.3971890563917246,0.0566206872463226,2.29888916015625,1.7694702148436363,0
2019-06-11,2019-06-20,9,17.0,79.0,central,monsoon,6,162,2019,normal,28.16949462890625,1002.2793579101562,0.0,3.6658935546875,0.9123992919921876,74.45950317382812,5847.37451171875,8.211395263671875,1.0837249755859375,0.0142296431586146,3.777730538607432,8.28260055773316,1.3190375434027777,1.9326609673417188,1.437268007290931,9.313225746154783e-06,2.936126708984375,0.9893798828125,0
2019-06-11,2019-06-20,9,17.0,82.0,central,monsoon,6,162,2019,normal,28.36871337890625,1002.0968627929688,0.213623046875,2.0184326171875,0.1028289794921875,87.29720306396484,5844.41748046875,9.232879638671877,0.6110687255859375,0.0155490515753626,2.0210502292495813,9.253079023200382,2.2413465711805554,2.604171081821797,1.03439539458834,0.0710748136043548,1.605072021484375,0.4664306640625,0
2019-06-11,2019-06-20,9,17.0,85.0,east,monsoon,6,162,2019,normal,29.30621337890625,1001.8143920898438,2.8076171875,8.4832763671875,5.904586791992188,92.08069610595705,5842.22509765625,8.674285888671875,3.7184906005859375,0.0165761597454547,10.33586586146756,9.437712012191195,2.627902560763889,2.229869890388782,1.1394007718301653,2.5412067770957947,1.002838134765625,0.18798828125,0
2019-06-11,2019-06-20,9,17.0,88.0,east,monsoon,6,162,2019,normal,28.89215087890625,1002.0443725585938,3.41796875,6.9178466796875,6.626266479492188,84.07382202148438,5847.9609375,10.199676513671877,4.7399749755859375,0.0151399252936244,9.579353325820337,11.247255832101029,3.604465060763889,2.1646908084586087,1.561746140357208,3.303373232483864,0.2093505859375,0.0943603515625,0
2019-06-11,2019-06-20,9,17.0,91.0,east,monsoon,6,162,2019,normal,28.35504150390625,1003.4468994140624,1.190185546875,5.3162841796875,6.291305541992188,87.27926635742188,5860.9365234375,6.844207763671875,5.7888031005859375,0.0151585219427943,8.23671068460567,8.964006986256745,3.618028428819444,1.8278368394424738,1.9316179494881665,24.741044998168945,1.01373291015625,1.0863037109373863,1
2019-06-11,2019-06-20,9,17.0,94.0,east,monsoon,6,162,2019,normal,27.63433837890625,1005.4443969726562,2.349853515625,3.9227294921875,6.219039916992188,84.84281921386719,5871.43994140625,5.266082763671875,5.2106781005859375,0.0143302557989954,7.352840550292099,7.408292241925118,3.960503472222222,1.9442450614158464,1.4415565849021874,2.803755760192871,0.5155029296875,1.0424194335938637,0
2019-06-11,2019-06-20,9,20.0,70.0,west,monsoon,6,162,2019,normal,29.23004150390625,1000.4968872070312,0.79345703125,5.5155029296875,1.1887664794921875,69.78800964355469,5852.0908203125,4.875457763671875,4.9606781005859375,0.0127934096381068,5.642157239049231,6.955459411353162,0.9629991319444443,1.6304697313093477,1.0009140345187022,0.6305016577243805,1.484771728515625,2.7862548828125,1
2019-06-11,2019-06-20,9,20.0,73.0,west,monsoon,6,162,2019,normal,25.82574462890625,1002.576904296875,0.091552734375,-1.1993408203125,3.1672821044921875,73.45132446289062,5851.88671875,5.291473388671875,2.763412475585937,0.0129431365057826,3.386752771122262,5.969601254124652,0.8104112413194443,1.6724518313086372,1.209530135996145,0.22730416059494019,1.7009582519531214,1.989501953125,0
2019-06-11,2019-06-20,9,20.0,76.0,central,monsoon,6,162,2019,normal,25.13629150390625,1003.3218994140624,0.030517578125,1.7645263671875,-0.5895538330078125,87.68580627441406,5852.75341796875,1.848114013671875,-2.7912750244140625,0.0163167603313922,1.8604104446369139,3.347647184135164,1.2647840711805554,2.293723544786519,0.927693652526651,0.019893050193786697,2.817779541015625,1.66748046875,0
2019-06-11,2019-06-20,9,20.0,79.0,central,monsoon,6,162,2019,normal,27.75152587890625,1001.4818725585938,5.645751953125,1.8612060546875,-0.5592803955078125,90.42081451416016,5852.70263671875,5.281707763671875,-1.3596343994140625,0.017374861985445,1.9434203196438964,5.453901594354431,0.881618923611111,1.7637789947338474,1.1064489950403273,5.645742639899254,6.61883544921875,0.10601806640613631,1
2019-06-11,2019-06-20,9,20.0,82.0,central,monsoon,6,162,2019,normal,23.66168212890625,1003.7318725585938,1.739501953125,3.4149169921875,2.8079071044921875,85.72261047363281,5847.7822265625,8.002410888671875,0.8415374755859375,0.0167573578655719,4.421085881431011,8.046537476079369,2.8516981336805554,3.0531515070876387,0.8497646792055522,1.7394926398992538,5.2641906738281214,1.68890380859375,1
2019-06-11,2019-06-20,9,20.0,85.0,east,monsoon,6,162,2019,normal,26.24566650390625,1000.9393920898438,7.8125,-0.1651611328125,-1.1295928955078125,84.1833724975586,5842.07177734375,6.238739013671875,-1.7229156494140625,0.0167811997234821,1.1416033940794115,6.472271843464813,3.2925075954861107,2.618845436818464,1.028774016421156,4.388118267059326,2.881195068359375,0.17950439453125,0
2019-06-11,2019-06-20,9,20.0,88.0,east,monsoon,6,162,2019,normal,28.38433837890625,1000.4768676757812,4.364013671875,6.1922607421875,3.5823211669921875,82.49932098388672,5844.7744140625,7.852020263671875,1.6208343505859375,0.0153111098334193,7.153818423940934,8.017563608301034,4.323323567708333,2.2267378353216185,0.9238568950713792,3.2989978790283203,1.6675109863281214,0.2014770507811363,0
2019-06-11,2019-06-20,9,20.0,91.0,east,monsoon,6,162,2019,normal,28.60113525390625,1001.8468627929688,6.378173828125,5.4012451171875,5.489547729492188,91.66775512695312,5860.73291015625,6.582489013671875,5.4860687255859375,0.01612364128232,7.701206599638439,8.568903761681716,3.0178493923611107,1.6694999273562212,1.779980230760446,2.7970876693725586,1.017852783203125,0.2507934570311363,0
2019-06-11,2019-06-20,9,20.0,94.0,east,monsoon,6,162,2019,normal,24.55035400390625,1004.7818603515624,3.23486328125,-1.1680908203125,1.7405242919921875,98.40436553955078,5875.13623046875,3.736785888671875,7.2829437255859375,0.0160339958965778,2.09615385301586,8.185648299788406,2.634684244791666,1.7262749717809724,1.369945869938949,1.2626219987869265,0.47265625,0.014404296875227374,0
2019-06-11,2019-06-20,9,23.0,70.0,west,monsoon,6,162,2019,normal,27.59918212890625,1000.1843872070312,0.0,-0.0743408203125,3.719039916992188,16.321807861328125,5852.72802734375,-2.901885986328125,4.8005218505859375,0.0037764189764857,3.719782851423722,5.609452051279215,0.18649631076388887,0.32566208776972033,0.8495734150993571,0.001121312379837,1.2252197265625,2.3167114257811363,0
2019-06-11,2019-06-20,9,23.0,73.0,west,monsoon,6,162,2019,normal,28.14019775390625,1001.6018676757812,0.0,1.5340576171875,2.2200164794921875,77.20503997802734,5854.6142578125,-0.073760986328125,0.4919281005859375,0.014294016174972,2.6984821552250216,0.49742732057074035,0.1186794704861111,0.24390503619187343,1.2885468025803524,9.313225746154783e-06,1.8921203613281214,1.5025024414063637,0
2019-06-11,2019-06-20,9,23.0,76.0,central,monsoon,6,162,2019,normal,28.08746337890625,1002.5293579101562,0.152587890625,2.9490966796875,-1.5709991455078125,71.93009948730469,5856.42431640625,2.715301513671875,-3.9416656494140634,0.0145195601508021,3.3414382444286046,4.78639638997018,0.6578233506944444,1.7642287379997117,1.6259714482344423,0.15257857739925385,1.16180419921875,1.669921875,0
2019-06-11,2019-06-20,9,23.0,79.0,central,monsoon,6,162,2019,normal,29.78863525390625,1000.954345703125,0.0,5.2293701171875,1.6526336669921875,64.21143341064453,5856.14404296875,6.203582763671875,-3.6897125244140634,0.014113294892013,5.484296660448781,7.217923359148722,0.8578830295138888,1.7740164718480704,2.075175604390077,9.313225746154783e-06,0.187103271484375,1.49407958984375,0
2019-06-11,2019-06-20,9,23.0,82.0,central,monsoon,6,162,2019,normal,26.34527587890625,1000.8518676757812,0.152587890625,-0.6846923828125,1.0081024169921875,65.50483703613281,5850.96923828125,4.094207763671875,-2.5920562744140625,0.0148638365790247,1.218636181239893,4.845749987549953,2.5160047743055554,3.200423201896924,1.8195808477949047,0.151466578245163,1.796112060546875,1.2039184570311363,0
2019-06-11,2019-06-20,9,23.0,85.0,east,monsoon,6,162,2019,normal,24.67144775390625,1001.744384765625,7.293701171875,0.4354248046875,0.7756805419921875,82.60353088378906,5846.94091796875,4.189910888671875,-0.0080718994140625,0.016919482499361,0.8895364319478103,4.189918663956532,2.749972873263889,2.868235472361576,1.5330268284705348,3.7999916076660156,1.9029541015625,0.59228515625,0
2019-06-11,2019-06-20,9,23.0,88.0,east,monsoon,6,162,2019,normal,27.27496337890625,1000.099365234375,1.8310546875,-1.8536376953125,0.6018524169921875,75.87244415283203,5842.8876953125,0.787567138671875,3.474349975585937,0.0144671080633997,1.948896877036539,3.5624948772973424,4.414876302083333,2.656918921422554,0.7243705554210009,3.9031448364257812,1.8109130859375,0.50396728515625,0
2019-06-11,2019-06-20,9,23.0,91.0,east,monsoon,6,162,2019,normal,26.62261962890625,1001.4243774414062,3.814697265625,-1.0733642578125,0.5364227294921875,89.82725524902344,5862.7724609375,-1.001495361328125,3.9841156005859375,0.0160997994244098,1.1999417380294877,4.108061596129493,3.577338324652778,1.9560250780228416,1.484933580098955,2.4313814640045166,0.939208984375,0.6026611328125,0
2019-06-11,2019-06-20,9,23.0,94.0,east,monsoon,6,162,2019,normal,24.23199462890625,1003.9893798828124,0.579833984375,-0.2921142578125,0.2600555419921875,93.32540130615234,5875.11083984375,0.894989013671875,0.9157562255859376,0.0167902596294879,0.3911005299640977,1.2804744430455293,3.5569932725694446,1.9947548610094217,1.2404991148942772,3.4642534255981445,0.01434326171875,1.2648925781252274,0
2019-06-11,2019-06-20,9,26.0,70.0,west,monsoon,6,162,2019,normal,29.75933837890625,999.8869018554688,0.0,2.0994873046875,2.6438446044921875,54.92683029174805,5836.310546875,-3.601104736328125,2.808334350585937,0.0122154830023646,3.3760570545010693,4.566694334711465,0.0,0.0,0.8424577985966542,9.313225746154783e-06,0.9544677734375,0.9510498046875,0
2019-06-11,2019-06-20,9,26.0,73.0,west,monsoon,6,162,2019,normal,29.84332275390625,1000.15185546875,0.0,1.2576904296875,2.4836883544921875,47.90498352050781,5844.544921875,1.811004638671875,0.4665374755859375,0.0107916472479701,2.783970736047281,1.8701323529143994,0.016954210069444444,0.047953747639061656,1.1444863675853176,0.0166259706020355,0.156402587890625,1.94696044921875,0
2019-06-11,2019-06-20,9,26.0,76.0,central,monsoon,6,162,2019,normal,30.36480712890625,999.6893920898438,0.0,2.3114013671875,-1.2292022705078125,48.73637390136719,5850.58642578125,0.826629638671875,-0.1526031494140625,0.012127268128097,2.6179217906686603,0.8405975735998084,0.016954210069444444,0.047953747639061656,1.4410812914096627,9.313225746154783e-06,4.70367431640625,2.7223510742186363,1
2019-06-11,2019-06-20,9,26.0,79.0,central,monsoon,6,162,2019,normal,32.82574462890625,997.734375,0.0,1.3572998046875,-0.0036163330078125,51.04288864135742,5855.12451171875,1.191864013671875,-0.9983062744140624,0.0132225630804896,1.3573046222823928,1.55472031073776,0.03390842013888889,0.06343684534325394,4.3060401787701394,1.030171275138855,6.491363525390625,4.16497802734375,1
2019-06-11,2019-06-20,9,26.0,82.0,central,monsoon,6,162,2019,normal,33.11871337890625,997.6768798828124,0.0,-4.4903564453125,0.4260711669921875,54.663124084472656,5854.86962890625,1.939910888671875,3.329818725585937,0.0137289641425013,4.510525207257088,3.85369264488626,0.8307562934027777,2.2854828568426764,7.11044847173073,1.341203212738037,5.186126708984375,3.7388916015626137,1
2019-06-11,2019-06-20,9,26.0,85.0,east,monsoon,6,162,2019,normal,30.25347900390625,999.6593627929688,0.0,-2.9532470703125,0.3420867919921875,85.2693099975586,5853.0849609375,-2.698760986328125,0.2009124755859375,0.0171393044292926,2.9729937153591277,2.70622923718092,1.2071397569444444,2.2578934361621803,7.344379861392516,9.313225746154783e-06,2.280609130859375,1.12115478515625,0
2019-06-11,2019-06-20,9,26.0,88.0,northeast,monsoon,6,162,2019,normal,26.19488525390625,1001.0943603515624,1.556396484375,-2.7764892578125,0.3801727294921875,93.9126434326172,5856.88330078125,-2.646026611328125,1.3981781005859375,0.017006266862154,2.8023961003037647,2.9927176326567633,2.3600260416666665,2.75008366919883,7.263096386321832,10.49870777130127,1.42547607421875,0.1861572265623863,1
2019-06-11,2019-06-20,9,26.0,91.0,northeast,monsoon,6,162,2019,normal,26.12457275390625,1001.6143798828124,6.683349609375,-2.3565673828125,-0.1061553955078125,88.31719970703125,5866.13720703125,-1.132354736328125,-0.7326812744140625,0.0163005478680133,2.3589571419869366,1.3487212828311683,2.027723524305556,2.1709281757620915,6.354805491367224,6.4594559371471405,3.025726318359375,0.5291137695313637,0
2019-06-11,2019-06-20,9,26.0,94.0,northeast,monsoon,6,162,2019,normal,24.92144775390625,1002.9494018554688,3.753662109375,-0.8165283203125,-0.2467803955078125,83.55878448486328,5870.828125,0.107879638671875,0.2946624755859375,0.0157250054180622,0.8530058976814551,0.31378972411219513,2.132839626736111,2.288408909975067,6.314588169585735,2.4834461212158203,2.00616455078125,0.517333984375,0
2019-06-11,2019-06-20,9,29.0,70.0,north,monsoon,6,162,2019,normal,32.54840087890625,998.6793823242188,0.0,0.8485107421875,-2.1627960205078125,39.68046188354492,5829.427734375,1.021942138671875,2.960678100585937,0.009962904267013,2.3232858424937755,3.1320888477312385,0.0,0.0,1.286090242764649,9.313225746154783e-06,0.470977783203125,1.3063354492188637,0
2019-06-11,2019-06-20,9,29.0,73.0,north,monsoon,6,162,2019,normal,32.08160400390625,999.33935546875,0.0,1.9598388671875,0.5022430419921875,47.619083404541016,5833.9140625,3.447723388671875,-0.6428375244140625,0.0114248869940638,2.023169903534636,3.507140808064295,0.0,0.0,0.978472126978551,9.313225746154783e-06,2.9918212890625,1.0166015625,0
2019-06-11,2019-06-20,9,29.0,76.0,north,monsoon,6,162,2019,normal,32.29449462890625,999.19189453125,0.0,3.0574951171875,0.0774383544921875,46.86753463745117,5840.79736328125,3.449676513671875,-2.6018218994140625,0.0115979788824915,3.0584756154613792,4.320850060491563,0.0033908420138888886,0.009590749527812331,7.035270921137574,9.313225746154783e-06,2.956878662109375,2.29888916015625,0
2019-06-11,2019-06-20,9,29.0,79.0,north,monsoon,6,162,2019,normal,28.66558837890625,998.421875,0.0,-1.1964111328125,-1.0592803955078125,31.338075637817383,5844.39208984375,0.510223388671875,-1.1486968994140625,0.0086649535223841,1.5979594973042581,1.2569138685969266,0.0033908420138888886,0.009590749527812331,8.867540200064065,9.313225746154783e-06,1.919464111328125,4.22125244140625,1
2019-06-11,2019-06-20,9,29.0,82.0,central,monsoon,6,162,2019,normal,7.46246337890625,1012.454345703125,0.0,-0.3262939453125,-1.9245147705078125,54.3872184753418,5848.82763671875,-0.349151611328125,-0.6623687744140625,0.0092180846258997,1.951979723421925,0.7487584664040957,0.006781684027777777,0.012687369068650789,9.364793910705988,0.0049918889999389,2.8974609375,2.40234375,0
2019-06-11,2019-06-20,9,29.0,85.0,east,monsoon,6,162,2019,normal,-1.38128662109375,1019.3543701171876,0.030517578125,0.6385498046875,-0.2956085205078125,40.994232177734375,5852.01416015625,0.250457763671875,-0.0412750244140625,0.0062078116461634,0.7036549228586851,0.2538360081310338,0.17632378472222224,0.4880221586067308,7.34452808689951,0.4063677191734314,0.71563720703125,2.7233276367188637,1
2019-06-11,2019-06-20,9,29.0,88.0,northeast,monsoon,6,162,2019,normal,5.52886962890625,1013.6543579101562,0.0,-0.0499267578125,1.1194305419921875,43.277042388916016,5855.5068359375,-0.429229736328125,1.4528656005859375,0.0068467734381556,1.1205433590408675,1.5149444279953799,0.9223090277777777,2.093256611608215,6.438887950822184,2.121549129486084,0.3408203125,2.4227905273438637,0
2019-06-11,2019-06-20,9,29.0,91.0,northeast,monsoon,6,162,2019,normal,4.84918212890625,1014.9718627929688,0.030517578125,-0.3057861328125,1.0842742919921875,49.50041961669922,5857.85205078125,-0.245635986328125,0.9567718505859376,0.0079172728583216,1.126568195581423,0.9878002894578592,1.339382595486111,2.2369588050742917,5.794627615197801,0.0241976231336594,2.021575927734375,2.3181762695311363,0
2019-06-11,2019-06-20,9,29.0,94.0,northeast,monsoon,6,162,2019,normal,4.97418212890625,1016.6118774414062,0.0,-0.0401611328125,0.5647430419921875,54.310543060302734,5865.65283203125,-0.079620361328125,0.0485687255859375,0.0084994910284876,0.5661692503725126,0.09326480066489867,1.5869140625,2.361384910403443,6.018808491027964,0.9141154289245604,1.998077392578125,0.7948608398438637,0
2019-06-11,2019-06-20,9,32.0,70.0,north,monsoon,6,162,2019,normal,27.26519775390625,1002.1943969726562,0.0,2.2469482421875,0.8918914794921875,30.16742515563965,5827.36279296875,-0.749542236328125,-1.2326812744140625,0.0077928183600306,2.4174877071580445,1.4426769175150909,0.0,0.0,1.6535958480445425,9.313225746154783e-06,1.024505615234375,0.18377685546875,0
2019-06-11,2019-06-20,9,32.0,73.0,north,monsoon,6,162,2019,normal,29.03863525390625,998.8668823242188,0.0,1.2821044921875,-1.2145538330078125,26.213903427124023,5824.96630859375,-0.575714111328125,-1.2990875244140625,0.0070289252325892,1.766050096164131,1.4209416364054472,0.0,0.0,1.3000765437990989,9.313225746154783e-06,0.520599365234375,1.6199951171875,0
2019-06-11,2019-06-20,9,32.0,76.0,north,monsoon,6,162,2019,normal,28.37652587890625,999.5093994140624,0.0,-1.9425048828125,1.7756805419921875,20.410551071166992,5830.57470703125,0.564910888671875,-3.2033843994140625,0.0059536574408411,2.6317991197962036,3.252813539468477,0.006781684027777777,0.012687369068650789,9.275157118586845,9.313225746154783e-06,2.8188171386718786,3.4816894531252274,1
2019-06-11,2019-06-20,9,32.0,79.0,north,monsoon,6,162,2019,normal,-3.37152099609375,1021.3968505859376,0.030517578125,1.1336669921875,1.0959930419921875,31.12107276916504,5834.04150390625,1.029754638671875,0.1598968505859375,0.0043200133368372,1.5768327740349457,1.0420948223139512,0.006781684027777777,0.012687369068650789,9.605236908361299,0.030508264899253845,0.9437255859375,2.3206176757813637,0
2019-06-11,2019-06-20,9,32.0,82.0,central,monsoon,6,162,2019,normal,1.05426025390625,1016.9143676757812,0.0,-1.5020751953125,2.1243133544921875,27.75145530700684,5834.75537109375,-0.470245361328125,2.476303100585937,0.0041020987555384,2.6017181093360087,2.520557030860866,0.010172526041666666,0.014386124291718497,6.80704450678967,9.313225746154783e-06,2.680023193359375,2.07568359375,0
2019-06-11,2019-06-20,9,32.0,85.0,east,monsoon,6,162,2019,normal,4.35699462890625,1011.016845703125,0.0,1.9354248046875,2.4446258544921875,25.44371223449707,5840.6953125,1.203582763671875,2.058334350585937,0.0041640875861048,3.1180225693620796,2.38439756915873,0.0033908420138888894,0.009590749527812331,3.5461644979085074,0.2223160117864608,3.75616455078125,0.91845703125,1
2019-06-11,2019-06-20,9,32.0,88.0,northeast,monsoon,6,162,2019,normal,5.53668212890625,1008.8743896484376,0.0,0.5008544921875,0.2737274169921875,20.46075439453125,5843.3212890625,0.121551513671875,-0.9397125244140624,0.0034078238531947,0.5707730907791759,0.9475412386891526,0.006781684027777779,0.012687369068650789,3.308042600111743,9.313225746154783e-06,1.407684326171875,0.07165527343738631,0
2019-06-11,2019-06-20,9,32.0,91.0,northeast,monsoon,6,162,2019,normal,5.71246337890625,1009.6043701171876,0.0,-2.4825439453125,2.1174774169921875,41.03479766845703,5844.44287109375,-1.690948486328125,1.2790374755859375,0.0067938445135951,3.262933504054237,2.1201989640995076,0.010172526041666666,0.014386124291718497,2.948881445157686,9.313225746154783e-06,2.500640869140625,2.4092407226561363,0
2019-06-11,2019-06-20,9,32.0,94.0,northeast,monsoon,6,162,2019,normal,4.08355712890625,1014.8343505859376,0.030517578125,-2.3468017578125,-0.9167022705078124,53.00340270996094,5856.57763671875,-1.554229736328125,0.0466156005859375,0.0082653639838099,2.5194883494920193,1.554928643862663,0.016954210069444444,0.015164306488035682,2.4934331155593403,1.2356098890304563,0.225799560546875,0.7059326171876137,0
2019-06-11,2019-06-21,10,8.0,70.0,south,monsoon,6,162,2019,normal,26.862060546875,1008.3943481445312,7.537841796875,8.910614013671875,1.8126983642578125,85.78522491455078,5855.9072265625,16.32525634765625,-2.6396484375,0.0130752250552177,9.093124735778595,16.537283292315184,6.259494357638889,2.2059818483225206,0.8426378076477253,7.0377197265625,1.74652099609375,0.5311279296875,1
2019-06-11,2019-06-21,10,8.0,73.0,south,monsoon,6,162,2019,normal,27.389404296875,1007.8568725585938,8.148193359375,8.482879638671875,0.6945343017578125,75.94414520263672,5856.54443359375,13.48736572265625,-4.2900390625,0.01223074644804,8.511264586447309,14.153214097669075,9.209526909722223,5.448501767962301,0.7119122524460857,5.467904806137085,0.221527099609375,0.1607666015625,0
2019-06-11,2019-06-21,10,8.0,76.0,south,monsoon,6,162,2019,normal,27.424560546875,1008.0018920898438,10.528564453125,8.887176513671875,1.7316436767578125,77.801513671875,5857.05419921875,14.94830322265625,-4.1630859375,0.0123499557375907,9.054308157358921,15.517185755138897,7.3716905381944455,6.847993288220891,0.9316990841387296,7.167220115661621,0.1956787109375,0.2962036132813637,1
2019-06-11,2019-06-21,10,8.0,79.0,south,monsoon,6,162,2019,normal,27.158935546875,1007.0218505859376,0.18310546875,10.108856201171877,5.0910186767578125,72.96316528320312,5861.92333984375,14.95025634765625,-0.0966796875,0.0123571082949638,11.318455939882789,14.950568946451874,5.0828721788194455,7.6181029602564925,1.0541504086767397,0.1818761229515076,0.661773681640625,0.8306884765626137,0
2019-06-11,2019-06-21,10,8.0,82.0,south,monsoon,6,162,2019,normal,28.949951171875,1006.3943481445312,0.0,4.408660888671875,1.4542999267578125,66.89779663085938,5860.11328125,15.51275634765625,4.0380859375,0.0120638534426689,4.642335523017791,16.02971451836821,0.5764431423611119,0.660265815711032,0.8385474182714905,0.0,0.250457763671875,1.0263671875,0
2019-06-11,2019-06-21,10,8.0,85.0,south,monsoon,6,162,2019,normal,28.750732421875,1007.0193481445312,0.640869140625,8.692840576171875,7.535354614257812,80.10358428955078,5861.7451171875,9.61041259765625,3.3525390625,0.0135415717959404,11.504218636889542,10.178386338844598,1.0172526041666674,0.7780486318348394,0.7766459317009727,0.567171722650528,0.47372436523437145,1.32452392578125,0
2019-06-11,2019-06-21,10,8.0,88.0,south,monsoon,6,162,2019,normal,28.697998046875,1007.1443481445312,1.617431640625,7.429168701171875,6.6779327392578125,77.49584197998047,5864.29443359375,13.70806884765625,5.1142578125,0.0130237266421318,9.989361003613952,14.631021307646334,2.071804470486112,1.8376799607201015,0.7127837888961696,0.2150256633758545,0.156005859375,0.72076416015625,0
2019-06-11,2019-06-21,10,8.0,91.0,south,monsoon,6,162,2019,normal,29.155029296875,1007.4968872070312,1.495361328125,5.512176513671875,6.7248077392578125,75.91764831542969,5866.10400390625,12.48541259765625,4.6923828125,0.0127876922488212,8.69523599724916,13.33806523423689,2.977159288194445,2.0646023683382975,0.7773417922545226,3.1271800994873047,1.421234130859375,0.6369018554688637,0
2019-06-11,2019-06-21,10,8.0,94.0,south,monsoon,6,162,2019,normal,27.375732421875,1008.4868774414062,2.655029296875,7.777801513671875,3.912307739257813,84.8871078491211,5869.95361328125,12.07525634765625,3.4658203125,0.0136006996035575,8.706339542697211,12.562791341901296,3.7231445312500013,2.1129979703508,0.6003214131463213,0.5343594551086426,0.21566772460937145,0.626708984375,0
2019-06-11,2019-06-21,10,11.0,70.0,south,monsoon,6,162,2019,normal,27.446044921875,1006.6593627929688,2.50244140625,9.825653076171877,-0.0378875732421875,86.64197540283203,5852.236328125,16.20025634765625,-4.8056640625,0.0137480422854423,9.825726122861965,16.89800913751027,4.367404513888888,2.70548822530015,1.4153666913365726,1.9639935493469238,0.777862548828125,0.1031494140625,0
2019-06-11,2019-06-21,10,11.0,73.0,south,monsoon,6,162,2019,normal,28.078857421875,1006.19189453125,4.8828125,10.365692138671877,0.3791046142578125,79.92081451416016,5852.337890625,14.04010009765625,-3.9404296875,0.013120524585247,10.372622321393733,14.582571682468712,7.1546766493055545,6.341427593628027,1.254197462489535,0.1308879852294922,1.1495666503906286,0.94403076171875,0
2019-06-11,2019-06-21,10,11.0,76.0,south,monsoon,6,162,2019,normal,23.670654296875,1007.536865234375,23.0712890625,-0.517120361328125,-0.8904266357421875,98.11947631835938,5851.1142578125,11.80181884765625,-2.5400390625,0.0146888419985771,1.0296956160629611,12.072063889489659,6.045871310763888,6.914421588933083,1.2484036226399748,20.207814931869507,2.10272216796875,0.10406494140625,1
2019-06-11,2019-06-21,10,11.0,79.0,south,monsoon,6,162,2019,normal,27.141357421875,1005.0843505859376,0.67138671875,5.061981201171875,1.1007843017578125,65.20748138427734,5855.85595703125,15.63775634765625,1.5615234375,0.0116122886538505,5.180287613638252,15.715526686513728,4.170735677083333,7.402859694707779,1.632202024583225,0.67138671875,2.029449462890625,1.0090332031252274,0
2019-06-11,2019-06-21,10,11.0,82.0,south,monsoon,6,162,2019,normal,28.231201171875,1004.994384765625,0.579833984375,10.004364013671877,5.7072296142578125,86.81584167480469,5856.59521484375,10.96588134765625,3.4599609375,0.0148962661623954,11.517802272478646,11.498777475014514,0.8036295572916661,0.9648360759586085,1.4416467803050677,0.579833984375,1.331695556640625,2.001708984375,0
2019-06-11,2019-06-21,10,11.0,85.0,south,monsoon,6,162,2019,normal,29.483154296875,1005.2619018554688,2.288818359375,7.703582763671875,7.283401489257812,78.10525512695312,5859.654296875,10.90338134765625,5.6943359375,0.0136002227663993,10.601562368371244,12.30077991761182,1.3766818576388884,1.0417227376752454,1.4750206019064072,1.4478769302368164,0.51763916015625,1.0936279296875,0
2019-06-11,2019-06-21,10,11.0,88.0,south,monsoon,6,162,2019,normal,28.555419921875,1005.8543701171876,1.77001953125,7.143035888671875,6.6310577392578125,73.114501953125,5861.46435546875,12.85455322265625,3.0888671875,0.0126904174685478,9.746480823775592,13.22046289114403,2.516004774305555,1.7313693778186532,1.241343904635539,1.7159618437290192,0.702301025390625,1.0487670898438637,0
2019-06-11,2019-06-21,10,11.0,91.0,south,monsoon,6,162,2019,normal,28.137451171875,1006.7093505859376,7.080078125,6.667449951171875,5.2033233642578125,72.91910552978516,5863.1982421875,13.41314697265625,3.4248046875,0.0126408264040946,8.457509260084382,13.843474956007235,3.268771701388888,1.9501793394613358,1.1103721375496638,6.4013190269470215,0.753204345703125,0.7506103515626137,0
2019-06-11,2019-06-21,10,11.0,94.0,south,monsoon,6,162,2019,normal,27.317138671875,1007.6493530273438,6.40869140625,7.585418701171875,3.5480499267578125,81.91670227050781,5863.35107421875,11.54986572265625,3.2880859375,0.01337181776762,8.374200568105241,12.008784590614281,3.977457682291666,1.9632184633665024,0.9435339212970169,5.931433290243149,0.39447021484375,0.36199951171875,0
2019-06-11,2019-06-21,10,14.0,70.0,south,monsoon,6,162,2019,normal,27.531982421875,1004.7693481445312,0.885009765625,10.317840576171877,1.3371124267578125,83.92183685302734,5844.2314453125,14.12213134765625,-3.2314453125,0.0138558074831962,10.404119558957834,14.487126444127336,2.410888671875,1.4752617993394614,1.4630860938088162,2.9846038818359375,0.427001953125,1.25091552734375,0
2019-06-11,2019-06-21,10,14.0,73.0,south,monsoon,6,162,2019,normal,27.207763671875,1004.8043823242188,4.425048828125,7.984832763671875,1.6125030517578125,93.37213897705078,5846.93359375,10.88775634765625,-1.7021484375,0.0147799178957939,8.146024819243806,11.020006696423222,4.791259765625,6.627898393956199,1.5106736495425952,1.411095142364502,0.137908935546875,1.00445556640625,0
2019-06-11,2019-06-21,10,14.0,76.0,south,monsoon,6,162,2019,normal,21.621826171875,1006.62939453125,2.410888671875,3.009246826171875,0.8400421142578125,91.87096405029295,5850.42626953125,12.97564697265625,0.7275390625,0.0147169753909111,3.124297875451737,12.996027371718894,4.384358723958333,6.841354645735829,1.479023559476887,2.268962562084198,1.677001953125,1.00433349609375,0
2019-06-11,2019-06-21,10,14.0,79.0,south,monsoon,6,162,2019,normal,24.901123046875,1004.5868530273438,0.091552734375,3.227020263671875,0.9162139892578124,72.08422088623047,5849.96728515625,12.18072509765625,-3.1865234375,0.0128449127078056,3.3545652261150942,12.59063125988565,3.0754937065972228,7.103246698054239,1.878869743752137,0.091552734375,2.531219482421875,0.8065795898438637,0
2019-06-11,2019-06-21,10,14.0,82.0,south,monsoon,6,162,2019,normal,30.188232421875,1002.4868774414062,0.0,6.555145263671875,4.6066436767578125,76.22974395751953,5850.47705078125,10.69635009765625,0.9892578125,0.0133455917239189,8.011934559920753,10.741998716776276,1.3020833333333333,1.571120219421572,1.3540052074490776,1.9155107736587524,0.235107421875,1.73388671875,0
2019-06-11,2019-06-21,10,14.0,85.0,south,monsoon,6,162,2019,normal,29.141357421875,1003.50439453125,2.777099609375,6.170379638671875,7.958206176757812,82.32908630371094,5853.0517578125,11.34674072265625,5.2197265625,0.0144227668642997,10.070085920046692,12.489758621144516,1.8717447916666667,1.4162114618154533,1.4402248723894404,0.8773822784423833,0.976654052734375,0.32879638671875,0
2019-06-11,2019-06-21,10,14.0,88.0,south,monsoon,6,162,2019,normal,28.723388671875,1004.5868530273438,2.716064453125,7.978973388671875,6.4484405517578125,77.04183959960938,5857.4111328125,11.81939697265625,6.7099609375,0.0132154151797294,10.258966901530025,13.591236903976458,3.0653211805555554,1.6844739355698803,1.401533073025801,6.475627899169922,1.09686279296875,0.9434204101561363,0
2019-06-11,2019-06-21,10,14.0,91.0,south,monsoon,6,162,2019,normal,28.381591796875,1005.8568725585938,2.25830078125,6.367645263671875,5.4093780517578125,79.01058197021484,5860.7763671875,9.07525634765625,4.2900390625,0.0137056037783622,8.355134775142888,10.03816282660582,3.3162434895833335,1.912110213185482,1.3689585985957318,0.5267765522003174,0.54052734375,0.88177490234375,0
2019-06-11,2019-06-21,10,14.0,94.0,south,monsoon,6,162,2019,normal,28.674560546875,1006.1593627929688,3.41796875,6.413543701171875,4.2570343017578125,77.35567474365234,5868.72998046875,8.39556884765625,1.7158203125,0.0131744071841239,7.697784347017268,8.569108216175339,4.011366102430556,1.9082157377491424,1.0626934769755152,2.6560351252555847,0.36004638671875,0.3392333984375,0
2019-06-11,2019-06-21,10,17.0,70.0,west,monsoon,6,162,2019,normal,27.946044921875,1002.701904296875,1.068115234375,6.349090576171875,1.2335968017578125,78.3740234375,5843.9765625,7.62799072265625,-0.6279296875,0.0137542411684989,6.467821288018216,7.653792403597949,1.3326009114583333,1.4744900170217499,1.2830002091206143,0.4875641465187073,0.108673095703125,1.58935546875,0
2019-06-11,2019-06-21,10,17.0,73.0,west,monsoon,6,162,2019,normal,27.340576171875,1003.5243530273438,3.47900390625,2.326629638671875,4.0324249267578125,91.11349487304688,5846.37255859375,5.76666259765625,0.4736328125,0.0149196311831474,4.655497424065893,5.786080327500145,1.685248480902778,1.4740532743512789,1.417665130800623,2.1475367546081543,0.888458251953125,1.626220703125,0
2019-06-11,2019-06-21,10,17.0,76.0,central,monsoon,6,162,2019,normal,24.768310546875,1004.454345703125,0.396728515625,3.807098388671875,1.4689483642578125,80.86102294921875,5847.49462890625,6.38385009765625,-2.8408203125,0.0137780830264091,4.080662622403828,6.98740310253089,2.516004774305556,2.856437745083772,1.3293738104736073,0.396728515625,2.0167236328125,1.38140869140625,0
2019-06-11,2019-06-21,10,17.0,79.0,central,monsoon,6,162,2019,normal,27.459716796875,1002.451904296875,0.030517578125,3.887176513671875,0.6457061767578125,81.69994354248047,5847.6982421875,7.91510009765625,-2.2861328125,0.015190951526165,3.940441309694312,8.238641440935947,1.6716851128472223,2.862360763166013,1.5363803318607259,2.309633493423462,0.650634765625,2.0087890625,0
2019-06-11,2019-06-21,10,17.0,82.0,central,monsoon,6,162,2019,normal,27.059326171875,1001.4593505859376,0.42724609375,0.946746826171875,0.0412139892578125,82.0167465209961,5848.51416015625,6.97564697265625,2.4287109375,0.0153058692812919,0.9476434697590975,7.386358203137757,1.9700792100694446,3.0508459165166335,1.062929758446238,4.411818504333496,0.381561279296875,1.1164550781247726,0
2019-06-11,2019-06-21,10,17.0,85.0,east,monsoon,6,162,2019,normal,27.918701171875,1002.3869018554688,4.852294921875,7.486785888671875,5.3830108642578125,86.11428833007812,5847.34130859375,10.67681884765625,5.1650390625,0.0146883651614189,9.221104538369248,11.86052651541316,2.7058919270833335,3.6117768234420216,1.1786851982345974,4.224637508392334,0.6695251464843714,0.568359375,0
2019-06-11,2019-06-21,10,17.0,88.0,east,monsoon,6,162,2019,normal,29.614013671875,1002.766845703125,1.434326171875,7.177215576171875,6.1105499267578125,75.52984619140625,5857.3603515625,10.03814697265625,5.4833984375,0.0134557411074638,9.426093773894046,11.438183993494128,3.4315321180555554,3.2195719049416183,1.5939672902089832,3.501542091369629,1.77850341796875,0.639404296875,0
2019-06-11,2019-06-21,10,17.0,91.0,east,monsoon,6,162,2019,normal,28.438232421875,1004.1643676757812,2.410888671875,5.395965576171875,6.3830108642578125,82.86811828613281,5865.416015625,9.50689697265625,3.7509765625,0.0145729705691337,8.35818593909379,10.220123053130274,3.5163031684027772,3.017479806049922,1.6525928303096262,5.585325717926025,0.513946533203125,0.74884033203125,0
2019-06-11,2019-06-21,10,17.0,94.0,east,monsoon,6,162,2019,normal,28.131591796875,1005.3318481445312,2.349853515625,3.958465576171875,4.8996124267578125,90.72640228271484,5871.61083984375,5.69439697265625,3.0107421875,0.0150521919131279,6.298861139140735,6.441329474711641,2.685546875,0.4422417219906415,1.0536343674972122,0.793628454208374,0.577178955078125,0.680908203125,0
2019-06-11,2019-06-21,10,20.0,70.0,west,monsoon,6,162,2019,normal,29.035888671875,1001.3718872070312,0.030517578125,1.701629638671875,0.7443389892578125,68.72232055664062,5850.32421875,7.37408447265625,2.5087890625,0.012139193713665,1.8573055640189953,7.789168400412821,0.7832845052083334,1.0773276607156352,0.9317414389901527,0.1640208065509796,1.831024169921875,2.67645263671875,0
2019-06-11,2019-06-21,10,20.0,73.0,west,monsoon,6,162,2019,normal,26.233154296875,1003.0119018554688,0.1220703125,-0.485870361328125,3.0431671142578125,84.87335968017578,5850.783203125,4.62408447265625,3.6298828125,0.0148833915591239,3.0817099301065545,5.878622835557962,1.007080078125,1.130936044082625,1.1338259303253673,0.1187417656183242,1.918609619140625,2.17608642578125,0
2019-06-11,2019-06-21,10,20.0,76.0,central,monsoon,6,162,2019,normal,24.147216796875,1003.869384765625,2.349853515625,2.341278076171875,0.1730499267578125,88.93638610839844,5852.337890625,3.36236572265625,-5.4658203125,0.0161827728152275,2.347664649628213,6.417218629704872,1.9259982638888886,2.8542028699663526,1.195382531263456,2.349853515625,4.470611572265625,1.37860107421875,1
2019-06-11,2019-06-21,10,20.0,79.0,central,monsoon,6,162,2019,normal,26.311279296875,1001.94189453125,9.33837890625,1.513153076171875,-0.9050750732421876,90.78629302978516,5849.96728515625,5.22564697265625,-1.3974609375,0.0174039527773857,1.763176996257823,5.409277526127663,1.4343261718749998,2.880711381059926,1.3121417606784833,9.161492809653282,3.4827880859375,1.39569091796875,1
2019-06-11,2019-06-21,10,20.0,82.0,central,monsoon,6,162,2019,normal,24.619873046875,1002.7293701171876,0.0,3.187957763671875,2.9621124267578125,84.3900146484375,5847.85107421875,6.56744384765625,-1.1669921875,0.0161384269595146,4.351687572851346,6.670321540810755,1.970079210069444,3.060091672241137,0.8422829362591222,1.362152338027954,0.363037109375,1.5334472656247726,0
2019-06-11,2019-06-21,10,20.0,85.0,east,monsoon,6,162,2019,normal,26.563232421875,1000.6693725585938,0.213623046875,-0.040557861328125,0.7072296142578125,85.22718048095703,5846.06689453125,4.79205322265625,-0.4775390625,0.0164126083254814,0.7083916059629488,4.815788372113493,2.7974446614583326,3.6194185023444665,0.9453706849039415,13.16751766204834,1.291046142578125,1.66046142578125,1
2019-06-11,2019-06-21,10,20.0,88.0,east,monsoon,6,162,2019,normal,29.035888671875,1000.859375,11.932373046875,6.302215576171875,5.7775421142578125,87.78436279296875,5858.25244140625,7.87408447265625,4.7666015625,0.0161288902163505,8.549731811616434,9.204438969223148,3.523084852430555,3.2074963813756856,1.1962804793517043,3.7327680587768555,0.9654846191406286,0.08343505859375,0
2019-06-11,2019-06-21,10,20.0,91.0,east,monsoon,6,162,2019,normal,28.285888671875,1002.6118774414062,2.288818359375,3.720184326171875,7.0617218017578125,81.45673370361328,5865.6962890625,6.08892822265625,6.7626953125,0.0146325752139091,7.981709480187593,9.099950263071182,3.3365885416666656,3.1092005925170976,1.7841806780069063,0.7188467979431152,0.1119384765625,0.55938720703125,0
2019-06-11,2019-06-21,10,20.0,94.0,east,monsoon,6,162,2019,normal,25.024169921875,1005.1168823242188,2.838134765625,-0.914581298828125,1.8625030517578125,96.54910278320312,5875.53662109375,4.49517822265625,3.4091796875,0.0158942863345146,2.074940136479437,5.641731418200055,2.1633572048611103,0.6205148238768387,1.214546344346327,2.7801264077425003,0.177734375,0.6964111328125,0
2019-06-11,2019-06-21,10,23.0,70.0,west,monsoon,6,162,2019,normal,27.658935546875,1000.8768920898438,0.0,2.092254638671875,2.1535186767578125,68.1517105102539,5850.91064453125,-4.62396240234375,3.0029296875,0.0136521980166435,3.0025276292132097,5.513493901906252,0.15936957465277776,0.3878328824444639,0.9090064161000896,0.0,1.40460205078125,2.4981689453125,0
2019-06-11,2019-06-21,10,23.0,73.0,west,monsoon,6,162,2019,normal,28.485107421875,1001.58935546875,1.251220703125,1.098114013671875,2.8917999267578125,74.24345397949219,5855.83056640625,-0.74700927734375,-0.1982421875,0.0144485160708427,3.09327677446087,0.7728666284310747,0.457763671875,0.7711016299742522,1.4669277845698723,1.251220703125,2.104217529296875,2.310546875,0
2019-06-11,2019-06-21,10,23.0,76.0,central,monsoon,6,162,2019,normal,27.022216796875,1002.8643798828124,0.3662109375,4.085418701171875,-0.2683563232421875,67.99580383300781,5859.04248046875,2.52838134765625,-7.0048828125,0.014195792376995,4.094222890868175,7.447220653105019,1.4919704861111114,2.875334060178778,1.9844615357267945,0.3662109375,1.72137451171875,2.0012207031252274,0
2019-06-11,2019-06-21,10,23.0,79.0,central,monsoon,6,162,2019,normal,31.342529296875,1000.3018798828124,0.0,3.324676513671875,2.0011749267578125,66.37133026123047,5856.4423828125,7.66510009765625,-2.2783203125,0.01479422301054,3.8804864396162384,7.996530682329678,1.3393825954861114,2.919583892698005,2.1854426089415306,0.0,1.23590087890625,2.94873046875,0
2019-06-11,2019-06-21,10,23.0,82.0,central,monsoon,6,162,2019,normal,27.821044921875,1000.556884765625,0.0,0.466278076171875,1.6671905517578125,64.91222381591797,5850.1455078125,5.99517822265625,-2.2431640625,0.0147875472903251,1.7311671150380208,6.401089511380329,1.3868543836805556,2.947193792004074,1.7252089974400338,0.0,0.121734619140625,2.66668701171875,0
2019-06-11,2019-06-21,10,23.0,85.0,east,monsoon,6,162,2019,normal,24.760498046875,1001.56689453125,2.86865234375,-0.037628173828125,1.2970733642578125,94.04644012451172,5846.474609375,5.58502197265625,-2.1904296875,0.0175641700625419,1.2976190472294709,5.9992043348209485,2.4651421440972223,3.6707677642246215,1.2971913486158035,1.071333885192871,0.220703125,1.964111328125,0
2019-06-11,2019-06-21,10,23.0,88.0,east,monsoon,6,162,2019,normal,26.405029296875,1000.02685546875,3.448486328125,-1.104034423828125,0.7873077392578125,85.8827133178711,5853.740234375,-0.39739990234375,2.3134765625,0.015597216784954,1.3560034975223139,2.3473603233461278,3.0754937065972228,3.367637070812802,0.9280375607640745,0.6464459896087642,2.3182067871093714,1.4617919921876137,0
2019-06-11,2019-06-21,10,23.0,91.0,east,monsoon,6,162,2019,normal,26.981201171875,1001.661865234375,2.25830078125,-1.317901611328125,3.647659301757813,83.84215545654297,5866.6396484375,2.96783447265625,7.4287109375,0.0151108428835868,3.8784382216095135,7.999611718703536,3.3501519097222228,3.1626832627855923,1.5880784460896689,1.5466976761817932,1.116943359375,0.69354248046875,0
2019-06-11,2019-06-21,10,23.0,94.0,east,monsoon,6,162,2019,normal,24.783935546875,1004.3993530273438,1.068115234375,-0.433135986328125,-0.8054656982421875,94.43863677978516,5876.09765625,0.82720947265625,0.0361328125,0.0174764320254325,0.9145391045205297,0.8279982438335188,1.8581814236111116,0.6984969942690339,1.2404575106811888,0.9221769571304319,0.64361572265625,2.1442260742186363,0
2019-06-11,2019-06-21,10,26.0,70.0,west,monsoon,6,162,2019,normal,29.733154296875,1000.056884765625,0.0,3.458465576171875,2.6642608642578125,44.88248443603516,5838.34228515625,-0.80560302734375,4.1142578125,0.0104879066348075,4.365692395758277,4.1923875757595095,0.13902452256944445,0.3932207306403056,1.3566778421720307,0.0,1.104217529296875,1.9715576171873863,0
2019-06-11,2019-06-21,10,26.0,73.0,west,monsoon,6,162,2019,normal,31.647216796875,1000.0193481445312,0.0,1.772918701171875,0.8126983642578125,50.01609802246094,5847.2138671875,5.00689697265625,-0.1455078125,0.0116590186953544,1.9503126293577377,5.009010862265409,0.17971462673611108,0.3956692747888136,1.6681561806872431,0.1366138458251953,2.5189514160156286,3.3587036132811363,0
2019-06-11,2019-06-21,10,26.0,76.0,central,monsoon,6,162,2019,normal,32.239013671875,999.2743530273438,0.0,3.651824951171875,-0.1267547607421875,46.31988906860352,5855.4482421875,1.29400634765625,-4.6474609375,0.0116852447390556,3.654024116419085,4.824245598366966,0.17971462673611108,0.3956692747888136,1.7780013341355831,0.0,2.380218505859375,3.97174072265625,1
2019-06-11,2019-06-21,10,26.0,79.0,central,monsoon,6,162,2019,normal,33.117919921875,997.2368774414062,0.0,-0.690948486328125,-1.5593719482421875,41.21343231201172,5856.79931640625,0.53228759765625,-4.6552734375,0.0113400146365165,1.705593938698119,4.685605709458675,0.044080946180555546,0.11428697066482697,4.0686731405506995,0.0,4.531524658203125,4.991027832031364,1
2019-06-11,2019-06-21,10,26.0,82.0,central,monsoon,6,162,2019,normal,31.737060546875,997.8018798828124,0.0,-4.130401611328125,0.1564483642578125,67.10455322265625,5853.20458984375,0.26861572265625,0.3564453125,0.0159743949770927,4.133363468356118,0.44632686146070355,0.3289116753472222,0.8981571794240074,6.8035805340520215,0.0344105064868927,0.83331298828125,3.94921875,0
2019-06-11,2019-06-21,10,26.0,85.0,east,monsoon,6,162,2019,normal,29.719482421875,999.4143676757812,0.06103515625,-4.111846923828125,-0.0105438232421875,85.17568969726562,5850.833984375,-2.74896240234375,0.0810546875,0.0164660140872001,4.111860442330622,2.7501571140328043,1.1189778645833333,1.5729633307534927,6.825836098309404,7.087415218353272,0.28604125976562855,1.97381591796875,1
2019-06-11,2019-06-21,10,26.0,88.0,northeast,monsoon,6,162,2019,normal,25.871826171875,1000.9393920898438,3.662109375,-2.344268798828125,0.2472686767578125,93.88175201416016,5858.07373046875,-5.11810302734375,1.4716796875,0.0168751403689384,2.3572734248840588,5.325487743024611,1.4784071180555554,1.485614531729437,6.790104411533344,10.03371238708496,1.93963623046875,0.9991455078125,1
2019-06-11,2019-06-21,10,26.0,91.0,northeast,monsoon,6,162,2019,normal,25.549560546875,1001.921875,0.946044921875,-0.657745361328125,0.9621124267578124,97.25593566894533,5866.28271484375,0.93072509765625,8.4990234375,0.0175179168581962,1.165456683909991,8.549833249752977,1.4716254340277777,1.3283447770815657,5.722733928036053,0.22005289793014526,3.097869873046875,1.43072509765625,0
2019-06-11,2019-06-21,10,26.0,94.0,northeast,monsoon,6,162,2019,normal,24.750732421875,1003.0843505859376,1.708984375,-0.554229736328125,0.8820343017578125,84.47782135009766,5866.28271484375,4.99517822265625,5.3876953125,0.0155495330691337,1.041707785373487,7.347044729442834,1.000298394097222,0.7552068230429952,5.657820690361972,2.0771119594573975,1.40362548828125,1.4183959960936363,0
2019-06-11,2019-06-21,10,29.0,70.0,north,monsoon,6,162,2019,normal,34.442138671875,997.7893676757812,0.0,3.489715576171875,1.6886749267578125,40.60830307006836,5835.716796875,6.50103759765625,2.5048828125,0.0104817077517509,3.876820580170961,6.966916660223378,0.0,0.0,1.1992750536137895,0.12289360165596,6.9117736816406286,4.1341552734375,1
2019-06-11,2019-06-21,10,29.0,73.0,north,monsoon,6,162,2019,normal,33.153076171875,998.0968627929688,0.0,3.073699951171875,0.4660186767578125,36.9907455444336,5836.17578125,2.93072509765625,0.2607421875,0.0097454711794853,3.108826916526729,2.9423011549422537,0.0,0.0,1.0518778368985442,0.0,4.55560302734375,4.73687744140625,1
2019-06-11,2019-06-21,10,29.0,76.0,north,monsoon,6,162,2019,normal,31.391357421875,997.8093872070312,0.0,2.133270263671875,-0.3015594482421875,35.09052276611328,5838.77587890625,4.99713134765625,-4.2392578125,0.009524218738079,2.154479082908628,6.553062528815901,0.13563368055555555,0.38362998111249325,7.186072550536226,0.0,2.21685791015625,4.271545410156364,1
2019-06-11,2019-06-21,10,29.0,79.0,north,monsoon,6,162,2019,normal,31.739013671875,998.1369018554688,0.0,-4.990753173828125,1.0861358642578125,39.30526351928711,5842.42138671875,3.12603759765625,-4.9365234375,0.0102175399661064,5.107573627242447,5.843062100555434,0.13902452256944445,0.38254950022163775,8.741744450684545,0.0,3.0028076171875,4.09552001953125,1
2019-06-11,2019-06-21,10,29.0,82.0,central,monsoon,6,162,2019,normal,9.071044921875,1011.0418701171876,0.030517578125,-0.129425048828125,-1.2224578857421875,58.56117248535156,5848.48876953125,-0.34271240234375,-0.5458984375,0.0098851844668388,1.2292900901241421,0.6445594579130507,0.14580620659722224,0.38056065122065424,9.08744044139234,0.007921829819679198,2.5928955078125,1.3394775390623863,0
2019-06-11,2019-06-21,10,29.0,85.0,east,monsoon,6,162,2019,normal,-0.509033203125,1018.5093994140624,0.0,1.050262451171875,-0.0759735107421875,36.9849853515625,5851.5224609375,0.35260009765625,-0.0478515625,0.005613200366497,1.0530067381911896,0.35583226512064425,0.4170735677083333,1.147468152034796,6.906739237932926,0.0162273645401,2.48388671875,2.9830932617188637,0
2019-06-11,2019-06-21,10,29.0,88.0,northeast,monsoon,6,162,2019,normal,6.678466796875,1011.7693481445312,0.0,0.269989013671875,1.3937530517578125,43.89670944213867,5851.77734375,-0.33685302734375,1.4384765625,0.0070985481142997,1.4196625080587737,1.4773912084794825,0.5255805121527778,1.1463654050215644,6.056266092132039,0.0,1.4727783203125,2.78173828125,0
2019-06-11,2019-06-21,10,29.0,91.0,northeast,monsoon,6,162,2019,normal,5.254638671875,1014.1968994140624,0.06103515625,0.248504638671875,1.0998077392578125,53.19588088989258,5853.38330078125,-0.23919677734375,1.0927734375,0.0085376426577568,1.127533422463751,1.1186460047741653,0.7222493489583334,1.1806267205773235,5.460975463613973,0.0593680888414383,1.22900390625,0.2942504882813637,0
2019-06-11,2019-06-21,10,29.0,94.0,northeast,monsoon,6,162,2019,normal,5.739013671875,1015.3018798828124,0.091552734375,0.104949951171875,0.6798858642578125,55.665977478027344,5857.28369140625,-0.13177490234375,0.2041015625,0.0088499709963798,0.6879384279632673,0.2429445877204229,0.518798828125,0.6941211795748687,5.633811386745742,0.3341417908668518,1.432647705078125,1.5105590820313637,0
2019-06-11,2019-06-21,10,32.0,70.0,north,monsoon,6,162,2019,normal,27.893310546875,1000.3618774414062,0.0,2.896942138671875,0.6574249267578125,27.791492462158203,5829.1396484375,3.82720947265625,2.2783203125,0.0076974555850028,2.970602849445764,4.454017938214869,0.0,0.0,1.3218321105865476,6.022280216217041,3.9176025390625,4.409240722656136,1
2019-06-11,2019-06-21,10,32.0,73.0,north,monsoon,6,162,2019,normal,28.717529296875,997.474365234375,0.0,1.706512451171875,-1.2634735107421875,22.35546112060547,5827.5078125,1.70220947265625,-2.5029296875,0.0064862892031669,2.123334655289135,3.0269083417522764,0.0,0.0,1.0726057770970383,1.6395617723464966,5.22265625,6.04913330078125,1
2019-06-11,2019-06-21,10,32.0,76.0,north,monsoon,6,162,2019,normal,27.268310546875,998.81689453125,0.0,-1.651885986328125,1.5607452392578125,21.133394241333008,5828.400390625,0.93267822265625,-0.2373046875,0.0062245056033134,2.2725872950655095,0.9623939846688019,0.2712673611111111,0.5074947627460316,9.564722500071671,0.0,2.234710693359375,5.741333007812386,1
2019-06-11,2019-06-21,10,32.0,79.0,north,monsoon,6,162,2019,normal,-2.542236328125,1021.0693969726562,1.220703125,-0.345245361328125,0.2628936767578125,37.95215225219727,5830.1845703125,0.30963134765625,-0.1201171875,0.0052307769656181,0.4339440572214681,0.3321140017890479,0.274658203125,0.5057699745546896,9.659883185844526,1.2194737792015076,2.70819091796875,2.151611328125,0
2019-06-11,2019-06-21,10,32.0,82.0,central,monsoon,6,162,2019,normal,1.026123046875,1015.869384765625,0.0,-0.149932861328125,2.2951202392578125,31.044328689575195,5834.4931640625,0.58892822265625,2.4833984375,0.0046576187014579,2.300012342479248,2.5522743290678003,0.274658203125,0.5057699745546896,6.907493581360826,0.0,0.20733642578125,1.31829833984375,0
2019-06-11,2019-06-21,10,32.0,85.0,east,monsoon,6,162,2019,normal,5.110107421875,1009.2168579101562,0.0,3.115692138671875,2.1125030517578125,24.357990264892575,5835.79296875,2.03619384765625,2.1416015625,0.0040625259280204,3.7643334930194206,2.955087585459288,0.0033908420138888764,0.009590749527812978,4.248309655433886,0.0,3.571868896484375,2.2557373046875,1
2019-06-11,2019-06-21,10,32.0,88.0,northeast,monsoon,6,162,2019,normal,6.947998046875,1005.8244018554688,0.0,5.174285888671875,-0.1394500732421875,13.345662117004396,5833.5498046875,2.77056884765625,-0.1025390625,0.0023378059267997,5.176164678662778,2.772465689407474,0.006781684027777765,0.01918149905562499,3.8284060685975057,0.0,3.750823974609375,7.2586669921875,1
2019-06-11,2019-06-21,10,32.0,91.0,northeast,monsoon,6,162,2019,normal,6.053466796875,1008.7493896484376,0.0,-4.284698486328125,2.2853546142578125,50.292945861816406,5837.24609375,-3.27044677734375,1.5830078125,0.0082544013857841,4.856077309068709,3.6334193066413563,0.02373589409722221,0.031445375215304106,3.7196407271281515,2.1619348526000977,2.604766845703125,7.508178710937386,1
2019-06-11,2019-06-21,10,32.0,94.0,northeast,monsoon,6,162,2019,normal,3.778076171875,1014.9818725585938,0.030517578125,-1.925323486328125,-0.4529266357421875,54.15737533569336,5844.99609375,-1.30755615234375,0.4111328125,0.0083254501223564,1.9778809530331753,1.3706689173706947,0.04069010416666666,0.032168351849043764,2.600018795612926,3.7040562629699703,0.952301025390625,1.229248046875,0
2019-06-21,2019-06-22,1,8.0,70.0,south,monsoon,6,172,2019,normal,26.651275634765625,1008.5712280273438,1.9073486328125,10.382492065429688,-1.340728759765625,85.49473571777344,5851.00390625,15.837249755859377,-1.9383544921875,0.0130086047574877,10.468700735811158,15.955428479575575,2.961900499131944,0.987821012684473,0.6414417142296988,0.7933080196380615,1.786590576171875,0.882080078125,0
2019-06-21,2019-06-22,1,8.0,73.0,south,monsoon,6,172,2019,normal,27.092681884765625,1008.3037719726562,3.936767578125,8.175460815429688,-0.754791259765625,74.71928405761719,5851.53955078125,15.850921630859377,-5.6180419921875,0.0117616755887866,8.210229557719128,16.817077997488976,3.5163031684027772,1.2638081457778993,0.5697325689573275,3.3921021819114685,0.41278076171874645,0.25445556640625,0
2019-06-21,2019-06-22,1,8.0,76.0,south,monsoon,6,172,2019,normal,26.996978759765625,1007.7337646484376,2.96783447265625,8.808273315429688,-3.314361572265625,78.45939636230469,5852.94140625,15.280609130859377,-8.2020263671875,0.0123152835294604,9.411199255728345,17.342729079880765,2.717759874131944,2.1221263793979177,1.2151618469959988,0.008817672729492188,0.16241455078125355,0.026794433593636313,0
2019-06-21,2019-06-22,1,8.0,79.0,south,monsoon,6,172,2019,normal,27.620025634765625,1005.8462524414062,0.0,11.953781127929688,3.073333740234375,66.39078521728516,5851.412109375,16.470062255859375,-4.1453857421875,0.0118379695340991,12.34253877989901,16.983732618697665,1.3927883572048607,2.087903570211189,1.4408512346846045,0.0006146728992462,0.212310791015625,0.78265380859375,0
2019-06-21,2019-06-22,1,8.0,82.0,south,monsoon,6,172,2019,normal,28.870025634765625,1005.061279296875,0.0,10.030929565429688,2.174896240234375,63.23106384277344,5851.59033203125,15.944671630859377,-1.8328857421875,0.0116481883451342,10.264001247193857,16.04967362782951,0.23057725694444406,0.28105406761878104,0.7939693809746174,0.0,0.023712158203125,0.72784423828125,0
2019-06-21,2019-06-22,1,8.0,85.0,south,monsoon,6,172,2019,normal,28.770416259765625,1005.5712280273438,0.457763671875,7.074874877929688,3.811614990234375,77.78657531738281,5851.51416015625,16.024749755859375,1.8995361328125,0.0129366023465991,8.036309064000713,16.136940300372167,0.5789862738715273,0.40827272709481105,0.857247670060556,1.045696496963501,0.064208984375,0.5267944335938637,0
2019-06-21,2019-06-22,1,8.0,88.0,south,monsoon,6,172,2019,normal,28.487213134765625,1006.166259765625,0.95367431640625,7.454757690429687,6.048919677734375,80.2772445678711,5854.5732421875,11.116546630859377,-0.1766357421875,0.0135369403287768,9.600147993166704,11.117949864138131,1.908196343315972,2.1125922019773475,0.6482851301125621,0.5050543546676636,0.001190185546875,0.65826416015625,0
2019-06-21,2019-06-22,1,8.0,91.0,south,monsoon,6,172,2019,normal,28.106353759765625,1006.55126953125,5.83648681640625,5.678390502929688,5.928802490234375,79.51559448242188,5858.90673828125,10.192718505859377,3.3839111328125,0.0133452517911791,8.209434674322672,10.73975628654862,2.361721462673611,1.9629519694156743,0.7145761407654786,0.37758970260620117,0.15875244140625355,0.787109375,0
2019-06-21,2019-06-22,1,8.0,94.0,south,monsoon,6,172,2019,normal,26.684478759765625,1007.7012329101562,2.47955322265625,7.630538940429687,4.488372802734375,93.4782485961914,5854.98095703125,10.741546630859377,3.1729736328125,0.0144648654386401,8.852717940708347,11.200383283506408,2.6575724283854165,1.8555277262901777,0.7044094780753876,5.377779006958008,0.28082275390625,0.62744140625,1
2019-06-21,2019-06-22,1,11.0,70.0,south,monsoon,6,172,2019,normal,27.711822509765625,1007.208740234375,3.3721923828125,9.778976440429688,-1.514556884765625,78.65554809570312,5847.61328125,17.550140380859375,-3.4305419921875,0.0123844249173998,9.895567835130526,17.882283012748474,4.733615451388889,2.404460871969263,0.9894917654872598,0.8856558799743652,1.087127685546875,0.415283203125,0
2019-06-21,2019-06-22,1,11.0,73.0,south,monsoon,6,172,2019,normal,27.381744384765625,1007.0137329101562,4.4097900390625,9.469406127929688,-2.079010009765625,80.53013610839844,5844.8603515625,15.212249755859377,-5.4188232421875,0.0127163035795092,9.694943787169578,16.148566127205076,4.253811306423612,2.425038549088265,0.8630835176019828,7.281316757202148,0.951416015625,0.0777587890625,1
2019-06-21,2019-06-22,1,11.0,76.0,south,monsoon,6,172,2019,normal,24.278228759765625,1007.2737426757812,6.2408447265625,2.0514373779296875,-1.440338134765625,93.44418334960938,5845.8544921875,12.182952880859377,-6.3817138671875,0.0141635043546557,2.506585178689755,13.753203727855304,2.7330186631944446,2.642803808225105,1.2600864040806516,3.1409854888916016,0.4593505859375,0.54266357421875,0
2019-06-21,2019-06-22,1,11.0,79.0,south,monsoon,6,172,2019,normal,27.362213134765625,1004.53125,0.0,5.172531127929688,0.165130615234375,68.7087631225586,5847.537109375,6.848968505859375,-2.8660888671875,0.0128159625455737,5.175166315152515,7.4244754015936865,1.128302680121528,2.017572012826592,1.7159303313444938,0.0,1.913421630859375,0.2318115234376137,0
2019-06-21,2019-06-22,1,11.0,82.0,south,monsoon,6,172,2019,normal,30.106353759765625,1003.2837524414062,0.35858154296875,6.795578002929688,4.480560302734375,73.32870483398438,5848.93896484375,10.292327880859377,0.1085205078125,0.0131549937650561,8.13973593062705,10.292899975601198,0.2712673611111113,0.2702933946482594,1.0416607697265325,0.35858154296875,0.484954833984375,0.9996337890625,0
2019-06-21,2019-06-22,1,11.0,85.0,south,monsoon,6,172,2019,normal,28.805572509765625,1004.353759765625,0.80108642578125,4.878585815429688,5.639739990234375,73.27308654785156,5853.349609375,8.095062255859375,2.0870361328125,0.0128698451444506,7.457028008259093,8.35976989790413,0.834147135416667,0.8022763734183919,1.1388277641113806,0.4981663227081299,0.0675048828125,1.10467529296875,0
2019-06-21,2019-06-22,1,11.0,88.0,south,monsoon,6,172,2019,normal,29.184478759765625,1005.416259765625,1.22833251953125,3.766281127929688,4.498138427734375,76.45643615722656,5854.75146484375,8.483734130859375,3.3878173828125,0.0128498179838061,5.866696076128369,9.135154701612601,1.547071668836806,1.6734028644783114,0.9209599515473903,1.2029185891151428,0.084320068359375,0.69580078125,0
2019-06-21,2019-06-22,1,11.0,91.0,south,monsoon,6,172,2019,normal,27.764556884765625,1006.01123046875,0.64849853515625,3.888351440429688,6.049896240234375,74.12127685546875,5859.2890625,5.751312255859375,3.9659423828125,0.0125875575467944,7.191698091681383,6.986149987524369,1.7479790581597225,1.6703068001294834,0.7889711228541153,0.1555066704750061,0.5838623046875,0.49041748046875,0
2019-06-21,2019-06-22,1,11.0,94.0,south,monsoon,6,172,2019,normal,28.407135009765625,1006.23876953125,0.8392333984375,4.013351440429688,3.219818115234375,76.6981201171875,5864.94873046875,6.233734130859375,0.7491455078125,0.0129761798307299,5.145310338511225,6.27858743716425,1.569959852430556,1.7179932042640347,0.7621273085984676,0.172454833984375,0.518035888671875,1.12432861328125,0
2019-06-21,2019-06-22,1,14.0,70.0,south,monsoon,6,172,2019,normal,26.475494384765625,1006.478759765625,8.4075927734375,7.196945190429688,0.414154052734375,93.08361053466795,5839.40478515625,11.020843505859377,-4.0496826171875,0.0140333278104662,7.208851756933647,11.741333862921769,4.279242621527778,2.8177815526585763,0.9954185212101107,10.93617057800293,0.5362548828125,1.22210693359375,1
2019-06-21,2019-06-22,1,14.0,73.0,south,monsoon,6,172,2019,normal,27.549713134765625,1005.5287475585938,6.8817138671875,7.072921752929688,-2.045806884765625,81.69496154785156,5838.0029296875,9.821624755859377,-5.0047607421875,0.0133605105802416,7.3628491722172615,11.023245571584212,3.7841796875,2.7223839743026086,0.999467170404631,15.87928581237793,0.77191162109375,0.292236328125,1
2019-06-21,2019-06-22,1,14.0,76.0,south,monsoon,6,172,2019,normal,21.991119384765625,1007.2737426757812,0.16021728515625,3.1012420654296875,0.130950927734375,87.40001678466797,5839.9658203125,9.809906005859377,-3.7625732421875,0.0139007670804858,3.1040055563521607,10.506722288450439,2.656724717881944,2.481165377226852,1.2510892281191368,0.0740904361009598,1.387451171875,0.3626708984375,0
2019-06-21,2019-06-22,1,14.0,79.0,south,monsoon,6,172,2019,normal,26.008697509765625,1004.82373046875,0.0,3.774093627929688,0.120208740234375,84.35566711425781,5843.35595703125,12.429046630859377,-5.6024169921875,0.013938914053142,3.7760075282774808,13.633351616767905,1.3292100694444444,1.9117644256729092,1.7103032908260531,0.0,2.5255126953125,0.47174072265625,0
2019-06-21,2019-06-22,1,14.0,82.0,south,monsoon,6,172,2019,normal,29.612213134765625,1002.5437622070312,0.42724609375,3.3473358154296875,1.581146240234375,79.01274871826172,5843.611328125,7.241546630859375,2.4093017578125,0.0139627559110522,3.7019833190150426,7.631823672433029,1.1689927842881944,1.6907015918611785,0.9734328818800075,0.03376230597496033,0.018341064453125,1.17919921875,0
2019-06-21,2019-06-22,1,14.0,85.0,south,monsoon,6,172,2019,normal,28.713775634765625,1003.4112548828124,0.396728515625,6.058273315429688,4.205169677734375,79.31266784667969,5850.11181640625,9.100921630859377,1.7843017578125,0.0136237246915698,7.374695084068497,9.274184993517052,1.6004774305555554,1.6233698194962252,1.1260688876537046,0.2396982163190842,0.628936767578125,0.5772094726563637,0
2019-06-21,2019-06-22,1,14.0,88.0,south,monsoon,6,172,2019,normal,27.582916259765625,1004.7862548828124,2.8839111328125,3.2809295654296875,7.574310302734375,84.25765991210938,5853.884765625,6.749359130859375,5.2999267578125,0.0144929988309741,8.254373106143115,8.581554189975831,1.6318427191840277,1.6053886814999834,1.2790490010413296,2.736015245318413,1.1869506835937464,0.3074340820313637,0
2019-06-21,2019-06-22,1,14.0,91.0,south,monsoon,6,172,2019,normal,28.205963134765625,1005.2887573242188,0.7171630859375,2.4742889404296875,5.178802490234375,80.10896301269531,5863.24072265625,4.919281005859375,3.1651611328125,0.0136494738981127,5.739520972484588,5.8495786695518275,1.4979044596354167,1.3711748183731909,0.9942410937398659,9.535521507263184,1.154632568359375,0.14483642578125,1
2019-06-21,2019-06-22,1,14.0,94.0,south,monsoon,6,172,2019,normal,28.422760009765625,1005.9637451171876,0.14495849609375,2.2076873779296875,3.054779052734375,73.78265380859375,5869.1806640625,4.901702880859375,2.1651611328125,0.0127673251554369,3.7690262163713832,5.358601857132792,1.404656304253472,1.6919125176494196,0.5662173743456154,3.051137447357178,0.463134765625,0.9321899414061363,0
2019-06-21,2019-06-22,1,17.0,70.0,west,monsoon,6,172,2019,normal,27.362213134765625,1004.811279296875,0.8392333984375,6.545578002929688,2.574310302734375,79.40998840332031,5839.787109375,7.290374755859375,-1.4617919921875,0.0131344897672533,7.0336096655416815,7.435482493375607,3.0780368381076393,3.4779350154032187,0.946771332299702,0.09789317846298218,0.6033325195312536,0.617919921875,0
2019-06-21,2019-06-22,1,17.0,73.0,west,monsoon,6,172,2019,normal,27.403228759765625,1004.7862548828124,1.983642578125,1.9860076904296875,-2.520416259765625,83.21183013916016,5841.62255859375,4.958343505859375,-2.4383544921875,0.0135955912992358,3.208850988895683,5.525463143635002,2.2667778862847228,2.974551774440072,0.9976022626054364,1.1630449295043945,0.8301391601562536,0.09771728515613631,0
2019-06-21,2019-06-22,1,17.0,76.0,central,monsoon,6,172,2019,normal,25.147369384765625,1005.458740234375,1.76239013671875,4.308273315429688,0.052825927734375,74.36317443847656,5841.5205078125,6.175140380859375,-7.2137451171875,0.0128450496122241,4.308597166025679,9.49581367440761,1.5428331163194446,2.088874962282383,1.4251125612102262,1.4072079062461853,1.157379150390625,0.087158203125,0
2019-06-21,2019-06-22,1,17.0,79.0,central,monsoon,6,172,2019,normal,25.231353759765625,1003.5862426757812,2.471923828125,2.0377655029296875,0.794036865234375,76.77220153808594,5834.10205078125,7.358734130859375,-5.4110107421875,0.0138416392728686,2.1870031523254636,9.134002696558788,0.8044772677951392,0.8280704183960432,1.657296264890455,6.767867088317873,1.752899169921875,0.1303100585936363,1
2019-06-21,2019-06-22,1,17.0,82.0,central,monsoon,6,172,2019,normal,26.428619384765625,1002.5387573242188,0.54168701171875,3.823898315429688,0.908294677734375,92.98458862304688,5830.7373046875,8.776702880859375,-1.7821044921875,0.0154461963102221,3.930292298079953,8.955803139861892,1.2529161241319446,1.6803568122029549,1.0447156375611353,12.21317958831787,1.257476806640625,0.232666015625,1
2019-06-21,2019-06-22,1,17.0,85.0,east,monsoon,6,172,2019,normal,28.514556884765625,1001.728759765625,5.523681640625,6.173507690429688,3.102630615234375,76.97112274169922,5841.34228515625,7.071624755859375,1.9796142578125,0.013265143148601,6.909306328307071,7.343483457965824,1.567416720920139,1.6603361882727274,1.0175928888833243,0.9821505546569824,0.73211669921875,0.85943603515625,0
2019-06-21,2019-06-22,1,17.0,88.0,east,monsoon,6,172,2019,normal,28.260650634765625,1002.9012451171876,2.2430419921875,4.866867065429688,4.780364990234375,91.45098114013672,5854.904296875,6.778656005859375,6.4151611328125,0.0154142482206225,6.821897424648268,9.332977531619882,1.4894273546006946,1.6829681831802201,1.3731410111200486,1.2482776641845703,0.440399169921875,0.857421875,0
2019-06-21,2019-06-22,1,17.0,91.0,east,monsoon,6,172,2019,normal,28.287994384765625,1004.3212280273438,0.244140625,2.0309295654296875,5.679779052734375,83.54096984863281,5866.7333984375,2.909515380859375,5.8702392578125,0.0143265826627612,6.031961951771298,6.5517164694010015,1.4495849609375002,1.3918389383757683,1.5119269796175587,0.08706189692020419,0.450897216796875,0.677734375,0
2019-06-21,2019-06-22,1,17.0,94.0,east,monsoon,6,172,2019,normal,28.045806884765625,1005.7437744140624,4.5318603515625,-1.0042266845703125,4.937591552734375,75.42237854003906,5874.1005859375,3.264984130859375,4.4874267578125,0.0132794482633471,5.038678554505828,5.54951531951171,1.456366644965278,1.6745297446170146,0.934060793621256,3.2037720680236816,0.26165771484375,0.9721069335938637,0
2019-06-21,2019-06-22,1,20.0,70.0,west,monsoon,6,172,2019,normal,28.055572509765625,1003.7137451171876,0.06103515625,3.3287811279296875,1.730560302734375,77.37504577636719,5843.76416015625,6.905609130859375,1.8272705078125,0.0128502948209643,3.7517492932045626,7.143273407684304,0.4475911458333333,0.6321920079118573,0.6957967524662835,0.0021476298570632935,1.069610595703125,0.6551513671876137,0
2019-06-21,2019-06-22,1,20.0,73.0,west,monsoon,6,172,2019,normal,25.098541259765625,1004.998779296875,0.22125244140625,-0.2386016845703125,1.596771240234375,70.66365051269531,5844.197265625,4.372406005859375,0.7628173828125,0.0116076571866869,1.614499661665934,4.438448449581908,0.5518595377604166,0.7501160280228997,0.7449721455177215,0.09483844041824341,2.72344970703125,0.76971435546875,1
2019-06-21,2019-06-22,1,20.0,76.0,central,monsoon,6,172,2019,normal,26.465728759765625,1004.603759765625,0.08392333984375,2.5846405029296875,-1.106353759765625,87.7623062133789,5843.4072265625,4.097015380859375,-6.6434326171875,0.0153541667386889,2.811473843223899,7.80517341063663,0.7612440321180557,0.9483649254959772,1.3200077813667561,0.002199783921241802,2.058135986328125,0.4678955078126137,0
2019-06-21,2019-06-22,1,20.0,79.0,central,monsoon,6,172,2019,normal,28.157135009765625,1001.6912231445312,0.3204345703125,3.731124877929688,0.340911865234375,77.4603271484375,5840.1953125,4.134124755859375,-6.6336669921875,0.0151701075956225,3.746667019440533,7.816426629876807,0.7392035590277778,0.8736864878709265,1.3275966095012848,0.2940129488706589,1.811767578125,0.50787353515625,0
2019-06-21,2019-06-22,1,20.0,82.0,central,monsoon,6,172,2019,normal,23.463775634765625,1002.94873046875,1.47247314453125,2.9908905029296875,3.849700927734375,88.44670867919922,5834.408203125,9.399749755859377,-1.7020263671875,0.0162959191948175,4.8749998188219354,9.552601175982376,2.295600043402778,3.265621387271368,0.7213839780381812,11.319463729858398,0.3809814453125,0.06707763671875,1
2019-06-21,2019-06-22,1,20.0,85.0,east,monsoon,6,172,2019,normal,25.313385009765625,1001.30126953125,0.1220703125,0.5035858154296875,0.351654052734375,86.89803314208984,5836.26904296875,2.020843505859375,0.6046142578125,0.0148420436307787,0.6142143325472744,2.109352240837023,2.444797092013889,3.173267916428364,0.6651045554145497,0.1206174492835999,0.2069091796875,0.0419921875,0
2019-06-21,2019-06-22,1,20.0,88.0,east,monsoon,6,172,2019,normal,28.592681884765625,1001.4937744140624,0.49591064453125,2.7399139404296875,8.331146240234375,83.58905792236328,5848.63330078125,3.602874755859375,8.3155517578125,0.0147338015958666,8.77012691339939,9.062511105828634,2.4507310655381946,3.156321853240753,1.1569127694555907,5.181657314300537,0.163421630859375,0.8507690429688637,1
2019-06-21,2019-06-22,1,20.0,91.0,east,monsoon,6,172,2019,normal,28.787994384765625,1003.353759765625,0.7781982421875,1.3824920654296875,6.033294677734375,85.81873321533203,5870.35302734375,2.192718505859375,6.1710205078125,0.0148434741422533,6.189663074784764,6.549008211460771,1.3656616210937502,1.2495603632678673,1.856220823256943,0.23190492391586304,0.46697998046874645,0.99945068359375,0
2019-06-21,2019-06-22,1,20.0,94.0,east,monsoon,6,172,2019,normal,24.647369384765625,1006.3037719726562,1.007080078125,-0.6262969970703125,0.135833740234375,95.6507568359375,5881.9267578125,2.755218505859375,7.0948486328125,0.0152402026578783,0.6408578106923178,7.611051578957494,1.5826755099826393,1.5958757573301396,1.1076176189593465,0.9683109819889069,0.109130859375,1.41796875,1
2019-06-21,2019-06-22,1,23.0,70.0,west,monsoon,6,172,2019,normal,26.391510009765625,1003.4712524414062,0.00762939453125,3.2623748779296875,-0.094635009765625,42.123477935791016,5848.96484375,0.991546630859375,5.5460205078125,0.0082416636869311,3.2637471760570063,5.633960258490061,0.040690104166666664,0.06804956136199775,0.7785605986443819,0.00762939453125,3.358917236328125,1.087890625,1
2019-06-21,2019-06-22,1,23.0,73.0,west,monsoon,6,172,2019,normal,28.141510009765625,1003.1112670898438,0.00762939453125,1.4586639404296875,-0.032135009765625,82.3619155883789,5850.6982421875,0.413421630859375,-1.4910888671875,0.0151186091825366,1.4590178717077114,1.5473407687749092,0.04238552517361111,0.06965684198735263,0.9451019424772582,0.2614017724990845,2.627288818359375,0.84442138671875,0
2019-06-21,2019-06-22,1,23.0,76.0,central,monsoon,6,172,2019,normal,26.051666259765625,1003.9337768554688,0.0,3.2340545654296875,-1.362213134765625,86.80831146240234,5848.3017578125,3.694671630859375,-5.9949951171875,0.0161175820976495,3.5092354661242946,7.042056866781114,0.07035997178819445,0.11263390087689011,1.313258765999435,0.0491570681333541,2.202117919921875,0.35205078125,0
2019-06-21,2019-06-22,1,23.0,79.0,central,monsoon,6,172,2019,normal,28.856353759765625,1001.583740234375,0.0,2.0572967529296875,-0.637603759765625,66.68262481689453,5846.16064453125,0.575531005859375,-6.1278076171875,0.0131669146940112,2.1538357607028202,6.154775554962719,0.4603068033854167,0.7821194129143633,1.1669144070813182,0.0,2.2530517578125,0.65032958984375,0
2019-06-21,2019-06-22,1,23.0,82.0,central,monsoon,6,172,2019,normal,26.866119384765625,1001.5237426757812,0.0,-2.1077423095703125,0.745208740234375,68.16008758544922,5841.64794921875,-0.117828369140625,-1.4813232421875,0.014143000356853,2.2356014202166046,1.4860020432082945,1.994662814670139,3.136035089890196,0.5334719539795432,9.077062606811523,1.631378173828125,0.6531372070311363,1
2019-06-21,2019-06-22,1,23.0,85.0,east,monsoon,6,172,2019,normal,23.807525634765625,1002.2687377929688,10.2081298828125,-0.4095001220703125,-1.613189697265625,97.2322769165039,5834.58642578125,-5.412750244140625,-4.0535888671875,0.0165133569389581,1.6643531324029643,6.762355204337527,4.232618543836806,5.869132960886492,0.8534533339636253,5.0708465576171875,0.6427612304687464,0.18035888671875,1
2019-06-21,2019-06-22,1,23.0,88.0,east,monsoon,6,172,2019,normal,26.329010009765625,1001.0687255859376,1.39617919921875,-3.5921173095703125,0.904388427734375,82.70234680175781,5854.6748046875,-6.217437744140625,6.3936767578125,0.015002260915935,3.704217217434004,8.918275314524452,4.202100965711806,5.863477208885772,1.2712071403282246,1.3227146118879318,3.049835205078125,0.8193969726561363,1
2019-06-21,2019-06-22,1,23.0,91.0,east,monsoon,6,172,2019,normal,26.555572509765625,1004.1412353515624,1.04522705078125,-2.6624298095703125,3.637786865234375,95.2451171875,5867.013671875,-2.104156494140625,10.6475830078125,0.0158720109611749,4.507995759510023,10.853501668129583,2.8559366861979165,5.571598936277229,1.799953102250173,0.43853747844696045,2.179901123046875,0.7056274414063637,0
2019-06-21,2019-06-22,1,23.0,94.0,east,monsoon,6,172,2019,normal,24.340728759765625,1006.458740234375,0.54931640625,-0.0022735595703125,0.645599365234375,94.60681915283205,5881.0859375,0.763031005859375,0.1749267578125,0.0167322251945734,0.6456033685353165,0.7828254508519524,0.7798936631944443,0.4274546065640904,1.0720079222846184,0.5884058475494385,0.157073974609375,0.4775390625,0
2019-06-21,2019-06-22,1,26.0,70.0,west,monsoon,6,172,2019,normal,29.399322509765625,1002.5262451171876,0.0,3.611984252929688,2.563568115234375,67.60137176513672,5852.6865234375,-3.801422119140625,3.6944580078125,0.0142536265775561,4.429256339935448,5.300927286747245,0.014411078559027776,0.02110782131277929,0.7556753671565398,0.0,0.736419677734375,0.7793579101563637,0
2019-06-21,2019-06-22,1,26.0,73.0,west,monsoon,6,172,2019,normal,28.647369384765625,1002.3312377929688,0.0,3.2272186279296875,1.432708740234375,68.80269622802734,5852.76318359375,1.630218505859375,-2.0789794921875,0.014180670492351,3.530948088941601,2.6419250757321957,0.007629394531249999,0.016481375880960745,0.838753102419576,0.0,2.295196533203125,0.32977294921875,0
2019-06-21,2019-06-22,1,26.0,76.0,central,monsoon,6,172,2019,normal,27.485260009765625,1002.1112670898438,0.0,2.0455780029296875,0.114349365234375,60.13344955444336,5848.8115234375,0.747406005859375,-3.9188232421875,0.0131278140470385,2.048771618165215,3.9894600312703488,0.0008477105034722215,0.0023976873819530854,0.8607840068908753,0.0,3.1390380859375,0.25262451171875,1
2019-06-21,2019-06-22,1,26.0,79.0,central,monsoon,6,172,2019,normal,27.446197509765625,1001.1687622070312,0.0,0.3746795654296875,-0.895416259765625,76.27488708496094,5850.06103515625,-0.678375244140625,-1.7801513671875,0.014941225759685,0.9706467199775831,1.9050280475526806,0.25177001953125,0.7121131524400656,3.4573522717899587,0.0,4.1070556640625,0.2275390625,1
2019-06-21,2019-06-22,1,26.0,82.0,central,monsoon,6,172,2019,normal,27.766510009765625,1001.271240234375,2.26593017578125,-3.0843048095703125,-0.834869384765625,93.40708923339844,5849.09228515625,-3.789703369140625,-0.3133544921875,0.0173935983330011,3.1953001499010223,3.8026362781430847,1.7852783203125,3.2206067237335025,6.40857600341616,5.743671417236328,1.39385986328125,0.33282470703125,1
2019-06-21,2019-06-22,1,26.0,85.0,east,monsoon,6,172,2019,normal,26.496978759765625,1001.603759765625,3.56292724609375,-3.1565704345703125,0.337005615234375,85.55763244628906,5851.6923828125,-7.809234619140625,1.2803955078125,0.0157013032585382,3.1745093625791863,7.9135047856945695,4.004584418402778,6.004607024009395,6.7083486989677965,1.1479854583740234,2.725311279296875,1.2794189453126137,1
2019-06-21,2019-06-22,1,26.0,88.0,northeast,monsoon,6,172,2019,normal,25.205963134765625,1003.7662353515624,18.5699462890625,-3.5667266845703125,-0.649322509765625,98.88946533203124,5860.84423828125,-6.418609619140625,3.8839111328125,0.0167894456535577,3.6253494954437513,7.502220679939336,4.057142469618055,5.956657648289645,6.866806959503089,4.0560197830200195,3.53466796875,0.020385742187613687,1
2019-06-21,2019-06-22,1,26.0,91.0,northeast,monsoon,6,172,2019,normal,25.846588134765625,1004.5712280273438,1.64031982421875,-0.8196563720703125,0.864349365234375,91.7472915649414,5873.0810546875,0.128265380859375,6.7061767578125,0.0158071611076593,1.1911911657901655,6.707403276600534,2.6236640082465277,5.666600865784104,5.75588434449855,1.5063118934631348,2.462249755859375,0.3920288085938637,0
2019-06-21,2019-06-22,1,26.0,94.0,northeast,monsoon,6,172,2019,normal,25.036041259765625,1005.46875,0.22125244140625,-0.3196563720703125,0.409271240234375,91.5808334350586,5878.63818359375,4.038421630859375,3.2686767578125,0.0159273240715265,0.5193102582157776,5.195488140267143,0.5043877495659723,0.4979272831336722,5.551085076435056,0.1917593181133271,0.54962158203125,0.54547119140625,0
2019-06-21,2019-06-22,1,29.0,70.0,north,monsoon,6,172,2019,normal,30.465728759765625,1001.4862670898438,0.05340576171875,-2.4202423095703125,-2.243072509765625,68.97447967529297,5853.47705078125,2.952484130859375,4.8604736328125,0.0146012408658862,3.2998404690379353,5.686947026150497,0.022040473090277776,0.02477288003913448,1.2565816434079817,0.05340576171875,0.209564208984375,0.4146118164061363,0
2019-06-21,2019-06-22,1,29.0,73.0,north,monsoon,6,172,2019,normal,29.950103759765625,1001.59375,0.0,-1.3157501220703125,-1.416900634765625,62.45038986206055,5843.99365234375,2.292327880859375,0.3038330078125,0.013631354086101,1.9335991809388193,2.3123757501759146,0.011020236545138888,0.020695250813350597,0.9882322599520292,0.0,0.2235107421875,0.24273681640625,0
2019-06-21,2019-06-22,1,29.0,76.0,north,monsoon,6,172,2019,normal,28.037994384765625,1001.5262451171876,0.0,-0.5608673095703125,-1.410064697265625,53.4826774597168,5838.92041015625,0.571624755859375,-1.3387451171875,0.0117793185636401,1.5175159272374836,1.4556762518859279,0.0008477105034722226,0.0023976873819530776,6.086784631306468,0.0,1.499114990234375,0.03240966796886369,0
2019-06-21,2019-06-22,1,29.0,79.0,north,monsoon,6,172,2019,normal,28.623931884765625,1001.3837280273438,0.0,-2.6516876220703125,0.776458740234375,60.77317428588867,5837.26318359375,2.063812255859375,-2.0203857421875,0.0130314929410815,2.763030115711239,2.8881273473775178,0.2526177300347222,0.7118174166195131,7.3636177683243105,0.0,2.02960205078125,0.2049560546875,0
2019-06-21,2019-06-22,1,29.0,82.0,central,monsoon,6,172,2019,normal,7.567291259765625,1012.5187377929688,0.0,-0.2483673095703125,-0.721588134765625,55.03575134277344,5844.29931640625,-0.369781494140625,-0.1961669921875,0.0089812381193041,0.7631354772894058,0.41859269252193565,0.6518893771701388,1.2474525959420628,8.021712670217848,0.2693720161914825,3.6817626953124982,0.14007568359375,1
2019-06-21,2019-06-22,1,29.0,85.0,east,monsoon,6,172,2019,normal,-2.008880615234375,1020.1312255859376,0.030517578125,0.3199920654296875,0.933685302734375,34.47207260131836,5850.11181640625,-0.264312744140625,0.3897705078125,0.0051045515574514,0.9869970448183414,0.47093765561437284,2.7211507161458335,5.7352098288353925,6.278600497253021,0.066092237830162,1.988525390625,0.1445922851563637,0
2019-06-21,2019-06-22,1,29.0,88.0,northeast,monsoon,6,172,2019,normal,6.325103759765625,1013.7162475585938,0.00762939453125,0.3707733154296875,1.063568115234375,42.21784973144531,5856.43408203125,-0.158843994140625,1.3331298828125,0.0066895582713186,1.1263436363641086,1.3425597561830225,2.669440375434028,5.735977105427695,5.851409051271252,0.00762939453125,0.05560302734375,1.112060546875,0
2019-06-21,2019-06-22,1,29.0,91.0,northeast,monsoon,6,172,2019,normal,4.440338134765625,1016.9312744140624,0.05340576171875,0.3014373779296875,1.778411865234375,50.67477798461914,5861.4560546875,-0.170562744140625,1.2589111328125,0.0079741580411791,1.8037774960397788,1.2704128817073732,2.310858832465278,5.769229836522485,4.987891326343892,0.0525675714015961,3.399169921875,1.5131225585936363,1
2019-06-21,2019-06-22,1,29.0,94.0,northeast,monsoon,6,172,2019,normal,5.942291259765625,1017.1937255859376,0.12969970703125,-0.0999298095703125,0.736419677734375,57.15411758422852,5868.517578125,-0.139312744140625,0.2589111328125,0.0089001758024096,0.7431688291331652,0.2940119306665008,0.28143988715277796,0.4858039484395896,5.185096260324744,0.005586072802543612,1.974609375,0.9854736328126137,0
2019-06-21,2019-06-22,1,32.0,70.0,north,monsoon,6,172,2019,normal,24.477447509765625,1004.8687744140624,0.0457763671875,1.6168670654296875,0.537200927734375,72.31330108642578,5836.72802734375,1.536468505859375,0.5401611328125,0.0139842135831713,1.703773442694152,1.6286526698160733,0.03221299913194444,0.022966541178629677,1.5765734414933386,0.0457763671875,1.0428466796875,0.5217285156247726,0
2019-06-21,2019-06-22,1,32.0,73.0,north,monsoon,6,172,2019,normal,28.106353759765625,1002.0087280273438,0.0,0.6539764404296875,-0.939361572265625,62.73319625854492,5829.3095703125,1.452484130859375,1.0069580078125,0.0127329928800463,1.144589598103369,1.7673920277901087,0.01610649956597222,0.022872479863878113,1.2681377004897034,0.0,0.128509521484375,0.2681274414061363,0
2019-06-21,2019-06-22,1,32.0,76.0,north,monsoon,6,172,2019,normal,27.717681884765625,1002.8462524414062,0.0,-1.1477813720703125,0.234466552734375,43.80899810791016,5824.79736328125,0.667327880859375,-1.8543701171875,0.0097265345975756,1.1714848024719529,1.9707904586967755,0.0016954210069444451,0.0031718422671626893,7.974952674182401,0.0,2.553466796875,0.4202880859375,0
2019-06-21,2019-06-22,1,32.0,79.0,north,monsoon,6,172,2019,normal,-4.620208740234375,1021.17626953125,0.00762939453125,1.3463592529296875,1.064544677734375,28.35211181640625,5824.720703125,1.108734130859375,0.3780517578125,0.0038862328510731,1.7163736798383884,1.1714155985463122,0.0016954210069444451,0.0031718422671626893,8.038162534331931,0.0241100788116455,3.459320068359375,1.4942626953123863,1
2019-06-21,2019-06-22,1,32.0,82.0,central,monsoon,6,172,2019,normal,1.073150634765625,1016.373779296875,0.0,-0.5423126220703125,1.697357177734375,30.1633415222168,5824.236328125,0.302093505859375,2.1104736328125,0.0044422247447073,1.7818878665233624,2.1319848594863893,0.005086263020833334,0.00951552680148809,5.87532287236193,0.0,0.639373779296875,0.29248046875,0
2019-06-21,2019-06-22,1,32.0,85.0,east,monsoon,6,172,2019,normal,2.889556884765625,1012.46875,0.0,2.6637420654296875,3.025482177734375,28.252140045166016,5829.71728515625,1.438812255859375,2.1319580078125,0.0044498541392385,4.031012800640548,2.5720469775427874,0.01610649956597222,0.022007844688834582,2.949691086722695,0.0,0.7628173828125,1.08978271484375,0
2019-06-21,2019-06-22,1,32.0,88.0,northeast,monsoon,6,172,2019,normal,3.725494384765625,1010.6437377929688,0.05340576171875,2.7838592529296875,-0.087799072265625,23.596189498901367,5835.27490234375,1.206390380859375,-0.0633544921875,0.003846178529784,2.7852434394883585,1.2080527897034814,0.0457763671875,0.038735825123412615,3.1088374211146026,0.05340576171875,1.9344482421875,1.6055908203125,1
2019-06-21,2019-06-22,1,32.0,91.0,northeast,monsoon,6,172,2019,normal,4.266510009765625,1010.896240234375,0.1068115234375,-2.4593048095703125,1.617279052734375,43.6447639465332,5838.1044921875,-1.559234619140625,1.1925048828125,0.0069856741465628,2.943428558805032,1.9629774560748945,0.06018744574652778,0.042317653992881545,2.6233275402094973,0.1059733331203461,0.47479248046875,0.33062744140625,0
2019-06-21,2019-06-22,1,32.0,94.0,northeast,monsoon,6,172,2019,normal,3.514556884765625,1015.3162231445312,0.0152587890625,-1.9251251220703125,-0.703033447265625,50.02236557006836,5851.38623046875,-1.137359619140625,0.3428955078125,0.0076966383494436,2.049478656536931,1.1879243378808686,0.06527370876736112,0.04932771988246037,2.2947551592169937,0.003125518560409501,1.457275390625,1.1807861328125,0
2019-06-21,2019-06-23,2,8.0,70.0,south,monsoon,6,172,2019,normal,28.60531616210937,1007.0656127929688,0.19073486328125,8.255416870117188,-2.2672119140625,71.39859008789062,5848.68603515625,15.350723266601562,-6.393966674804688,0.0115069756284356,8.561083901158918,16.629116472209084,1.2164645724826388,1.6339421494407478,0.5353323473138379,0.1364853233098984,0.26223754882812855,0.11102294921886369,0
2019-06-21,2019-06-23,2,8.0,73.0,south,monsoon,6,172,2019,normal,28.08383178710937,1006.66064453125,0.49591064453125,8.866744995117188,-1.9156494140625,73.60183715820312,5848.17578125,15.049942016601562,-6.895919799804688,0.0118369469419121,9.071321815812384,16.554590438558346,2.3252699110243054,2.4141211582784368,0.5211817082059791,0.36728940904140484,0.21447753906250355,0.09600830078125,0
2019-06-21,2019-06-23,2,8.0,76.0,south,monsoon,6,172,2019,normal,26.86508178710937,1006.828125,6.2103271484375,8.106002807617188,-2.8697509765625,84.68621826171875,5848.3291015625,12.374160766601562,-6.815841674804688,0.0131830582395195,8.598997161563618,14.12712116511024,1.8098619249131944,2.4366830537434896,1.0222918739905473,1.2017822265625,0.028259277343746447,0.08923339843761369,0
2019-06-21,2019-06-23,2,8.0,79.0,south,monsoon,6,172,2019,normal,27.58969116210937,1005.0731201171876,0.0,11.558151245117188,2.5755615234375,64.67472839355469,5848.8134765625,11.098770141601562,-4.054122924804688,0.0117473015561699,11.841637444459094,11.816031962784008,1.6420152452256944,2.5325447412199367,1.2145957612211524,0.0,0.23037719726562855,0.7867431640623863,0
2019-06-21,2019-06-23,2,8.0,82.0,south,monsoon,6,172,2019,normal,28.76351928710937,1004.483154296875,0.0,8.735885620117188,1.4300537109375,62.23207473754883,5848.8642578125,7.0245513916015625,-3.0424041748046875,0.0115813622251153,8.852160820044809,7.655099308050839,0.4798041449652777,0.9608356368619412,0.6085074636654891,0.0,0.41455078125,0.30621337890625,0
2019-06-21,2019-06-23,2,8.0,85.0,south,monsoon,6,172,2019,normal,29.01742553710937,1004.608154296875,0.51116943359375,5.403854370117188,3.0628662109375,77.3514175415039,5847.25830078125,10.811660766601562,-0.7435760498046875,0.0133070359006524,6.211504767730383,10.837200462938508,1.1130438910590277,1.1093619139308617,0.6750858060493958,0.14716756343841553,0.03744506835937145,0.7305908203126137,0
2019-06-21,2019-06-23,2,8.0,88.0,south,monsoon,6,172,2019,normal,27.99398803710937,1005.4031372070312,1.48773193359375,5.677291870117188,3.5765380859375,80.68821716308594,5847.58984375,8.409317016601562,-0.8060760498046875,0.0135239968076348,6.709937977258821,8.447861935648175,2.6923285590277772,1.711474392571519,0.6670583621286174,1.8653626441955562,0.9503173828125036,0.4194946289063637,0
2019-06-21,2019-06-23,2,8.0,91.0,south,monsoon,6,172,2019,normal,28.03305053710937,1005.858154296875,4.49371337890625,5.398971557617188,4.1077880859375,82.22689819335938,5850.90380859375,7.497207641601562,1.9087677001953125,0.0137891182675957,6.784011854273947,7.7363761900904064,4.039340549045138,1.9409445965108332,0.5928999965639963,0.6723108291625977,0.6287536621093714,0.76202392578125,0
2019-06-21,2019-06-23,2,8.0,94.0,south,monsoon,6,172,2019,normal,27.75180053710937,1006.673095703125,6.7901611328125,4.573776245117188,4.2064208984375,69.3233413696289,5848.609375,10.055801391601562,1.3150177001953125,0.0122260460630059,6.213968612345095,10.141420668681626,5.215115017361111,1.6205879265162786,0.4075702025203998,1.3541803359985352,1.2504577636718714,0.23065185546875,0
2019-06-21,2019-06-23,2,11.0,70.0,south,monsoon,6,172,2019,normal,27.05844116210937,1006.3506469726562,4.2572021484375,9.997604370117188,-2.2076416015625,85.17872619628906,5843.9443359375,14.309707641601562,-5.050216674804688,0.0133194336667656,10.238445906598116,15.17472969283425,1.7115275065104167,1.5035005534179708,0.9638429285270249,1.4695470333099365,0.7926330566406214,0.173828125,0
2019-06-21,2019-06-23,2,11.0,73.0,south,monsoon,6,172,2019,normal,28.11703491210937,1005.3406372070312,0.67901611328125,9.689987182617188,-2.2349853515625,81.3796157836914,5840.349609375,10.756973266601562,-3.925216674804688,0.013155878521502,9.944395965617234,11.450755424972863,2.0701090494791665,1.8571373480580393,0.8520840934127483,1.8619318008422852,1.2677001953124964,0.2763671875,0
2019-06-21,2019-06-23,2,11.0,76.0,south,monsoon,6,172,2019,normal,23.19320678710937,1006.068115234375,2.197265625,-1.1898956298828125,-0.8804931640625,89.9920654296875,5836.7041015625,9.462051391601562,-5.573654174804688,0.0137924561277031,1.4802431631238862,10.981622712405795,1.3605753580729167,1.8542480915207136,1.067633038151705,1.5428810119628902,2.9637451171875036,0.11437988281261369,0
2019-06-21,2019-06-23,2,11.0,79.0,south,monsoon,6,172,2019,normal,27.17562866210937,1003.6856079101562,0.0,5.167526245117188,0.4613037109375,50.27370071411133,5841.77734375,10.760879516601562,-2.2240447998046875,0.0095147499814629,5.18807561699901,10.988307569519218,1.250372992621528,1.9124600714671516,1.4740906275446786,0.0,2.5092163085937536,0.48876953125,0
2019-06-21,2019-06-23,2,11.0,82.0,south,monsoon,6,172,2019,normal,30.09750366210937,1003.2006225585938,0.16021728515625,7.063034057617188,3.8577880859375,65.13923645019531,5845.21875,9.329238891601562,-1.4154510498046875,0.0117067703977227,8.047917681926279,9.4360055092695,0.6637573242187501,0.984070316135731,0.9213144474791165,0.16021728515625,0.20565795898437145,0.17626953125,0
2019-06-21,2019-06-23,2,11.0,85.0,south,monsoon,6,172,2019,normal,28.14633178710937,1003.7506103515624,3.13568115234375,5.202682495117188,5.6888427734375,84.41939544677734,5847.97216796875,8.360488891601562,1.4341583251953125,0.0146030792966485,7.7091398512344345,8.482604824481696,1.3707478841145833,1.0608913216663842,1.0438160929514784,1.8560644388198853,0.8818359375,0.8562011718752274,0
2019-06-21,2019-06-23,2,11.0,88.0,south,monsoon,6,172,2019,normal,27.71469116210937,1004.963134765625,2.72369384765625,2.7690887451171875,1.7982177734375,82.44023132324219,5848.17578125,5.6749420166015625,3.3150177001953125,0.0139407524839043,3.301732823691402,6.572237765358008,2.307467990451389,1.7082996779687216,0.9846198130207334,0.9340885877609253,0.5497131347656286,0.64678955078125,0
2019-06-21,2019-06-23,2,11.0,91.0,south,monsoon,6,172,2019,normal,27.85140991210937,1005.6956176757812,5.3863525390625,3.625534057617188,3.5091552734375,74.7239990234375,5850.95458984375,4.7433013916015625,2.3013458251953125,0.0128640541806817,5.045658325336384,5.272105907387788,3.114488389756944,1.9498797376158845,0.8380013144207203,3.7802252769470215,0.39715576171874645,0.8306274414063637,1
2019-06-21,2019-06-23,2,11.0,94.0,south,monsoon,6,172,2019,normal,27.63070678710937,1006.6431274414062,2.7008056640625,4.189987182617188,4.5706787109375,79.06937408447266,5848.73681640625,4.6534576416015625,1.7134552001953125,0.0129756340757012,6.200572269485584,4.958890676880903,3.696017795138889,2.1639855886271895,0.6224767278624569,1.4862308502197266,0.48516845703124645,0.494384765625,0
2019-06-21,2019-06-23,2,14.0,70.0,south,monsoon,6,172,2019,normal,27.02328491210937,1004.795654296875,1.96075439453125,9.181198120117188,-0.8277587890625,85.80169677734375,5836.14306640625,9.120254516601562,-2.5365447998046875,0.0137509712949395,9.218437152452339,9.466419701714445,1.88446044921875,1.3571937820697513,1.0411885546877941,13.04190444946289,0.15432739257812145,0.34130859375,1
2019-06-21,2019-06-23,2,14.0,73.0,south,monsoon,6,172,2019,normal,27.06625366210937,1004.5181274414062,1.41143798828125,7.5190887451171875,-1.7154541015625,82.13687896728516,5834.537109375,7.715957641601562,-2.5873260498046875,0.0131735214963555,7.71229397335939,8.138197491766064,1.7734103732638886,1.060117485975921,1.037542077090618,8.250541687011719,0.8948059082031286,0.68048095703125,1
2019-06-21,2019-06-23,2,14.0,76.0,south,monsoon,6,172,2019,normal,21.64047241210937,1006.2631225585938,1.22833251953125,3.829635620117188,0.9769287109375,92.42097473144533,5831.45263671875,11.606582641601562,-2.4681854248046875,0.0142611870542168,3.9522776584046273,11.8661156200142,1.5072292751736107,1.3043369773202864,1.2680821153848687,0.1419577598571775,1.82373046875,0.8658447265625,0
2019-06-21,2019-06-23,2,14.0,79.0,south,monsoon,6,172,2019,normal,24.57797241210937,1004.130615234375,0.02288818359375,3.6020965576171875,0.0267333984375,84.64241027832031,5836.52587890625,11.006973266601562,-6.216232299804688,0.0139355072751641,3.60219575883788,12.641004884771485,1.549614800347222,1.3567383489681262,1.6070240273713796,0.0157039612531662,2.7388916015625036,0.38580322265625,0
2019-06-21,2019-06-23,2,14.0,82.0,south,monsoon,6,172,2019,normal,29.17953491210937,1002.0631103515624,1.434326171875,4.865768432617188,2.7103271484375,85.10012817382812,5842.5673828125,6.4581451416015625,0.2173614501953125,0.014571608044207,5.569701580103846,6.461801967719444,1.491970486111111,1.4320387360061888,0.9231739369201128,0.9317752122879028,0.28045654296875355,0.4966430664063637,0
2019-06-21,2019-06-23,2,14.0,85.0,south,monsoon,6,172,2019,normal,29.26937866210937,1002.6006469726562,0.70953369140625,4.326705932617188,3.5687255859375,78.12126922607422,5849.04248046875,8.208145141601562,0.3677520751953125,0.013763845898211,5.608581508284401,8.216379266709138,1.6038682725694444,0.9484399386910767,1.064764746003831,1.512197732925415,0.6177368164062464,1.02606201171875,0
2019-06-21,2019-06-23,2,14.0,88.0,south,monsoon,6,172,2019,normal,27.79086303710937,1003.9406127929688,2.17437744140625,2.4116668701171875,5.4466552734375,82.56533813476562,5847.81884765625,5.8604888916015625,4.1509552001953125,0.013977468945086,5.956692938207018,7.1816264956215745,1.82342529296875,1.6384439313634873,1.201928169926584,2.062432289123535,0.23620605468750355,0.7814331054688637,0
2019-06-21,2019-06-23,2,14.0,91.0,south,monsoon,6,172,2019,normal,28.15609741210937,1004.7156372070312,0.14495849609375,0.9468231201171876,3.0853271484375,77.8334732055664,5854.54931640625,3.4913482666015625,2.8814239501953125,0.013493956066668,3.2273390949316005,4.5268219204493665,1.922607421875,1.564912622180125,1.0992078515459247,3.292679786682129,1.2407531738281214,1.3284912109375,0
2019-06-21,2019-06-23,2,14.0,94.0,south,monsoon,6,172,2019,normal,27.96859741210937,1005.8656005859376,2.12860107421875,-0.1283721923828125,2.3197021484375,74.7636489868164,5858.98486328125,1.9112701416015625,-0.3744354248046875,0.0129970917478203,2.3232514881610906,1.9476024855001401,2.007378472222222,1.5042292657956502,0.7560894926025309,1.3593118786811829,0.21908569335937855,0.4320068359373863,0
2019-06-21,2019-06-23,2,17.0,70.0,west,monsoon,6,172,2019,normal,27.71664428710937,1003.5306396484376,0.640869140625,6.437057495117188,-0.1607666015625,82.96625518798828,5836.32177734375,6.8956451416015625,-1.1986541748046875,0.0140923867002129,6.439064768708445,6.9990494890142,0.8697509765625,0.747248033537067,0.7636001250916576,0.4883464574813845,0.540771484375,0.12548828125,0
2019-06-21,2019-06-23,2,17.0,73.0,west,monsoon,6,172,2019,normal,27.10336303710937,1003.630615234375,1.15203857421875,3.626510620117188,-0.8580322265625,79.5298843383789,5837.59619140625,4.9249420166015625,-1.3588104248046875,0.0132712731137871,3.726633679293224,5.108954847857373,1.1613633897569444,0.7686719872366481,0.9594940926314472,3.6864633560180664,0.7340698242187464,0.1439208984373863,0
2019-06-21,2019-06-23,2,17.0,76.0,central,monsoon,6,172,2019,normal,24.50375366210937,1004.1531372070312,2.43377685546875,4.476119995117188,-0.0963134765625,73.2328109741211,5833.64501953125,7.522598266601562,-6.304122924804688,0.0126685509458184,4.4771560723807085,9.814858660812433,2.422756618923611,2.7922289484474865,1.3598660049548172,2.334224060177803,2.55078125,0.17193603515625,0
2019-06-21,2019-06-23,2,17.0,79.0,central,monsoon,6,172,2019,normal,25.73031616210937,1001.93310546875,4.4403076171875,2.3286590576171875,0.8382568359375,74.4367446899414,5834.10400390625,8.608535766601562,-4.120529174804688,0.0139693627133965,2.4749399042438416,9.54388017135981,2.8745863172743054,2.622450227842188,1.5296436124704738,4.430240020155907,2.7303771972656286,1.488037109375,1
2019-06-21,2019-06-23,2,17.0,82.0,central,monsoon,6,172,2019,normal,26.24008178710937,1001.548095703125,2.0294189453125,2.0454559326171875,-0.1343994140625,90.94664001464844,5843.66357421875,6.4190826416015625,1.7271270751953125,0.0157064814120531,2.0498666236560834,6.647374661743026,2.541436089409722,2.808640805857344,0.8441906744466968,29.566659927368164,0.26126098632812855,1.25445556640625,1
2019-06-21,2019-06-23,2,17.0,85.0,east,monsoon,6,172,2019,normal,28.73226928710937,1001.7106323242188,1.495361328125,4.211471557617188,4.2913818359375,80.15486145019531,5852.58642578125,4.4737701416015625,4.2525177001953125,0.0143503556028008,6.012690807153886,6.172400349164018,1.351250542534722,0.9544806191930243,0.7523203241186106,0.4841108322143557,0.42858886718749645,0.8792724609375,0
2019-06-21,2019-06-23,2,17.0,88.0,east,monsoon,6,172,2019,normal,28.80062866210937,1002.713134765625,0.57220458984375,1.6792449951171875,6.5726318359375,78.5174331665039,5860.41259765625,2.7999420166015625,6.9673614501953125,0.0139593491330742,6.783756555508553,7.5089147600700965,0.7010565863715277,0.6695872036798683,1.1444518488749518,0.4729591310024262,0.20077514648437855,1.064208984375,0
2019-06-21,2019-06-23,2,17.0,91.0,east,monsoon,6,172,2019,normal,28.65609741210937,1004.2606201171876,0.06866455078125,1.6821746826171875,5.1966552734375,72.58325958251953,5867.1171875,1.6339263916015625,4.5786895751953125,0.0130109200254082,5.462136733347492,4.861492947559868,1.099480523003472,0.8527150250816851,1.200825165559896,0.11087208986282349,0.38275146484374645,0.8956298828123863,0
2019-06-21,2019-06-23,2,17.0,94.0,east,monsoon,6,172,2019,normal,27.54672241210937,1005.2481079101562,1.40380859375,-0.0902862548828125,2.0609130859375,72.88209533691406,5871.65478515625,1.1495513916015625,1.0259552001953125,0.0132564911618828,2.062889806947815,1.54079605228625,1.385158962673611,0.8537509603042295,0.7260210210786825,1.1876355856657028,0.9318237304687536,0.59051513671875,0
2019-06-21,2019-06-23,2,20.0,70.0,west,monsoon,6,172,2019,normal,28.28500366210937,1002.6631469726562,0.0,3.5601043701171875,1.6488037109375,67.38111877441406,5843.91845703125,5.3624420166015625,-0.7396697998046875,0.0119056114926934,3.9233782386266007,5.413214922221077,0.2772013346354167,0.40287569881821395,0.6550003152692515,0.0201184302568435,1.3714294433593714,0.018310546875,0
2019-06-21,2019-06-23,2,20.0,73.0,west,monsoon,6,172,2019,normal,25.55062866210937,1003.7631225585938,0.06103515625,-0.4272003173828125,1.4173583984375,75.8865966796875,5842.84814453125,4.8604888916015625,0.4126739501953125,0.0126819023862481,1.4803394680928057,4.877976225295895,0.7620917426215277,0.8095426706552483,0.7085791989471929,0.0383928418159485,2.2462463378906286,0.6255493164061363,0
2019-06-21,2019-06-23,2,20.0,76.0,central,monsoon,6,172,2019,normal,24.81234741210937,1003.6281127929688,1.56402587890625,2.4663543701171875,-2.3443603515625,96.44554901123048,5838.6669921875,5.4483795166015625,-7.593185424804687,0.016070308163762,3.402782587379687,9.345656972754233,2.534654405381944,2.7844579039874953,1.1913852324351668,0.7117316126823425,1.064453125,0.20159912109375,0
2019-06-21,2019-06-23,2,20.0,79.0,central,monsoon,6,172,2019,normal,25.56430053710937,1001.275634765625,9.490966796875,3.3315887451171875,0.1263427734375,90.04971313476562,5837.3671875,0.8311920166015625,-4.292404174804688,0.0162376780062913,3.3339835127053936,4.372140639131236,3.2560560438368054,2.389384801234325,1.1101114242272663,7.609220266342163,1.322509765625,0.22076416015625,1
2019-06-21,2019-06-23,2,20.0,82.0,central,monsoon,6,172,2019,normal,22.89047241210937,1002.4255981445312,3.22723388671875,1.4790496826171875,2.5384521484375,97.7618408203125,5838.361328125,2.6866607666015625,-0.7787322998046875,0.0168852228671312,2.937912060215037,2.7972432982411797,2.9508802625868054,2.6210885253594207,0.627682433979353,2.5642383694648743,0.9805908203125036,0.4461059570311363,0
2019-06-21,2019-06-23,2,20.0,85.0,east,monsoon,6,172,2019,normal,25.72640991210937,1001.22314453125,0.02288818359375,-0.3793487548828125,0.6009521484375,89.45885467529297,5856.56298828125,0.4620513916015625,5.0767364501953125,0.015631141141057,0.7106679692674964,5.097719536540103,1.2664794921874998,1.0321166939330297,0.5870806130239395,0.050099566578864996,1.3299255371093786,0.76953125,0
2019-06-21,2019-06-23,2,20.0,88.0,east,monsoon,6,172,2019,normal,28.70101928710937,1002.30810546875,0.49591064453125,1.6216278076171875,5.9700927734375,83.75093078613281,5866.07177734375,1.7843170166015625,6.9790802001953125,0.0148620018735528,6.186411275520565,7.203564926929731,0.5611843532986107,0.4074428624376744,1.0906141624426287,0.3261975944042206,0.47882080078125355,0.88800048828125,0
2019-06-21,2019-06-23,2,20.0,91.0,east,monsoon,6,172,2019,normal,29.07992553710937,1003.920654296875,0.6256103515625,-1.4203643798828125,5.7200927734375,76.85888671875,5874.25537109375,0.6690826416015625,5.2115020751953125,0.0138491997495293,5.893801515861541,5.2542768732773855,0.8833143446180552,0.6552873473707079,1.2968918370807774,0.5693994462490082,0.04641723632812145,0.72869873046875,0
2019-06-21,2019-06-23,2,20.0,94.0,east,monsoon,6,172,2019,normal,24.87484741210937,1005.943115234375,2.28118896484375,-0.5258331298828125,-0.4791259765625,94.25556182861328,5881.240234375,2.1085357666015625,0.8697052001953125,0.0161823648959398,0.7113804761864948,2.2808573419407026,1.2969970703124998,0.6977919110014356,0.7246487375773066,2.16878205537796,0.49514770507812855,0.8507080078126137,0
2019-06-21,2019-06-23,2,23.0,70.0,west,monsoon,6,172,2019,normal,26.61312866210937,1002.3206176757812,0.0,4.355026245117188,1.1038818359375,66.80540466308594,5850.59765625,-0.1063079833984375,4.5689239501953125,0.0131472954526543,4.492750683420154,4.57016054969654,0.006781684027777777,0.019181499055624662,0.8623179163220479,0.0,3.1448974609375036,0.654052734375,1
2019-06-21,2019-06-23,2,23.0,73.0,west,monsoon,6,172,2019,normal,28.89242553710937,1001.8956298828124,0.0,1.7642059326171875,0.3284912109375,81.79762268066406,5850.3681640625,1.5011138916015625,-2.4330291748046875,0.015606821514666,1.7945275278871777,2.8588413528928056,0.2924601236979167,0.5471457462101319,1.0736064527015772,1.010976791381836,1.0868530273437536,0.2362060546873863,0
2019-06-21,2019-06-23,2,23.0,76.0,central,monsoon,6,172,2019,normal,25.71469116210937,1002.9556274414062,1.007080078125,2.9907684326171875,-1.0103759765625,87.71388244628906,5846.62109375,2.4015045166015625,-7.913497924804687,0.016610087826848,3.156826797838946,8.269865376724447,1.6428629557291667,2.9124507883011432,1.2133937971498538,0.9768791496753693,1.7734680175781286,0.3993530273438637,0
2019-06-21,2019-06-23,2,23.0,79.0,central,monsoon,6,172,2019,normal,26.88265991210937,1000.578125,2.66265869140625,0.9028778076171876,-0.1812744140625,91.65628051757812,5844.07177734375,-0.9598236083984376,-7.362716674804687,0.0172786135226488,0.9208956231198636,7.425015703194571,2.777947319878472,2.763920544697838,1.0216461623579538,2.5485586374998093,4.0923461914062536,0.01568603515625,1
2019-06-21,2019-06-23,2,23.0,82.0,central,monsoon,6,172,2019,normal,24.72836303710937,1001.4031372070312,2.44903564453125,0.2085418701171875,-1.0279541015625,99.30851745605467,5841.67529296875,-0.4031829833984375,-2.3002166748046875,0.0171069521456956,1.0488943447798451,2.335284408621699,3.0424329969618054,2.779494471614206,0.7150064000628125,1.383021354675293,0.6148681640625036,0.20849609375,0
2019-06-21,2019-06-23,2,23.0,85.0,east,monsoon,6,172,2019,normal,23.82406616210937,1002.798095703125,0.74005126953125,-1.6449737548828125,2.4495849609375,100.0,5851.7705078125,0.0636138916015625,7.283767700195312,0.0171651262789964,2.9506618130691344,7.284045485690846,2.7491251627604165,2.6432937502996543,0.9081825977615439,0.6813406944274903,0.6697692871093786,0.4884033203126137,0
2019-06-21,2019-06-23,2,23.0,88.0,east,monsoon,6,172,2019,normal,27.09945678710937,1002.7156372070312,0.3662109375,-1.7484893798828125,1.9906005859375,84.33953857421875,5869.8193359375,-1.0809173583984375,9.145095825195312,0.0149092087522149,2.6494727408104617,9.20875452966859,1.8480088975694446,2.670624188727759,1.114523298825836,0.3477707505226136,1.58251953125,0.4644165039063637,0
2019-06-21,2019-06-23,2,23.0,91.0,east,monsoon,6,172,2019,normal,26.73812866210937,1004.6781005859376,0.66375732421875,-1.7709503173828125,2.3568115234375,86.86393737792969,5878.0537109375,0.9698638916015624,7.1822052001953125,0.0152849564328789,2.948020621306112,7.247393152433854,1.761542426215278,2.504553186665037,1.179624031039909,0.4906486719846726,0.9409790039062536,0.1510620117188637,0
2019-06-21,2019-06-23,2,23.0,94.0,east,monsoon,6,172,2019,normal,25.74398803710937,1005.8431396484376,1.47247314453125,-0.4711456298828125,-0.2623291015625,83.99860382080078,5880.90869140625,1.5753326416015625,-0.7377166748046875,0.0159401316195726,0.5392538938980975,1.7395110876278548,1.1681450737847223,0.7005433645279221,0.7257442037829368,1.3567004352807999,0.70947265625,0.2420654296876137,0
2019-06-21,2019-06-23,2,26.0,70.0,west,monsoon,6,172,2019,normal,29.81625366210937,1001.078125,0.0,3.822799682617188,2.1536865234375,61.22758102416992,5855.0078125,-1.3758392333984375,4.6841583251953125,0.0134801277890801,4.387728689727109,4.882035724127278,0.0,0.0,1.1704214646660847,0.0,0.6466064453125036,0.64337158203125,0
2019-06-21,2019-06-23,2,26.0,73.0,west,monsoon,6,172,2019,normal,29.58578491210937,1001.068115234375,0.0,2.1665496826171875,1.4437255859375,64.82907104492188,5854.85498046875,3.9093170166015625,-3.4545135498046875,0.0143036255612969,2.60351322154108,5.216936208357806,0.11189778645833333,0.3164947344178069,1.166114992441641,0.2089068293571472,2.5419921875000036,0.1370849609373863,0
2019-06-21,2019-06-23,2,26.0,76.0,central,monsoon,6,172,2019,normal,27.82797241210937,1000.630615234375,0.0,2.0112762451171875,-1.1265869140625,57.53842926025391,5848.68603515625,0.2413482666015625,-1.5677947998046875,0.013104380108416,2.3053047974420995,1.5862627525369808,0.40774875217013884,0.8568437032771141,0.9294540140003716,0.0,3.5199890136718786,0.29327392578125,1
2019-06-21,2019-06-23,2,26.0,79.0,central,monsoon,6,172,2019,normal,27.91390991210937,1000.7731323242188,0.0,-0.6850128173828125,-0.6441650390625,71.8719253540039,5847.4365234375,-3.432479858398437,-5.227951049804688,0.0143169770017266,0.9403143929182041,6.254069887478465,1.1927286783854167,1.5798517541002777,3.6777671717635196,0.0,2.4757995605468786,0.6010131835936363,0
2019-06-21,2019-06-23,2,26.0,82.0,central,monsoon,6,172,2019,normal,26.77133178710937,1001.485595703125,4.60052490234375,-3.646926879882813,-2.1373291015625,93.18643188476562,5847.79345703125,-8.276229858398438,-2.8509979248046875,0.016424598172307,4.227085444558432,8.753523281301447,1.65557861328125,1.7554756219496712,6.6102314023184565,2.083115339279175,0.47772216796875355,0.47119140625,0
2019-06-21,2019-06-23,2,26.0,85.0,east,monsoon,6,172,2019,normal,26.45687866210937,1002.2781372070312,4.18853759765625,-4.7260284423828125,-0.0367431640625,93.22614288330078,5857.04736328125,-8.348495483398438,6.1040802001953125,0.0163058657199144,4.72617127263884,10.342010052535269,2.361721462673611,2.790878244334733,6.7689793469785835,0.19124507904052734,1.5059509277343786,0.5389404296875,0
2019-06-21,2019-06-23,2,26.0,88.0,northeast,monsoon,6,172,2019,normal,25.78500366210937,1004.390625,8.6517333984375,-2.4037628173828125,-1.1949462890625,92.14071655273438,5869.10546875,-3.121932983398437,3.990798950195313,0.0158080477267503,2.6843942176916555,5.066847324886657,1.7479790581597223,2.7253791172121318,6.7943440631713745,8.649218827486038,2.3794860839843786,0.72845458984375,1
2019-06-21,2019-06-23,2,26.0,91.0,northeast,monsoon,6,172,2019,normal,26.56234741210937,1004.255615234375,0.87738037109375,3.3647918701171875,-1.0718994140625,91.72740936279295,5876.90625,6.7335357666015625,3.660720825195313,0.0160431284457445,3.531400951899154,7.6642925883685535,1.4250013563368056,2.590695391178137,5.5565710086748075,0.8508339524269104,2.4979248046875036,0.47650146484375,0
2019-06-21,2019-06-23,2,26.0,94.0,northeast,monsoon,6,172,2019,normal,25.34945678710937,1005.1331176757812,0.41961669921875,-1.0756378173828125,1.3372802734375,89.1825942993164,5879.65966796875,7.604629516601562,5.6040802001953125,0.0157217402011156,1.7161920766362766,9.446486382512221,0.674777560763889,0.4807946144324121,5.4536481854453775,0.2851039171218872,2.0958862304687536,0.0390625,0
2019-06-21,2019-06-23,2,29.0,70.0,north,monsoon,6,172,2019,normal,33.896331787109375,999.1481323242188,0.0,1.2798309326171875,2.2435302734375,55.73518371582031,5859.41845703125,4.1261138916015625,3.633377075195313,0.0135259041562676,2.582904431819792,5.497840013771066,0.0,0.0,1.2727906240255247,0.0,2.475189208984375,0.4838256835936363,0
2019-06-21,2019-06-23,2,29.0,73.0,north,monsoon,6,172,2019,normal,31.16976928710937,999.8630981445312,0.0,-1.5033721923828125,-0.2965087890625,57.76475143432617,5849.068359375,3.8175201416015625,-1.0365447998046875,0.0135363945737481,1.5323333223620814,3.955740784421516,0.0,0.0,1.032165532080823,0.0,0.7206726074218786,0.190673828125,0
2019-06-21,2019-06-23,2,29.0,76.0,north,monsoon,6,172,2019,normal,29.20687866210937,1000.0006103515624,0.0,-1.0902862548828125,-1.1246337890625,48.36859893798828,5847.10546875,-1.2625579833984375,-3.1068572998046875,0.0117377648130059,1.5663732879130265,3.3535973137502366,0.0,0.0,6.30352892779119,0.0,2.2892150878906286,1.1945190429688637,0
2019-06-21,2019-06-23,2,29.0,79.0,north,monsoon,6,172,2019,normal,28.50765991210937,1001.7156372070312,0.0,-2.3266143798828125,0.1351318359375,84.61164093017578,5844.9384765625,-0.1375579833984375,1.0298614501953125,0.0163726229220628,2.3305353646236147,1.0390076060332942,0.5128648546006944,1.4452139009682692,7.7001332091685715,0.0117458403110504,0.6097412109375036,1.2039794921875,0
2019-06-21,2019-06-23,2,29.0,82.0,central,monsoon,6,172,2019,normal,7.154144287109375,1012.6130981445312,0.0152587890625,-0.2748565673828125,-0.7760009765625,54.45849990844727,5850.546875,-0.4832611083984375,-0.5463104248046875,0.009047926403582,0.8232397270901206,0.7293808190107308,1.0053846571180556,1.8157131834371887,8.02137635530892,1.3457871675491333,5.976196289062502,2.3916015625,1
2019-06-21,2019-06-23,2,29.0,85.0,east,monsoon,6,172,2019,normal,-1.066558837890625,1020.798095703125,0.244140625,0.2808074951171875,0.8968505859375,41.80378723144531,5857.6337890625,-0.2645111083984375,0.5591583251953125,0.0062174210324883,0.939783923468808,0.6185662123826331,1.9666883680555554,2.9591709917121807,6.366010546995679,0.6871502995491028,1.921539306640625,2.41156005859375,1
2019-06-21,2019-06-23,2,29.0,88.0,northeast,monsoon,6,172,2019,normal,4.894378662109375,1014.9781494140624,0.0,0.0981903076171875,0.9261474609375,39.77162170410156,5862.7578125,-0.2586517333984375,1.4927520751953125,0.0062550911679863,0.9313379923051223,1.5149948769517105,1.572502983940972,2.808859555891688,5.902747337042318,0.0,0.35931396484375,0.06884765625,0
2019-06-21,2019-06-23,2,29.0,91.0,northeast,monsoon,6,172,2019,normal,4.361175537109375,1016.8031005859376,0.0,0.5415496826171875,1.0032958984375,45.909889221191406,5864.236328125,0.0577545166015625,1.0728302001953125,0.007202566601336,1.140122238430725,1.0743836477902085,1.4250013563368054,2.646650483161181,4.923735530240624,0.0,2.048858642578125,0.91552734375,0
2019-06-21,2019-06-23,2,29.0,94.0,northeast,monsoon,6,172,2019,normal,5.958831787109375,1016.608154296875,0.37384033203125,-0.3647003173828125,0.8148193359375,57.10464096069336,5868.21337890625,-0.2742767333984375,0.3482208251953125,0.0090193161740899,0.8927132079882949,0.4432668153419811,0.8087158203124997,0.8326416075279173,5.047285838129009,2.019470453262329,3.465179443359375,2.58685302734375,1
2019-06-21,2019-06-23,2,32.0,70.0,north,monsoon,6,172,2019,normal,26.55453491210937,1002.7481079101562,0.0,1.3599090576171875,0.7415771484375,68.6254653930664,5847.53857421875,-1.1395111083984375,1.4790802001953125,0.0155686745420098,1.5489639479581057,1.867127152813445,0.0,0.0,1.5571355121651258,1.3371593952178955,0.35653686523437145,0.0013427734375,0
2019-06-21,2019-06-23,2,32.0,73.0,north,monsoon,6,172,2019,normal,29.90219116210937,1000.1431274414062,0.0,1.3052215576171875,0.7191162109375,59.99732971191406,5841.72607421875,0.8839263916015625,-0.3334197998046875,0.013590277172625,1.4902118773187067,0.9447193385718092,0.0,0.0,1.2707653111828499,0.0,0.21627807617187855,0.01873779296875,0
2019-06-21,2019-06-23,2,32.0,76.0,north,monsoon,6,172,2019,normal,26.41586303710937,1001.798095703125,0.0,-1.8754425048828125,0.5657958984375,45.6595458984375,5836.06689453125,0.9464263916015624,-1.7142791748046875,0.010899961926043,1.9589307256280952,1.9581818107338742,0.0,0.0,8.31551337481413,0.0,1.8681640625,2.1387939453126137,1
2019-06-21,2019-06-23,2,32.0,79.0,north,monsoon,6,172,2019,normal,-3.810699462890625,1020.6981201171876,0.0,1.4087371826171875,0.3304443359375,25.254037857055664,5833.9765625,0.8272857666015625,0.1216583251953125,0.0035132775083184,1.4469740525805521,0.8361832859552165,0.0016954210069444443,0.004795374763906166,8.4463414444555,0.0067092478275299,3.950103759765625,0.8786010742186363,1
2019-06-21,2019-06-23,2,32.0,82.0,central,monsoon,6,172,2019,normal,0.921722412109375,1017.2380981445312,0.0,-0.3080596923828125,2.6732177734375,33.15108871459961,5834.84326171875,0.4327545166015625,2.9341583251953125,0.0048589119687676,2.6909095187860066,2.9658997874088757,0.028822157118055552,0.0762751049750569,5.8892940002823435,0.0,0.316925048828125,0.99078369140625,0
2019-06-21,2019-06-23,2,32.0,85.0,east,monsoon,6,172,2019,normal,3.259613037109375,1011.7256469726562,0.0,2.0337371826171875,2.0413818359375,26.05066680908203,5839.330078125,1.2667388916015625,1.9204864501953125,0.0042070755735039,2.881549362418637,2.300629397551841,0.028822157118055552,0.0762751049750569,3.677801842834797,0.0,1.990509033203125,1.67071533203125,1
2019-06-21,2019-06-23,2,32.0,88.0,northeast,monsoon,6,172,2019,normal,6.781097412109375,1009.4506225585938,0.0,2.1519012451171875,0.3548583984375,31.71172523498535,5843.66357421875,1.0401763916015625,-0.0072479248046875,0.0053243050351738,2.1809638813328682,1.040201642980447,0.06951226128472222,0.09937394622613083,3.5010395177064915,0.0,0.5283203125,0.5281982421875,0
2019-06-21,2019-06-23,2,32.0,91.0,northeast,monsoon,6,172,2019,normal,6.156097412109375,1011.7881469726562,0.19073486328125,-0.4672393798828125,1.5657958984375,53.15629959106445,5846.23828125,0.0479888916015625,0.9146270751953124,0.0085863480344414,1.6340224703708859,0.9158851567732049,0.5976359049479167,0.924119543593185,2.628564039697505,1.2367758750915527,0.789276123046875,0.41302490234375,0
2019-06-21,2019-06-23,2,32.0,94.0,northeast,monsoon,6,172,2019,normal,4.855316162109375,1014.2881469726562,2.31170654296875,-0.1684112548828125,-0.0855712890625,53.83005142211914,5850.2666015625,0.2120513916015625,0.0318145751953125,0.0084027657285332,0.18890419869082203,0.21442471843287425,1.1528862847222223,1.0416813469664716,1.7973397646430103,3.9057397842407227,1.1353759765625,2.3013305664061363,1
2019-06-21,2019-06-24,3,8.0,70.0,south,monsoon,6,172,2019,normal,28.12362670898437,1007.2725219726562,1.617431640625,9.101715087890623,-2.2175750732421875,75.68600463867188,5852.27783203125,15.700454711914062,-5.650299072265625,0.0121243940666317,9.367969723830287,16.686226588624233,2.1582709418402777,1.1500604441888536,0.6473157700711341,1.5347450971603394,0.6010131835937536,0.10174560546875,0
2019-06-21,2019-06-24,3,8.0,73.0,south,monsoon,6,172,2019,normal,26.85800170898437,1007.5775146484376,4.2724609375,8.350738525390625,-1.9724578857421875,83.39188385009766,5849.75390625,14.444595336914062,-5.562408447265625,0.0129645811393857,8.580525859786784,15.478589153453601,2.1955702039930554,1.2381565707047062,0.6034172728906926,3.5763848423957825,1.0396118164062536,0.5114746093752274,1
2019-06-21,2019-06-24,3,8.0,76.0,south,monsoon,6,172,2019,normal,27.23300170898437,1006.907470703125,0.9613037109375,7.820465087890625,-1.2302703857421875,80.99211120605469,5850.00927734375,13.655532836914062,-5.328033447265625,0.0128696905449032,7.916643190958549,14.658155323069115,1.7005072699652777,1.6476997706484544,0.9383369323568265,0.17504584789276123,0.15704345703125355,0.2518310546873863,0
2019-06-21,2019-06-24,3,8.0,79.0,south,monsoon,6,172,2019,normal,27.39901733398437,1005.75,0.0,11.487457275390623,4.3722686767578125,65.29141235351562,5850.671875,13.856704711914062,-1.292877197265625,0.0116356359794735,12.291395691119966,13.916888909536887,0.6306966145833334,0.8994204446973677,0.932130952725929,0.0451896339654922,0.5478820800781286,0.011962890625,0
2019-06-21,2019-06-24,3,8.0,82.0,south,monsoon,6,172,2019,normal,29.16659545898437,1005.2550048828124,0.0,5.719879150390625,0.5607452392578125,63.844871520996094,5853.62890625,14.175064086914062,0.970794677734375,0.0115960584953427,5.7472996022848575,14.20826816239186,0.576443142361111,0.8010429177643984,0.5629997781603615,1.862645149230957e-06,0.35040283203125355,0.5762329101563637,0
2019-06-21,2019-06-24,3,8.0,85.0,south,monsoon,6,172,2019,normal,28.53573608398437,1005.6099853515624,1.983642578125,7.366363525390625,2.3849639892578125,72.10643768310547,5853.27197265625,7.6379547119140625,2.443450927734375,0.0127662168815732,7.742826668488837,8.019277063270492,3.0008951822916665,3.1021951686212317,0.9796749524004282,1.2712478637695312,0.43353271484375355,0.12432861328136369,0
2019-06-21,2019-06-24,3,8.0,88.0,south,monsoon,6,172,2019,normal,26.55526733398437,1007.155029296875,7.0953369140625,6.327301025390625,6.1232452392578125,91.74691772460938,5846.66943359375,10.546157836914062,5.123138427734375,0.0142906652763485,8.80504801383858,11.724674514494316,3.650241427951389,2.684976322348799,0.8753564965317243,1.408435344696045,0.35461425781250355,0.1634521484373863,0
2019-06-21,2019-06-24,3,8.0,91.0,south,monsoon,6,172,2019,normal,27.16464233398437,1007.4824829101562,2.9296875,4.887847900390625,5.8097686767578125,87.04581451416016,5853.8837890625,6.075454711914063,4.656341552734375,0.0137427793815732,7.592395483297038,7.654584679278137,3.9740668402777772,2.409591122944482,0.5198654724539193,1.0743979215621953,0.207275390625,0.5083618164061363,0
2019-06-21,2019-06-24,3,8.0,94.0,south,monsoon,6,172,2019,normal,27.20761108398437,1007.8775024414062,2.593994140625,3.844879150390625,4.5832061767578125,75.46959686279297,5861.0986328125,4.235610961914063,2.498138427734375,0.0120924459770321,5.982380340615222,4.917427765083057,2.351548936631944,0.6061598397328312,0.48971355150410073,2.00546532869339,0.34674072265625355,0.95843505859375,0
2019-06-21,2019-06-24,3,11.0,70.0,south,monsoon,6,172,2019,normal,27.82089233398437,1006.1525268554688,1.220703125,10.334136962890623,-0.9783172607421876,76.36408996582031,5843.30419921875,14.542251586914062,-7.490142822265625,0.0123942838981747,10.380341585441604,16.357851959075855,2.1260579427083335,1.4935956638469048,1.0517376703093086,0.4470553398132324,0.28112792968749645,0.085693359375,0
2019-06-21,2019-06-24,3,11.0,73.0,south,monsoon,6,172,2019,normal,27.27206420898437,1005.8099975585938,1.9683837890625,8.552886962890625,-0.1726531982421875,78.75837707519531,5836.67626953125,10.893814086914062,-6.279205322265625,0.0127843366935849,8.554629420778417,12.573925593839666,2.239651150173611,1.5172720343939086,0.924837197265594,1.5942770838737488,0.49224853515625355,0.08612060546875,0
2019-06-21,2019-06-24,3,11.0,76.0,south,monsoon,6,172,2019,normal,24.03964233398437,1006.3125,2.86865234375,0.246246337890625,-0.8318328857421875,88.8003158569336,5840.1689453125,8.167251586914062,-2.585845947265625,0.0137375341728329,0.8675155380318667,8.566831254725422,1.841227213541667,1.838274250989016,0.9444203465405081,1.396458625793457,2.6183166503906286,0.14703369140625,0
2019-06-21,2019-06-24,3,11.0,79.0,south,monsoon,6,172,2019,normal,27.33065795898437,1004.5399780273438,0.0,4.413238525390625,0.0490264892578125,70.78516387939453,5848.0458984375,8.286392211914062,-0.195220947265625,0.01235041487962,4.41351083363811,8.288691519650211,0.6951226128472224,0.8629909430225551,1.0881914740685088,1.862645149230957e-06,2.7596130371093786,0.24310302734375,0
2019-06-21,2019-06-24,3,11.0,82.0,south,monsoon,6,172,2019,normal,29.42636108398437,1004.02001953125,0.885009765625,5.398590087890625,5.8488311767578125,74.23949432373047,5852.4306640625,9.319595336914062,2.687591552734375,0.012932633049786,7.959497538870471,9.699381712158745,0.4543728298611113,0.6015472238915115,0.692123312670389,0.10625272989273082,0.24346923828124645,0.4378662109376137,0
2019-06-21,2019-06-24,3,11.0,85.0,south,monsoon,6,172,2019,normal,28.96151733398437,1004.9199829101562,0.335693359375,2.871246337890625,5.3898468017578125,74.66404724121094,5851.81884765625,6.553970336914063,2.039154052734375,0.0130055891349911,6.106922635769119,6.863867454134912,2.6753743489583335,2.960633272049362,1.0845114368450584,1.6812124252319336,1.3140258789062464,0.83856201171875,0
2019-06-21,2019-06-24,3,11.0,88.0,south,monsoon,6,172,2019,normal,27.03378295898437,1006.4500122070312,7.62939453125,2.612457275390625,3.0402374267578125,90.18376159667967,5850.34033203125,5.864517211914063,2.293060302734375,0.0147241102531552,4.008488072428353,6.296879201700836,2.9737684461805554,2.831257649105891,0.9060954355721502,2.448151111602783,0.6337890625,0.14154052734375,0
2019-06-21,2019-06-24,3,11.0,91.0,south,monsoon,6,172,2019,normal,27.79354858398437,1006.3099975585938,0.8697509765625,2.336090087890625,2.7560577392578125,89.9034423828125,5859.59423828125,3.1145172119140625,2.576263427734375,0.0145109640434384,3.6129172646026246,4.041948875529058,3.273857964409722,2.6345969629852135,0.6609519674354261,3.521507740020752,0.5440673828124964,0.89630126953125,0
2019-06-21,2019-06-24,3,11.0,94.0,south,monsoon,6,172,2019,normal,27.71737670898437,1007.197509765625,2.0294189453125,1.579254150390625,3.624221801757813,74.11883544921875,5864.61669921875,3.3977203369140625,1.796966552734375,0.0127099500969052,3.953356465063916,3.843643099915167,1.6242133246527775,0.9606202162767645,0.5965091118901267,0.8497574329376221,0.8385314941406214,0.84185791015625,0
2019-06-21,2019-06-24,3,14.0,70.0,south,monsoon,6,172,2019,normal,27.39315795898437,1004.842529296875,0.9307861328125,6.530426025390625,-1.0330047607421875,80.58258819580078,5838.63916015625,11.159439086914062,-4.072174072265625,0.0133455740287899,6.611623318733095,11.879212196495935,1.6632080078125,1.365223488122272,0.8966921333022791,0.11620116233825684,0.5026245117187536,0.08294677734375,0
2019-06-21,2019-06-24,3,14.0,73.0,south,monsoon,6,172,2019,normal,26.96347045898437,1004.7675170898438,5.3558349609375,5.972808837890625,-1.3318328857421875,82.72982788085938,5835.98779296875,7.7356109619140625,-4.101470947265625,0.0131205068901181,6.119495424422566,8.755669071256005,1.7632378472222223,1.48627030368188,0.9498355454301188,4.59761905670166,0.17462158203125355,0.376220703125,1
2019-06-21,2019-06-24,3,14.0,76.0,south,monsoon,6,172,2019,normal,21.55331420898437,1006.52001953125,0.9613037109375,2.950347900390625,0.9044952392578124,83.22608184814453,5836.19189453125,9.093032836914062,-0.285064697265625,0.0135038839653134,3.0858814577328495,9.097500099193434,1.6309950086805556,1.6129540810774592,0.8896726047942313,0.7786303758621216,1.6613464355468786,0.4715576171876137,0
2019-06-21,2019-06-24,3,14.0,79.0,south,monsoon,6,172,2019,normal,24.20565795898437,1005.2000122070312,0.18310546875,2.140777587890625,0.5460968017578125,89.56072998046875,5846.0322265625,7.5813140869140625,-4.091705322265625,0.014481876976788,2.2093325683800784,8.615008748033773,1.4292399088541667,1.8351191868130994,1.0599945206367158,0.1143775880336762,2.20947265625,0.55853271484375,0
2019-06-21,2019-06-24,3,14.0,82.0,south,monsoon,6,172,2019,normal,27.82870483398437,1003.5275268554688,0.396728515625,2.969879150390625,4.6183624267578125,85.32138061523438,5853.45068359375,5.866470336914063,2.757904052734375,0.0143764959648251,5.490851816686847,6.4823999396813905,1.202053493923611,1.7654502877652032,0.5691004041195138,0.7386151552200315,1.1150207519531286,0.51129150390625,0
2019-06-21,2019-06-24,3,14.0,85.0,south,monsoon,6,172,2019,normal,29.12948608398437,1004.52001953125,0.30517578125,3.704254150390625,4.5236358642578125,83.2828369140625,5853.654296875,10.485610961914062,3.187591552734375,0.0138066755607724,5.846775200320746,10.959415000431177,2.6228162977430554,2.721730055360685,0.9537378460284981,0.9778962135314939,0.007751464843753553,0.8245849609376137,0
2019-06-21,2019-06-24,3,14.0,88.0,south,monsoon,6,172,2019,normal,27.43026733398437,1005.7650146484376,5.4473876953125,2.235504150390625,2.4689483642578125,82.37197875976562,5855.005859375,5.651626586914063,3.375091552734375,0.0140083776786923,3.3306433059973624,6.582714186963676,1.9599066840277775,2.5341241764634805,0.8300574049046565,1.226304054260254,0.09671020507812855,0.00390625,0
2019-06-21,2019-06-24,3,14.0,91.0,south,monsoon,6,172,2019,normal,28.32284545898437,1006.0399780273438,0.1678466796875,0.688629150390625,3.3888702392578125,77.8279800415039,5862.8828125,0.3606109619140625,3.113372802734375,0.0130589948967099,3.4581283384650456,3.134187370700527,2.092149522569444,2.4973027722416057,0.6481052403440557,0.34684687852859497,0.49462890625,0.36627197265625,0
2019-06-21,2019-06-24,3,14.0,94.0,south,monsoon,6,172,2019,normal,27.84823608398437,1006.8975219726562,0.701904296875,0.530426025390625,2.8957061767578125,72.68541717529297,5868.33837890625,0.5031890869140625,0.718841552734375,0.0126737104728817,2.9438862122244203,0.877457939235252,0.8087158203124997,0.6931514756642435,0.5072131192458812,0.569026917219162,0.46563720703125355,0.11138916015613631,0
2019-06-21,2019-06-24,3,17.0,70.0,west,monsoon,6,172,2019,normal,27.90097045898437,1003.7025146484376,0.7781982421875,5.514801025390625,0.4933624267578125,82.0331039428711,5840.908203125,5.733657836914063,-0.496002197265625,0.0137384878471493,5.536825519536068,5.755071708545288,1.3868543836805554,1.5265475091644405,0.7447331701043581,0.7464028894901276,0.33984375,0.1284790039061363,0
2019-06-21,2019-06-24,3,17.0,73.0,west,monsoon,6,172,2019,normal,26.72128295898437,1004.282470703125,1.7852783203125,3.110504150390625,1.8302764892578125,95.7724838256836,5838.4609375,3.9973297119140634,-0.490142822265625,0.014880989678204,3.6090370040673188,4.027267660830291,2.922905815972222,4.398003790416912,0.9554790409131255,5.4663214683532715,0.011505126953128553,0.2689208984373863,1
2019-06-21,2019-06-24,3,17.0,76.0,central,monsoon,6,172,2019,normal,24.40487670898437,1004.52001953125,0.0,3.723785400390625,-0.1999969482421875,93.13912963867188,5843.6611328125,4.739517211914063,-4.163970947265625,0.0153840528801083,3.7291522478263817,6.308857063819234,3.451877170138889,4.3125258765073085,0.9811659810413303,5.524076461791992,1.4972229003906286,0.89385986328125,1
2019-06-21,2019-06-24,3,17.0,79.0,central,monsoon,6,172,2019,normal,24.72909545898437,1003.7974853515624,1.556396484375,1.136871337890625,0.8117218017578125,93.51823425292967,5848.78515625,7.2785797119140625,-3.068267822265625,0.0154131399467587,1.3969139996313906,7.898860047616848,3.2925075954861107,4.464213822831289,1.0284483138572755,1.5552770346403122,3.1046142578125036,0.3764038085938637,1
2019-06-21,2019-06-24,3,17.0,82.0,central,monsoon,6,172,2019,normal,26.06112670898437,1003.58251953125,6.011962890625,0.060699462890625,0.7804718017578125,97.39537811279295,5860.76708984375,0.2082672119140625,4.605560302734375,0.0162309147417545,0.7828286262869394,4.610266904820285,1.7242431640624998,2.0388493253924267,0.6594732138766802,5.42801433801651,1.8802795410156286,0.69873046875,1
2019-06-21,2019-06-24,3,17.0,85.0,east,monsoon,6,172,2019,normal,29.11386108398437,1003.8099975585938,1.1444091796875,1.489410400390625,5.1593780517578125,79.87789154052734,5861.9140625,0.9914703369140624,4.918060302734375,0.0140732275322079,5.3700582140002915,5.017004142943497,1.786973741319444,2.163144602438641,0.6822222760610799,0.11451542377471924,0.372802734375,1.3284912109375,0
2019-06-21,2019-06-24,3,17.0,88.0,east,monsoon,6,172,2019,normal,28.32870483398437,1004.9949951171876,1.4495849609375,0.413238525390625,5.2316436767578125,78.21184539794922,5866.248046875,1.3430328369140625,4.648529052734375,0.0141008840873837,5.247938799131238,4.838652659072046,1.0002983940972217,1.6436439934767344,0.7825498626439321,1.003960132598877,0.03445434570312855,0.8068237304686363,0
2019-06-21,2019-06-24,3,17.0,91.0,east,monsoon,6,172,2019,normal,28.29940795898437,1005.5875244140624,0.2899169921875,1.546051025390625,3.1906280517578125,81.1627426147461,5874.91552734375,-0.9636077880859376,3.222747802734375,0.0139945494011044,3.54547333056889,3.3637246274463544,1.0104709201388884,1.620480170074551,0.8797480750465478,0.2563912421464921,0.29013061523437855,0.5987548828126137,0
2019-06-21,2019-06-24,3,17.0,94.0,east,monsoon,6,172,2019,normal,28.09237670898437,1006.6275024414062,0.244140625,1.802886962890625,1.6476593017578125,77.17860412597656,5876.31787109375,1.4582672119140625,1.212982177734375,0.0134242521598935,2.4423723253488654,1.8968049517134966,0.3967285156249994,0.23791535570325364,0.604512243311781,0.4238225221633911,0.06994628906250355,0.06103515625,0
2019-06-21,2019-06-24,3,20.0,70.0,west,monsoon,6,172,2019,normal,28.38925170898437,1002.842529296875,0.030517578125,4.136871337890625,1.2150421142578125,65.57756805419922,5851.25830078125,1.7336578369140625,1.761810302734375,0.0118568884208798,4.311615915834928,2.471749388250058,0.5849202473958334,0.7292715065381838,0.756184313573817,0.0294055789709092,0.43688964843749645,0.2230224609373863,0
2019-06-21,2019-06-24,3,20.0,73.0,west,monsoon,6,172,2019,normal,25.93807983398437,1003.739990234375,1.861572265625,-0.194183349609375,1.3117218017578125,77.29177856445312,5843.1005859375,4.091079711914063,-0.636627197265625,0.0135229574516415,1.3260170656791257,4.140317306382826,2.1887885199652777,4.444603001354095,0.8988399410237886,1.8482208251953125,2.2771911621093786,0.56378173828125,0
2019-06-21,2019-06-24,3,20.0,76.0,central,monsoon,6,172,2019,normal,23.31698608398437,1004.532470703125,14.6026611328125,1.617340087890625,-0.2439422607421875,99.89422607421876,5844.73193359375,4.251235961914063,-4.562408447265625,0.0165923573076725,1.635633451135695,6.236070721500208,3.0890570746527772,4.29775748625739,0.9248007107224203,13.961845993995667,2.5066223144531286,0.4415283203126137,1
2019-06-21,2019-06-24,3,20.0,79.0,central,monsoon,6,172,2019,normal,25.44589233398437,1002.79248046875,4.7607421875,0.708160400390625,1.0607452392578125,99.2599105834961,5856.076171875,0.5188140869140625,0.865325927734375,0.017049167305231,1.275410371327411,1.0089385600668799,3.556993272569444,4.340436058337273,0.7840332854200155,3.176253318786621,2.0591735839843786,0.986572265625,0
2019-06-21,2019-06-24,3,20.0,82.0,central,monsoon,6,172,2019,normal,22.82479858398437,1004.5275268554688,1.15966796875,1.263824462890625,2.6916046142578125,81.67084503173828,5865.61083984375,2.3488922119140625,6.812591552734375,0.0152257429435849,2.9735479939786957,7.206156970783963,2.027723524305555,1.9491664778763518,0.8075392731915076,1.1596661061048508,1.7792358398437536,1.265625,0
2019-06-21,2019-06-24,3,20.0,85.0,east,monsoon,6,172,2019,normal,26.38339233398437,1003.9650268554688,0.0,0.235504150390625,2.3722686767578125,74.16810607910156,5871.3974609375,2.5227203369140625,8.666107177734375,0.0139511572197079,2.383929713640373,9.025825807883677,1.2173122829861107,1.7693438322206718,0.5122233648214178,0.1536346971988678,1.6730346679687536,1.45928955078125,0
2019-06-21,2019-06-24,3,20.0,88.0,east,monsoon,6,172,2019,normal,29.29159545898437,1004.2525024414062,0.1678466796875,1.248199462890625,6.1212921142578125,81.8527603149414,5879.22412109375,1.4074859619140625,5.953216552734375,0.0146363722160458,6.247256921820594,6.1173363530817655,0.4035101996527774,0.4963270795459121,0.6850029307765473,0.0874064862728119,0.011932373046871447,1.3467407226561363,0
2019-06-21,2019-06-24,3,20.0,91.0,east,monsoon,6,172,2019,normal,29.26620483398437,1005.5075073242188,0.030517578125,1.048980712890625,3.637893676757813,62.63652801513672,5882.18115234375,0.8235015869140625,3.978607177734375,0.0117410169914364,3.786110265088829,4.06293858412473,0.41029188368055514,0.4283614628072584,0.9336601677242121,0.029398128390312202,0.39733886718749645,0.65625,0
2019-06-21,2019-06-24,3,20.0,94.0,east,monsoon,6,172,2019,normal,25.57870483398437,1007.1749877929688,0.5950927734375,0.848785400390625,0.6681671142578125,95.7462387084961,5886.10693359375,5.132095336914063,0.050872802734375,0.0158246494829654,1.0802240269924968,5.1323474735478625,0.40181477864583287,0.23341458955044805,0.6604404105930698,0.4414357244968415,2.3901062011718786,0.10577392578125,0
2019-06-21,2019-06-24,3,23.0,70.0,west,monsoon,6,172,2019,normal,27.11776733398437,1002.3699951171876,0.0,4.249176025390625,0.4406280517578125,70.8040542602539,5857.50390625,0.4777984619140625,2.951263427734375,0.0142253385856747,4.271960905105565,2.9896901495121355,0.213623046875,0.58277122344574,1.0468143413423585,1.862645149230957e-06,2.4466857910156286,0.2469482421873863,0
2019-06-21,2019-06-24,3,23.0,73.0,west,monsoon,6,172,2019,normal,29.65487670898437,1001.9099731445312,0.0,1.619293212890625,0.9826202392578124,81.2679443359375,5856.86669921875,2.3078765869140625,-3.195220947265625,0.0158570744097232,1.894110092870191,3.94153919709942,1.903957790798611,4.527561406609677,1.2577603960388866,0.2454947680234909,1.1639404296874964,0.4766845703125,0
2019-06-21,2019-06-24,3,23.0,76.0,central,monsoon,6,172,2019,normal,25.54745483398437,1002.9924926757812,0.640869140625,1.952301025390625,1.0861358642578125,85.24401092529297,5854.546875,3.3684234619140625,-8.048736572265625,0.0168341137468814,2.2340927486047555,8.725161146276859,2.734714084201389,4.462469190135061,1.1737764006158073,0.6408672779798508,1.37158203125,0.383056640625,0
2019-06-21,2019-06-24,3,23.0,79.0,central,monsoon,6,172,2019,normal,26.28964233398437,1002.2349853515624,2.593994140625,-0.840667724609375,-0.0203094482421875,92.43914794921876,5856.61181640625,-0.3425140380859375,0.283294677734375,0.016976211220026,0.8409130138651715,0.44449042815178647,4.299587673611111,5.5506618249710185,1.1322862943962182,1.5709810256958008,2.6047973632812536,0.3594970703126137,0
2019-06-21,2019-06-24,3,23.0,82.0,central,monsoon,6,172,2019,normal,24.96151733398437,1003.8250122070312,0.6866455078125,-0.704925537109375,3.2531280517578125,94.1899642944336,5871.21923828125,0.2863922119140625,8.394622802734375,0.0167687870562076,3.328627665270257,8.399506681897037,2.685546875,4.2865037985206325,1.1414607104825703,0.4842132329940796,1.3385925292968786,0.88055419921875,0
2019-06-21,2019-06-24,3,23.0,85.0,east,monsoon,6,172,2019,normal,24.48104858398437,1005.1525268554688,0.335693359375,0.120269775390625,2.3263702392578125,93.84154510498048,5879.81005859375,3.9152984619140634,6.683685302734375,0.0166309811174869,2.329477046243848,7.746044879282208,2.1464029947916665,4.289659066818562,0.8274768575791497,0.2749599516391755,0.9737548828125036,0.604248046875,0
2019-06-21,2019-06-24,3,23.0,88.0,east,monsoon,6,172,2019,normal,27.27011108398437,1004.1325073242188,0.0,-0.859222412109375,1.7404327392578125,68.56047821044922,5886.4384765625,3.1125640869140625,7.119232177734375,0.013197754509747,1.9409712190940662,7.76991132482448,0.4221598307291667,0.7415136546445901,0.8958660533538547,0.0011119991540908,1.6407470703125036,0.7237548828125,0
2019-06-21,2019-06-24,3,23.0,91.0,east,monsoon,6,172,2019,normal,27.24472045898437,1005.5250244140624,0.213623046875,-0.740081787109375,2.2482452392578125,84.36744689941406,5887.61083984375,4.716079711914063,5.037200927734375,0.0149548994377255,2.36692368010809,6.900347892352637,0.5577935112847222,0.7266100525217732,1.1222126470935636,0.2057980746030808,0.747802734375,0.05859375,0
2019-06-21,2019-06-24,3,23.0,94.0,east,monsoon,6,172,2019,normal,25.24472045898437,1005.782470703125,0.701904296875,0.583160400390625,0.1808624267578125,79.96061706542969,5889.3193359375,3.1516265869140625,-0.999908447265625,0.0160482861101627,0.6105630761817153,3.3064432622164768,0.4781087239583333,0.24445830974728175,1.1052511797450377,0.619206577539444,0.7285766601562536,0.65142822265625,0
2019-06-21,2019-06-24,3,26.0,70.0,west,monsoon,6,172,2019,normal,29.76229858398437,1000.7525024414062,0.0,4.132965087890625,2.6066436767578125,51.53511428833008,5859.05908203125,0.5774078369140625,7.170013427734375,0.012218807823956,4.88630654741434,7.193225449269682,0.0,0.0,0.7715892721943712,1.862645149230957e-06,0.5775756835937464,0.2608032226561363,0
2019-06-21,2019-06-24,3,26.0,73.0,west,monsoon,6,172,2019,normal,30.43222045898437,1000.5775146484376,0.0,1.363433837890625,2.2882843017578125,59.55641174316406,5861.9140625,3.2883453369140625,-2.410064697265625,0.0137599455192685,2.6636810762507586,4.076962950507462,0.07120768229166667,0.20140574008405893,0.8286567749208907,0.3447495400905609,0.42047119140624645,1.7069091796873863,0
2019-06-21,2019-06-24,3,26.0,76.0,central,monsoon,6,172,2019,normal,27.88534545898437,1001.3499755859376,0.0,-1.326995849609375,0.5597686767578125,69.45735931396484,5860.1552734375,-0.0768890380859375,-3.622955322265625,0.0151866422966122,1.4402287861168792,3.62377112843935,0.3763834635416667,0.808827774327971,0.7476244614166456,1.862645149230957e-06,2.7562866210937536,0.7180175781247726,0
2019-06-21,2019-06-24,3,26.0,79.0,central,monsoon,6,172,2019,normal,26.88534545898437,1001.4724731445312,0.152587890625,-2.242034912109375,-0.5896453857421875,91.51043701171876,5862.42431640625,-2.348373413085937,-4.544830322265625,0.0167306400835514,2.318275701473909,5.1156954899088705,2.0514594184027777,4.328550947490277,3.8447720332020876,0.1503583043813706,3.7562866210937536,0.76171875,1
2019-06-21,2019-06-24,3,26.0,82.0,central,monsoon,6,172,2019,normal,26.30917358398437,1002.2150268554688,14.09912109375,-1.855316162109375,-1.3943328857421875,90.9477996826172,5870.173828125,-3.000717163085937,7.849700927734375,0.0168317295610904,2.3208537777392175,8.403696100390139,2.061631944444444,4.321758178015804,6.558559106412732,14.088563621044159,3.5747985839843786,0.141845703125,1
2019-06-21,2019-06-24,3,26.0,85.0,east,monsoon,6,172,2019,normal,28.69198608398437,1002.8400268554688,0.3814697265625,-2.662933349609375,0.8273468017578125,92.76476287841795,5881.33984375,-2.328842163085937,3.619232177734375,0.0172131992876529,2.788497221594579,4.303759679270521,2.032809787326389,4.328130572001293,6.688455289673753,0.38146786391735077,1.9039916992187536,0.623779296875,0
2019-06-21,2019-06-24,3,26.0,88.0,northeast,monsoon,6,172,2019,normal,27.30917358398437,1004.1224975585938,2.4871826171875,-0.139495849609375,1.0744171142578125,90.28262329101562,5887.76416015625,1.4387359619140625,2.998138427734375,0.0161860920488834,1.083434920735125,3.3254766876287576,0.4018147786458333,0.7505987060336115,6.704431551704571,2.4871807545423508,2.3922119140625036,0.3839111328125,0
2019-06-21,2019-06-24,3,26.0,91.0,northeast,monsoon,6,172,2019,normal,28.38729858398437,1003.1900024414062,0.18310546875,3.351715087890625,3.4318389892578125,82.40464782714844,5887.30517578125,10.606704711914062,4.781341552734375,0.0155375944450497,4.797031673710706,11.634578285853095,0.5069308810763888,0.7430045951172041,5.553075361245902,0.1803096383810044,0.6988220214843786,1.09124755859375,0
2019-06-21,2019-06-24,3,26.0,94.0,northeast,monsoon,6,172,2019,normal,25.79940795898437,1005.3175048828124,0.640869140625,-0.218597412109375,2.4669952392578125,93.75811767578124,5887.30517578125,9.552017211914062,6.224700927734375,0.0165937878191471,2.4766611272238332,11.401225129627065,0.41707356770833326,0.24625078200094322,5.455759075947671,0.5521029233932496,1.2930603027343786,0.2713012695313637,0
2019-06-21,2019-06-24,3,29.0,70.0,north,monsoon,6,172,2019,normal,31.06698608398437,1000.4450073242188,0.0,-2.976409912109375,-5.158981323242188,60.81209945678711,5852.68603515625,0.1027984619140625,3.082122802734375,0.0138519750908017,5.956014125106208,3.0838366517873634,0.5425347222222222,0.9909239039440421,1.848028568562875,1.862645149230957e-06,2.0484008789062464,0.6220092773436363,0
2019-06-21,2019-06-24,3,29.0,73.0,north,monsoon,6,172,2019,normal,31.30917358398437,1000.7424926757812,0.0,0.914215087890625,-1.0115203857421875,60.13525390625,5852.634765625,2.2063140869140625,0.627044677734375,0.0131991850212216,1.363437830522128,2.2936884875654844,0.2763536241319445,0.7498209051691411,1.43184312802986,0.0167638063430786,0.9596557617187464,0.431884765625,0
2019-06-21,2019-06-24,3,29.0,76.0,north,monsoon,6,172,2019,normal,30.66854858398437,1001.4249877929688,0.0,-2.050628662109375,2.3312530517578125,58.56830596923828,5854.037109375,-1.4128265380859375,1.285247802734375,0.0135377394035458,3.1048057429080163,1.9099583087474539,0.027126736111111122,0.05274912240296758,6.28996797776184,1.862645149230957e-06,0.21041870117187855,1.1435546875,0
2019-06-21,2019-06-24,3,29.0,79.0,north,monsoon,6,172,2019,normal,28.14901733398437,1002.4774780273438,0.0,-0.996917724609375,-0.0662078857421875,79.33631134033203,5859.84912109375,-3.133529663085937,1.851654052734375,0.0154412733390927,0.9991138242336477,3.6397295064945556,1.6157362196180554,4.414585909365047,7.605271602548923,8.096606254577637,0.439453125,1.45050048828125,1
2019-06-21,2019-06-24,3,29.0,82.0,central,monsoon,6,172,2019,normal,9.201751708984377,1014.2424926757812,0.2899169921875,-0.160003662109375,-0.1892547607421875,60.61959457397461,5868.05810546875,-0.3815765380859375,-0.249908447265625,0.0103085981681942,0.24782763435903124,0.45613033930266533,1.659817165798611,4.400042491094834,8.017052498635845,0.039745122194290106,2.0728149414062464,0.8985595703125,0
2019-06-21,2019-06-24,3,29.0,85.0,east,monsoon,6,172,2019,normal,-2.083404541015625,1021.58251953125,0.0152587890625,0.874176025390625,0.7375030517578125,37.07834243774414,5876.419921875,0.0969390869140625,0.187591552734375,0.0055755120702087,1.1437195787079266,0.21115818058750638,1.919216579861111,4.37226824313102,6.4833470052389774,0.0046472996473313,2.524261474609375,2.7117919921875,1
2019-06-21,2019-06-24,3,29.0,88.0,northeast,monsoon,6,172,2019,normal,5.275970458984375,1016.0025024414062,0.0,0.180816650390625,0.6535186767578125,39.249942779541016,5877.46484375,-0.0886077880859375,1.496185302734375,0.006256912369281,0.6780717675362746,1.498806792160963,0.3916422526041667,0.7597113238240073,6.185522083812689,1.862645149230957e-06,0.872039794921875,0.45697021484375,0
2019-06-21,2019-06-24,3,29.0,91.0,northeast,monsoon,6,172,2019,normal,5.725189208984375,1016.1900024414062,0.0,0.423980712890625,0.9542999267578124,49.87207412719727,5877.28662109375,-0.0182952880859375,1.187591552734375,0.0080674635246396,1.0442451795977843,1.1877324672215503,0.6239149305555556,0.7979905613106854,5.453672156595467,1.862645149230957e-06,2.09149169921875,0.30206298828125,0
2019-06-21,2019-06-24,3,29.0,94.0,northeast,monsoon,6,172,2019,normal,6.533782958984375,1016.8275146484376,0.335693359375,-0.066253662109375,-0.5437469482421875,61.029930114746094,5879.5810546875,-0.2233734130859375,-0.042877197265625,0.0097554670646786,0.5477684651982034,0.22745139199181919,0.6239149305555556,0.5110337537900013,5.6279003461037,2.591958284378052,3.334991455078125,2.0392456054688637,1
2019-06-21,2019-06-24,3,32.0,70.0,north,monsoon,6,172,2019,normal,22.49472045898437,1005.1375122070312,2.3956298828125,2.834136962890625,1.5724639892578125,72.14723205566406,5831.06787109375,1.8274078369140625,-0.037017822265625,0.013146256096661,3.241137967124431,1.8277827336913495,1.0850694444444444,1.1726774992221496,2.088348680386294,5.059713363647461,1.174560546875,0.220947265625,1
2019-06-21,2019-06-24,3,32.0,73.0,north,monsoon,6,172,2019,normal,28.19393920898437,1001.7750244140624,0.091552734375,2.874176025390625,-3.0398406982421875,57.48225402832031,5831.8837890625,-0.9714202880859376,-0.617095947265625,0.0124491201713681,4.183481719288349,1.1508539369688167,0.552707248263889,0.9857586563229461,1.6331287249574036,0.09155087172985077,0.5818176269531286,0.93896484375,0
2019-06-21,2019-06-24,3,32.0,76.0,north,monsoon,6,172,2019,normal,28.72128295898437,1003.0349731445312,0.0,-1.997894287109375,2.2287139892578125,65.11007690429688,5841.6220703125,0.0969390869140625,2.142669677734375,0.0143345342949032,2.993116708111755,2.144861425466471,0.020345052083333332,0.038062107205952364,8.115979397089536,1.862645149230957e-06,1.0245056152343714,2.507080078125,1
2019-06-21,2019-06-24,3,32.0,79.0,north,monsoon,6,172,2019,normal,-2.673248291015625,1021.4874877929688,0.0,1.412261962890625,0.6994171142578125,25.97418975830078,5848.9892578125,0.9367828369140624,0.279388427734375,0.0037020188756287,1.575965783747987,0.9775581706930002,0.03221299913194444,0.09111212051421715,8.165925389605665,0.0027958303689956,5.0146484375,1.91314697265625,1
2019-06-21,2019-06-24,3,32.0,82.0,central,monsoon,6,172,2019,normal,3.053314208984375,1017.2974853515624,0.0,-0.402191162109375,2.4533233642578125,33.865474700927734,5852.99169921875,0.3215484619140625,2.816497802734375,0.0051268083043396,2.4860718534451416,2.8347933409980457,0.03390842013888889,0.09063765736642564,5.908102080962852,0.0011119991540908,0.737457275390625,0.11798095703136369,0
2019-06-21,2019-06-24,3,32.0,85.0,east,monsoon,6,172,2019,normal,6.557220458984375,1011.77001953125,0.0,0.698394775390625,0.8136749267578125,33.0489501953125,5859.56884765625,0.3235015869140625,0.660247802734375,0.0055511933751404,1.0722976026865179,0.7352417546300584,0.03390842013888889,0.09063765736642564,3.3973749802442894,1.862645149230957e-06,0.52056884765625,0.91925048828125,0
2019-06-21,2019-06-24,3,32.0,88.0,northeast,monsoon,6,172,2019,normal,6.887298583984375,1011.239990234375,0.0,-2.042816162109375,-1.9499969482421875,32.362937927246094,5863.5458984375,-0.9655609130859376,-1.535064697265625,0.005432937759906,2.824107995514534,1.8134860081264907,0.10342068142361112,0.18946282341442863,3.2081231649734963,0.1123100519180297,0.30865478515625,2.6044921875,1
2019-06-21,2019-06-24,3,32.0,91.0,northeast,monsoon,6,172,2019,normal,6.311126708984375,1013.239990234375,0.457763671875,-3.009613037109375,1.8517608642578125,53.621337890625,5869.33251953125,-1.8972015380859373,0.566497802734375,0.0088261114433407,3.5336650848001367,1.9799730898723147,0.4747178819444445,0.5838110291741303,2.331554335346776,0.4097186028957367,1.209808349609375,2.84539794921875,1
2019-06-21,2019-06-24,3,32.0,94.0,northeast,monsoon,6,172,2019,normal,3.303314208984375,1017.177490234375,1.5106201171875,-1.605316162109375,-1.5798797607421875,51.68553161621094,5874.0234375,-1.1218109130859375,-0.462799072265625,0.0080479132011532,2.252345452796343,1.2135249095130385,0.8477105034722223,0.605974870781331,1.565882211799716,1.4196038246154785,1.404205322265625,0.30548095703125,0
2019-06-21,2019-06-25,4,8.0,70.0,south,monsoon,6,172,2019,normal,28.840789794921875,1007.639404296875,0.0,8.046432495117188,-1.6813507080078125,36.54876708984375,5855.205078125,17.264053344726562,-7.1231536865234375,0.0065603083930909,8.220219954587357,18.675836161505508,0.22718641493055558,0.3644721426774622,0.48368654491743485,0.1175105571746826,0.601165771484375,0.70556640625,0
2019-06-21,2019-06-25,4,8.0,73.0,south,monsoon,6,172,2019,normal,28.852508544921875,1007.0943603515624,0.1983642578125,9.100143432617188,-1.3825225830078125,72.73556518554688,5854.74658203125,11.484756469726562,-4.9258880615234375,0.0117592643946409,9.204562954683526,12.496559701117155,0.4781087239583333,0.4254256930811866,0.36910130023896515,0.1844689249992371,0.6658935546875036,1.05517578125,0
2019-06-21,2019-06-25,4,8.0,76.0,south,monsoon,6,172,2019,normal,27.651336669921875,1007.1968994140624,0.7476806640625,8.219284057617188,-2.8190460205078125,77.40914154052734,5853.19140625,12.297256469726562,-4.9122161865234375,0.0125298332422971,8.689283680807124,13.242068741151236,0.4543728298611111,0.44502783028180226,0.6206329235146325,0.2731308937072754,0.05694580078125,0.7494506835938637,0
2019-06-21,2019-06-25,4,8.0,79.0,south,monsoon,6,172,2019,normal,27.282196044921875,1006.3093872070312,0.0,10.409713745117188,3.848922729492188,66.22542572021484,5852.83447265625,12.619522094726562,-1.4102630615234375,0.0116424392908811,11.098483970024162,12.698077799493486,0.5408393012152778,0.758522339450204,0.7326856927984561,0.011831521987915,0.688720703125,1.01312255859375,0
2019-06-21,2019-06-25,4,8.0,82.0,south,monsoon,6,172,2019,normal,28.875946044921875,1005.8993530273438,0.0,3.941940307617188,0.3127899169921875,68.5968246459961,5854.33837890625,15.228897094726562,2.7186431884765625,0.0118470024317502,3.9543306539778724,15.469658286724409,1.9141303168402777,2.360849249100243,0.552989711606029,0.0533480197191238,0.37994384765625,1.2777709960938637,0
2019-06-21,2019-06-25,4,8.0,85.0,south,monsoon,6,172,2019,normal,27.434539794921875,1006.859375,5.767822265625,6.877487182617188,4.737594604492188,82.2720718383789,5856.70947265625,5.6878814697265625,3.0995025634765625,0.0137519668787717,8.351325199246956,6.477569895775466,3.4891764322916665,2.495526112098937,0.9266867947701855,0.6391181945800781,0.483551025390625,1.0150146484376137,0
2019-06-21,2019-06-25,4,8.0,88.0,south,monsoon,6,172,2019,normal,26.836883544921875,1008.0918579101562,6.3323974609375,6.277877807617188,4.929977416992188,89.78169250488281,5855.23095703125,10.879287719726562,5.7264556884765625,0.0139527153223752,7.982257017875669,12.294356267844151,3.991021050347222,1.9185409884485893,0.7543730203407306,0.4282388687133789,1.119415283203125,0.1827392578125,0
2019-06-21,2019-06-25,4,8.0,91.0,south,monsoon,6,172,2019,normal,28.086883544921875,1008.0343627929688,2.6397705078125,2.0366668701171875,3.867477416992188,60.86961364746094,5858.90185546875,8.072647094726562,1.8827056884765625,0.0098366569727659,4.370971689541984,8.289282950015593,4.557291666666667,2.7202711733851674,0.7082817387128173,12.53321361541748,1.2967529296875036,1.226806640625,1
2019-06-21,2019-06-25,4,8.0,94.0,south,monsoon,6,172,2019,normal,27.018524169921875,1009.0018920898438,8.5601806640625,5.888229370117188,5.124313354492188,79.87186431884766,5862.85302734375,11.726943969726562,3.2518463134765625,0.0124440025538206,7.80575636758781,12.169458464351537,5.196465386284722,3.026647992930248,0.5490647785520999,14.386054992675781,0.7200927734375036,1.10504150390625,1
2019-06-21,2019-06-25,4,11.0,70.0,south,monsoon,6,172,2019,normal,28.750946044921875,1006.5193481445312,0.213623046875,10.458541870117188,0.7473602294921875,83.51113891601562,5845.51806640625,12.805068969726562,-4.3106536865234375,0.0133437942713499,10.485210792426681,13.511163033750728,1.007080078125,1.9248263356078326,0.8533563811781293,0.0015869736671448031,0.5643310546875036,0.6968383789063637,0
2019-06-21,2019-06-25,4,11.0,73.0,south,monsoon,6,172,2019,normal,27.118133544921875,1006.5618896484376,1.220703125,8.729049682617188,-0.3981475830078125,81.28398132324219,5844.54931640625,12.525772094726562,-4.6563568115234375,0.0129260849207639,8.738125076894596,13.36325653892985,1.1342366536458333,1.890982026682467,0.7784896383557652,0.6736311912536621,1.256744384765625,0.3697509765623863,0
2019-06-21,2019-06-25,4,11.0,76.0,south,monsoon,6,172,2019,normal,23.735321044921875,1007.1543579101562,0.9765625,0.0933074951171875,-0.8366241455078125,80.95500946044922,5845.33935546875,9.109756469726562,-3.179794311523437,0.0124606918543577,0.841811290902968,9.648769600385418,1.0732014973958333,1.919927865880651,0.7404259035874886,0.1699570417404177,3.036529541015625,0.59490966796875,1
2019-06-21,2019-06-25,4,11.0,79.0,south,monsoon,6,172,2019,normal,27.321258544921875,1005.2393798828124,0.0,4.078659057617188,0.0520477294921875,69.47277069091797,5850.0302734375,5.4867095947265625,-0.3848724365234375,0.0119628738611936,4.078991134389486,5.500191721136638,0.6917317708333334,0.8674427359464558,0.8963960882524862,9.313225746154783e-06,2.4573974609374964,0.37744140625,0
2019-06-21,2019-06-25,4,11.0,82.0,south,monsoon,6,172,2019,normal,28.629852294921875,1005.2743530273438,2.3956298828125,5.648971557617188,5.417282104492188,81.39168548583984,5849.5966796875,6.8187408447265625,2.3924713134765625,0.0138759445399045,7.826737829927567,7.2262815952155215,1.617431640625,1.8635862257712021,0.5880935414198637,0.10724353790283203,0.267791748046875,1.21954345703125,0
2019-06-21,2019-06-25,4,11.0,85.0,south,monsoon,6,172,2019,normal,28.286102294921875,1005.9693603515624,3.2958984375,2.1714324951171875,6.580368041992188,81.07935333251953,5853.9560546875,5.6781158447265625,3.6795806884765625,0.0136475395411252,6.929384002126232,6.76611510315517,2.4871826171875,2.147487468863023,0.9017108396329389,1.6944537162780762,0.14337158203125,0.90283203125,0
2019-06-21,2019-06-25,4,11.0,88.0,south,monsoon,6,172,2019,normal,28.547821044921875,1006.5193481445312,1.5106201171875,2.8442840576171875,7.2678680419921875,64.1630859375,5854.4404296875,2.2035064697265625,2.5272369384765625,0.011078817769885,7.804604901993864,3.3529639582505517,2.694023980034722,1.991531609925864,0.8734915262929437,1.229213535785675,0.035858154296875,1.1893310546875,0
2019-06-21,2019-06-25,4,11.0,91.0,south,monsoon,6,172,2019,normal,27.481414794921875,1007.4618530273438,1.6326904296875,1.1157684326171875,3.3372039794921875,75.2890625,5860.2275390625,3.0902252197265625,-0.0723724365234375,0.0122456382960081,3.5187880862540597,3.0910725773107335,2.9805501302083335,2.554843635985501,0.8383590521486105,4.1313862800598145,0.86676025390625,1.1270751953125,0
2019-06-21,2019-06-25,4,11.0,94.0,south,monsoon,6,172,2019,normal,27.758758544921875,1008.15185546875,2.8076171875,2.9019012451171875,2.4553680419921875,82.2017593383789,5865.96337890625,2.2933502197265625,1.7557525634765625,0.0130667518824338,3.8012975492651493,2.888273237502711,3.511216905381944,2.7542895685002886,0.6296146403212453,5.7385711669921875,0.40563964843750355,0.70751953125,1
2019-06-21,2019-06-25,4,14.0,70.0,south,monsoon,6,172,2019,normal,27.653289794921875,1005.3143920898438,0.42724609375,8.819869995117188,1.7024383544921875,76.43665313720703,5841.2353515625,12.953506469726562,-3.9415130615234375,0.0127658676356077,8.9826723797328,13.539898636083203,1.3665093315972223,1.92450523712497,1.0619242828922546,0.9912606477737429,0.250823974609375,0.76202392578125,0
2019-06-21,2019-06-25,4,14.0,73.0,south,monsoon,6,172,2019,normal,26.881805419921875,1005.6068725585938,6.3629150390625,5.684127807617188,-1.0211944580078125,84.42684173583984,5842.7646484375,9.248428344726562,-2.254013061523437,0.0134134124964475,5.7751317780976095,9.519138707312756,1.3783772786458333,1.933623012916403,1.1842584831468863,4.165928840637207,0.206817626953125,0.5524291992186363,0
2019-06-21,2019-06-25,4,14.0,76.0,south,monsoon,6,172,2019,normal,21.368133544921875,1007.6018676757812,0.06103515625,2.6245574951171875,0.2883758544921875,91.54063415527344,5847.76123046875,9.441787719726562,-2.045028686523437,0.0140499901026487,2.640352756475904,9.660719314475662,1.544528537326389,1.9628597130797802,1.0129077556001338,0.024914741516113302,1.4647216796874964,0.61492919921875,0
2019-06-21,2019-06-25,4,14.0,79.0,south,monsoon,6,172,2019,normal,24.319305419921875,1006.2619018554688,0.091552734375,1.7808074951171875,-0.0915069580078125,94.518310546875,5851.5595703125,6.1156158447265625,-3.7989349365234375,0.0148505996912717,1.7831569919750183,7.199490524489141,1.239352756076389,1.192764526300832,0.974061115230138,4.437625408172607,1.202301025390625,0.82763671875,0
2019-06-21,2019-06-25,4,14.0,82.0,south,monsoon,6,172,2019,normal,28.139617919921875,1004.984375,1.953125,2.3257293701171875,5.468063354492188,84.0521469116211,5850.69287109375,4.0453033447265625,4.3592681884765625,0.0137147735804319,5.942115275873236,5.947074767473471,1.64794921875,1.2192611654844254,0.48263338952654694,0.7350165843963623,0.39794921875,0.677734375,0
2019-06-21,2019-06-25,4,14.0,85.0,south,monsoon,6,172,2019,normal,28.938446044921875,1005.326904296875,1.0528564453125,0.5894012451171875,5.317672729492188,73.28443145751953,5857.3720703125,5.4222564697265625,5.6424713134765625,0.0124072860926389,5.350237105561827,7.825493450696735,1.5936957465277777,1.138825787467016,0.5761418520653888,0.35361385345458984,1.2325439453125036,0.81988525390625,0
2019-06-21,2019-06-25,4,14.0,88.0,south,monsoon,6,172,2019,normal,28.717742919921875,1006.2593994140624,0.0762939453125,2.4761199951171875,4.911422729492188,72.95301818847656,5861.7314453125,2.8285064697265625,5.2928619384765625,0.0122484993189573,5.500294851913999,6.0012362350651465,1.1884901258680554,0.9685677720077639,0.7616253940062482,0.2214200794696808,0.439727783203125,1.3226318359376137,0
2019-06-21,2019-06-25,4,14.0,91.0,south,monsoon,6,172,2019,normal,27.713836669921875,1006.87939453125,1.9378662109375,0.2222137451171875,3.2248992919921875,73.39073944091797,5868.0283203125,2.4261627197265625,1.0370025634765625,0.0125336479395627,3.2325461159913433,2.638491966871977,1.1783175998263886,0.8467299830614553,0.7510030947017615,1.5720203518867493,0.385040283203125,1.20294189453125,0
2019-06-21,2019-06-25,4,14.0,94.0,south,monsoon,6,172,2019,normal,27.096649169921875,1007.9494018554688,1.3275146484375,2.6392059326171875,3.966110229492188,84.2419204711914,5870.34814453125,1.2269439697265625,3.7498931884765625,0.0136298965662717,4.7639729540840525,3.9455152299580973,1.476711697048611,0.8699674215133663,0.47722060461572596,1.8334071636199951,0.284576416015625,0.52691650390625,0
2019-06-21,2019-06-25,4,17.0,70.0,west,monsoon,6,172,2019,normal,28.012664794921875,1003.7619018554688,0.3509521484375,5.743698120117188,1.8225555419921875,81.01191711425781,5846.84375,5.7953033447265625,1.1424713134765625,0.0138072799891233,6.0259253894056934,5.906841927757653,1.656426323784722,2.146681529301728,0.8979609158341628,6.299689292907715,0.54986572265625,0.4149780273436363,1
2019-06-21,2019-06-25,4,17.0,73.0,west,monsoon,6,172,2019,normal,27.092742919921875,1004.4293823242188,2.7313232421875,0.6294403076171875,2.8313446044921875,82.86907196044922,5849.67333984375,4.2171783447265625,0.6932525634765625,0.0137157272547483,2.9004667504110855,4.273779627916897,1.8191867404513886,2.1268825091363075,1.2286577135455476,0.7627084255218508,0.04833984375,0.8200073242188637,0
2019-06-21,2019-06-25,4,17.0,76.0,central,monsoon,6,172,2019,normal,24.092742919921875,1005.4243774414062,0.06103515625,2.7700653076171875,1.1623992919921875,92.1451416015625,5856.8876953125,3.2581939697265625,-1.9805755615234373,0.0155925583094358,3.004069560194677,3.812939482770008,2.107408311631944,2.022267020213147,1.0367528588638835,0.3584623336791992,1.540374755859375,1.28680419921875,0
2019-06-21,2019-06-25,4,17.0,79.0,central,monsoon,6,172,2019,normal,25.223602294921875,1004.766845703125,2.3956298828125,1.2026824951171875,0.9299774169921876,95.243408203125,5860.15087890625,3.3206939697265625,1.1717681884765625,0.0159587692469358,1.5202970697126152,3.521370348046908,1.2054443359374998,1.1702163755844446,0.9540607404980607,0.12576580047607422,1.985107421875,1.05316162109375,0
2019-06-21,2019-06-25,4,17.0,82.0,central,monsoon,6,172,2019,normal,25.877899169921875,1004.8943481445312,3.2196044921875,-0.4809112548828125,0.5276336669921875,86.17688751220703,5861.4765625,0.4320220947265625,2.0311431884765625,0.0145754646509885,0.7139138054531402,2.076580300018919,1.1172824435763886,1.0965770225789537,0.6081368687152754,0.7410142421722412,2.26666259765625,1.0523071289063637,0
2019-06-21,2019-06-25,4,17.0,85.0,east,monsoon,6,172,2019,normal,28.616180419921875,1004.8869018554688,0.42724609375,1.4175262451171875,5.672164916992188,83.25944519042969,5868.283203125,2.0570220947265625,5.5995025634765625,0.0142893623560667,5.846608889018747,5.965380864334971,0.8036295572916664,1.0457930691378565,0.5089875702792441,0.052191317081451416,0.01824951171875,0.7877197265625,0
2019-06-21,2019-06-25,4,17.0,88.0,east,monsoon,6,172,2019,normal,28.637664794921875,1005.7818603515624,0.4119873046875,2.6714324951171875,4.210250854492188,82.18842315673828,5872.158203125,2.2523345947265625,3.8026275634765625,0.0140523742884397,4.986257497735174,4.4196139552130305,0.4950629340277775,0.5924617112090442,0.7437273388923253,0.09891018271446228,0.079010009765625,0.8777465820313637,0
2019-06-21,2019-06-25,4,17.0,91.0,east,monsoon,6,172,2019,normal,28.415008544921875,1006.7893676757812,0.3509521484375,2.4390106201171875,3.0159149169921875,79.6744613647461,5878.12353515625,1.5140533447265625,3.0174713134765625,0.0136890243738889,3.8787260268779518,3.3760169813452747,0.771416558159722,0.7566099995606034,0.9148093852484661,0.2034306526184082,0.10791015625,1.1475830078125,0
2019-06-21,2019-06-25,4,17.0,94.0,east,monsoon,6,172,2019,normal,27.973602294921875,1007.5718994140624,0.54931640625,3.4722137451171875,2.0227508544921875,82.93697357177734,5879.57666015625,2.6566314697265625,1.5487213134765625,0.0139355491846799,4.018431200248376,3.075098124086138,1.1478000217013886,0.7379386882562273,0.5755885600255838,1.8186736106872559,0.6844482421875036,0.8402709960938637,0
2019-06-21,2019-06-25,4,20.0,70.0,west,monsoon,6,172,2019,normal,28.680633544921875,1003.0968627929688,0.030517578125,3.610885620117188,1.9729461669921875,63.174537658691406,5855.33251953125,1.0667877197265625,1.8787994384765625,0.0117416214197874,4.114731040957386,2.1605377499546834,1.5682644314236114,2.2223160520255103,0.5386994417108241,0.030508264899253845,0.35144042968750355,0.8157958984375,0
2019-06-21,2019-06-25,4,20.0,73.0,west,monsoon,6,172,2019,normal,25.413055419921875,1004.2818603515624,4.1961669921875,-0.4369659423828125,2.0471649169921875,92.90443420410156,5860.2783203125,3.3402252197265625,0.1463775634765625,0.0152211021631956,2.0932805431107724,3.3434310086476584,2.5261773003472223,2.576904962585778,0.8627346585274227,4.105743020772934,1.795654296875,1.1629028320313637,0
2019-06-21,2019-06-25,4,20.0,76.0,central,monsoon,6,172,2019,normal,23.336883544921875,1005.4168701171876,2.1514892578125,0.6196746826171875,-0.0299835205078125,99.19424438476562,5864.8671875,0.9398345947265624,2.3143463134765625,0.0168099235743284,0.6203996484353892,2.497896700055348,2.9042561848958335,2.3085023266999034,0.663464329387509,0.7557533979415894,3.720123291015625,0.19677734375,1
2019-06-21,2019-06-25,4,20.0,79.0,central,monsoon,6,172,2019,normal,26.209930419921875,1004.1793823242188,0.91552734375,-0.6186065673828125,0.2717742919921875,92.02251434326172,5871.189453125,1.5589752197265625,5.2088775634765625,0.0165858101099729,0.6756739975735346,5.437169227365561,1.778496636284722,2.093330762899096,0.693121316583464,0.40573441982269287,4.08966064453125,0.06939697265625,1
2019-06-21,2019-06-25,4,20.0,82.0,central,monsoon,6,172,2019,normal,23.899383544921875,1006.016845703125,0.0,1.7602996826171875,2.9084930419921875,83.51234436035156,5874.197265625,1.1605377197265625,2.8338775634765625,0.0154971908777952,3.399703920628845,3.062304662126874,0.8256700303819443,1.1162335687594829,0.684044993937709,9.313225746154783e-06,3.885101318359375,0.6146240234373863,1
2019-06-21,2019-06-25,4,20.0,85.0,east,monsoon,6,172,2019,normal,25.748992919921875,1004.9043579101562,0.0,0.4575653076171875,1.5832977294921875,67.43746948242188,5876.97607421875,0.9886627197265624,5.7596588134765625,0.0128106903284788,1.6480891089227936,5.843896270557458,0.4611545138888888,0.9895305498631871,0.5771068998378668,0.0027846544981002,2.214630126953125,0.84222412109375,0
2019-06-21,2019-06-25,4,20.0,88.0,east,monsoon,6,172,2019,normal,29.288055419921875,1005.00439453125,0.091552734375,2.9106903076171875,5.111618041992188,72.10032653808594,5880.87646484375,2.4788970947265625,5.5916900634765625,0.0133380722254514,5.882240820816222,6.116529127881786,0.2814398871527777,0.3483337254989272,0.7552716075473306,0.03346800804138181,0.008056640625,1.2830810546876137,0
2019-06-21,2019-06-25,4,20.0,91.0,east,monsoon,6,172,2019,normal,29.311492919921875,1006.1668701171876,0.1068115234375,3.653854370117188,4.383102416992188,65.83926391601562,5882.83935546875,2.7816314697265625,4.0702056884765625,0.011956674978137,5.706333197059846,4.929913587465822,0.5272759331597221,0.6490960896756462,1.0965768468852992,0.0932291150093079,0.006561279296875,0.8883056640623863,0
2019-06-21,2019-06-25,4,20.0,94.0,east,monsoon,6,172,2019,normal,25.313446044921875,1007.6893920898438,2.0904541015625,0.9536590576171876,0.6409149169921875,92.28099822998048,5885.873046875,6.1663970947265625,0.9276275634765624,0.0150327514857053,1.1490158958858685,6.235779504310079,0.7646348741319443,0.7835633559980079,0.8980382859062803,1.8999520689249039,1.423675537109375,0.593017578125,0
2019-06-21,2019-06-25,4,23.0,70.0,west,monsoon,6,172,2019,normal,27.391571044921875,1002.9243774414062,0.0,2.4331512451171875,-0.1042022705078125,75.63877868652344,5861.4765625,-0.3160247802734375,2.1092681884765625,0.0153522323817014,2.4353815090852406,2.1328112791960927,1.1867947048611112,2.2656978601146096,0.662653093541873,9.313225746154783e-06,2.666748046875,0.581787109375,0
2019-06-21,2019-06-25,4,23.0,73.0,west,monsoon,6,172,2019,normal,27.372039794921875,1003.37939453125,6.4239501953125,-0.1967315673828125,1.8811492919921875,89.53887939453125,5866.19287109375,-1.5894622802734375,-6.0098724365234375,0.0166086982935667,1.891408461535373,6.216506820047429,2.1769205729166665,2.7276410335205132,1.1549589850908875,2.192627429962158,0.023101806640625,1.6104736328123863,0
2019-06-21,2019-06-25,4,23.0,76.0,central,monsoon,6,172,2019,normal,24.702117919921875,1004.3218994140624,6.7901611328125,2.2485809326171875,-0.0172882080078125,92.11143493652344,5873.4072265625,-1.8218841552734373,0.8866119384765625,0.0174083542078733,2.2486473918037264,2.0261645058300606,2.905951605902778,2.6192635901464114,1.2165982318560213,5.530331254005432,1.6822509765624964,0.48193359375,1
2019-06-21,2019-06-25,4,23.0,79.0,central,monsoon,6,172,2019,normal,27.077117919921875,1003.6018676757812,0.4730224609375,1.8979949951171875,0.7375946044921875,91.64436340332033,5877.5625,2.6468658447265625,4.7264556884765625,0.0171584915369749,2.036278665130556,5.417128591339928,2.2447374131944446,2.479306142583731,1.4675583748085643,0.47301314771175385,3.544189453125,0.58441162109375,1
2019-06-21,2019-06-25,4,23.0,82.0,central,monsoon,6,172,2019,normal,25.456024169921875,1004.6793823242188,0.0,-0.2445831298828125,2.0911102294921875,82.06869506835938,5883.6044921875,3.3206939697265625,5.8573150634765625,0.0161251854151487,2.105365265057382,6.733138064335812,1.3631184895833333,1.950169021835896,1.45500248842023,9.313225746154783e-06,1.8294677734374964,0.80450439453125,0
2019-06-21,2019-06-25,4,23.0,85.0,east,monsoon,6,172,2019,normal,24.168914794921875,1005.744384765625,0.0,0.9634246826171876,2.1047821044921875,84.70942687988281,5883.75732421875,5.7699127197265625,4.6366119384765625,0.0161824058741331,2.3147990898707795,7.4020310092086055,0.720553927951389,1.4401181880571607,1.466776548921311,9.313225746154783e-06,1.76214599609375,0.83233642578125,0
2019-06-21,2019-06-25,4,23.0,88.0,east,monsoon,6,172,2019,normal,27.666961669921875,1004.1168823242188,0.0,1.3013153076171875,3.3567352294921875,68.5408935546875,5886.5615234375,6.2113189697265625,4.2284088134765625,0.0136012863367795,3.600151792737743,7.513981929547829,0.37299262152777785,0.4333251988701669,1.5183894877101198,9.313225746154783e-06,2.438873291015625,0.6727905273436363,0
2019-06-21,2019-06-25,4,23.0,91.0,east,monsoon,6,172,2019,normal,27.623992919921875,1005.6468505859376,1.1444091796875,0.5454559326171875,2.7161102294921875,83.49044799804688,5885.1083984375,6.1937408447265625,6.4432525634765625,0.0149011444300413,2.7703387794960004,8.937445342399661,0.796847873263889,0.9453549559927519,1.7041581332345432,1.1335257440805435,1.615447998046875,0.09033203125,0
2019-06-21,2019-06-25,4,23.0,94.0,east,monsoon,6,172,2019,normal,25.288055419921875,1005.609375,0.0,0.5093231201171875,-0.0094757080078125,70.90512084960938,5884.87890625,5.6429595947265625,-0.9141693115234376,0.0140609573572874,0.5094112579519188,5.7165285373072185,1.242743598090278,1.1138361183669114,1.627193404706079,0.0007245689630508,0.43542480468750355,1.217529296875,0
2019-06-21,2019-06-25,4,26.0,70.0,west,monsoon,6,172,2019,normal,30.473602294921875,1002.2943725585938,0.0,3.1909637451171875,2.5100555419921875,71.63236999511719,5862.06298828125,-0.3882904052734375,2.0584869384765625,0.0151538681238889,4.059880348795763,2.0947882744339634,0.7137722439236112,2.0188527756044956,0.5263916762561461,9.313225746154783e-06,0.263580322265625,0.4456787109375,0
2019-06-21,2019-06-25,4,26.0,73.0,west,monsoon,6,172,2019,normal,29.516571044921875,1001.8993530273438,0.0,3.1118621826171875,0.8938446044921875,66.55646514892578,5869.9912109375,0.9808502197265624,-3.570419311523437,0.0146021675318479,3.237691217609054,3.7026964787350773,1.468234592013889,2.74817129028534,0.840451975911873,9.313225746154783e-06,0.86346435546875,1.0470581054686363,0
2019-06-21,2019-06-25,4,26.0,76.0,central,monsoon,6,172,2019,normal,27.741180419921875,1001.7619018554688,0.0,0.2983856201171875,-0.2975616455078125,84.92219543457031,5869.5068359375,2.1996002197265625,-2.820419311523437,0.0171160530298948,0.4213987555392583,3.5767312199039334,2.0989312065972223,2.8871620967161773,0.9227304349481414,9.313225746154783e-06,1.7578125,1.09234619140625,0
2019-06-21,2019-06-25,4,26.0,79.0,central,monsoon,6,172,2019,normal,27.051727294921875,1001.9693603515624,5.2032470703125,-0.8090362548828125,-0.9655303955078124,94.0919952392578,5876.64453125,3.6312408447265625,5.0155181884765625,0.0179748367518186,1.2596779772482647,6.192037852867964,1.9039577907986114,2.6369100448086265,3.492652042721686,5.202682688832283,2.577056884765625,0.7268676757813637,1
2019-06-21,2019-06-25,4,26.0,82.0,central,monsoon,6,172,2019,normal,27.995086669921875,1002.0318603515624,4.669189453125,0.2007293701171875,1.0569305419921875,90.31047821044922,5884.70068359375,3.1117095947265625,4.1502838134765625,0.0180225204676389,1.0758226854940094,5.187252869710412,1.2613932291666667,1.9942432385050886,6.0789728150177575,4.669180139899254,2.9022216796874964,0.07971191406261369,0
2019-06-21,2019-06-25,4,26.0,85.0,east,monsoon,6,172,2019,normal,29.207977294921875,1002.4193725585938,1.007080078125,1.8940887451171875,0.2766571044921875,95.08642578125,5887.0458984375,5.9359283447265625,1.3631744384765625,0.0181712936609983,1.9141868581320902,6.0904425014479955,0.7103814019097223,1.4448409254673595,6.237847601302323,0.9856391698122025,2.76593017578125,0.225341796875,0
2019-06-21,2019-06-25,4,26.0,88.0,northeast,monsoon,6,172,2019,normal,27.897430419921875,1002.079345703125,0.7171630859375,-0.0111846923828125,1.6916961669921875,96.4340591430664,5884.77685546875,11.135147094726562,2.9061431884765625,0.0181946586817502,1.6917331405277125,11.50813490766971,0.35095214843750006,0.4489185417402384,6.311431975783228,1.588374376296997,1.0513916015624964,1.23760986328125,0
2019-06-21,2019-06-25,4,26.0,91.0,northeast,monsoon,6,172,2019,normal,28.331024169921875,1002.296875,0.2899169921875,2.9263153076171875,1.7073211669921875,89.86563110351562,5882.83935546875,12.598037719726562,8.089736938476562,0.0167569946497678,3.3879590975769234,14.971786737774666,0.5442301432291667,0.8629876122136267,5.087175367746267,0.2787169069051743,1.546356201171875,1.60955810546875,0
2019-06-21,2019-06-25,4,26.0,94.0,northeast,monsoon,6,172,2019,normal,25.409149169921875,1004.1743774414062,2.7313232421875,-0.9906768798828124,1.2180633544921875,86.03593444824219,5881.38623046875,9.398818969726562,7.495986938476562,0.0161742996424436,1.5700697487344646,12.0219639912746,0.7697211371527778,1.10464713018375,4.974017925518159,2.716710790991783,2.4246826171874964,1.06561279296875,0
2019-06-21,2019-06-25,4,29.0,70.0,north,monsoon,6,172,2019,normal,31.627899169921875,1002.1568603515624,0.0,-1.7895050048828125,-3.860061645507813,82.34737396240234,5853.85400390625,-2.310165405273437,4.4315338134765625,0.0165362190455198,4.25469200643491,4.9975350063514625,0.0,0.0,1.4846929022703237,9.313225746154783e-06,3.26580810546875,1.42431640625,1
2019-06-21,2019-06-25,4,29.0,73.0,north,monsoon,6,172,2019,normal,30.446258544921875,1001.62939453125,0.0,-0.2270050048828125,-2.7497100830078125,67.7234878540039,5858.060546875,1.4847564697265625,0.7225494384765625,0.0147919487208127,2.7590644814568357,1.6512357389051633,0.0,0.0,1.1887050676306667,9.313225746154783e-06,1.963531494140625,1.14971923828125,0
2019-06-21,2019-06-25,4,29.0,76.0,north,monsoon,6,172,2019,normal,29.510711669921875,1001.9868774414062,0.0,-0.9682159423828124,0.9875946044921876,74.66168212890625,5862.7001953125,-1.8121185302734373,-2.869247436523437,0.0155243705958127,1.3830347840550932,3.3935754625109897,0.5781385633680556,1.6352227944920026,6.112274276332743,9.313225746154783e-06,0.123565673828125,0.7656860351561363,0
2019-06-21,2019-06-25,4,29.0,79.0,north,monsoon,6,172,2019,normal,28.118133544921875,1002.1118774414062,0.0,0.1733856201171875,-0.9518585205078124,91.37164306640624,5866.8046875,-3.183212280273437,0.1327056884765625,0.0168680977076292,0.9675211709966574,3.185977278801224,1.0969373914930556,2.0560389494848543,7.284221723244787,0.4436299204826355,0.09222412109375,1.150390625,0
2019-06-21,2019-06-25,4,29.0,82.0,central,monsoon,6,172,2019,normal,8.127899169921875,1013.4043579101562,0.0,-0.1742706298828125,-0.4801788330078125,53.145137786865234,5875.3447265625,-0.4253997802734375,-0.3223724365234375,0.009088022634387,0.5108247880716997,0.5337499048119322,1.208835177951389,2.0203898996802767,7.810749207172422,9.313225746154783e-06,3.2991943359375018,0.439453125,1
2019-06-21,2019-06-25,4,29.0,85.0,east,monsoon,6,172,2019,normal,0.372039794921875,1020.5243530273438,0.0,0.5317840576171875,-0.2487335205078125,27.00494956970215,5877.74072265625,0.1527252197265625,-0.1426849365234375,0.0041622943244874,0.5870797630305533,0.2090071382781559,0.7273356119791666,1.4372810966485297,6.378546890683061,0.0073891133069992,0.52850341796875,2.6373901367186363,1
2019-06-21,2019-06-25,4,29.0,88.0,northeast,monsoon,6,172,2019,normal,6.577117919921875,1013.6868896484376,0.0,0.2847137451171875,1.2405242919921875,42.66423416137695,5877.3330078125,-0.2242279052734375,1.6073150634765625,0.0070209330879151,1.272777449392223,1.6228801147287435,0.244140625,0.3496597746235605,6.187635698241199,9.313225746154783e-06,1.020660400390625,0.21069335937522737,0
2019-06-21,2019-06-25,4,29.0,91.0,northeast,monsoon,6,172,2019,normal,6.168914794921875,1014.704345703125,0.0,-0.2387237548828125,0.4006805419921875,51.96313095092773,5874.50341796875,-0.3257904052734375,0.8397369384765625,0.0085382293909788,0.4664053257377131,0.90072055267448,0.4425048828125,0.8381692323858448,5.268865979939834,0.0027846544981002,2.9441528320312482,0.76068115234375,0
2019-06-21,2019-06-25,4,29.0,94.0,northeast,monsoon,6,172,2019,normal,7.694305419921875,1015.0343627929688,0.0152587890625,0.0269012451171875,-0.6725616455078125,60.60906982421875,5876.8740234375,-0.1128997802734375,-0.2501068115234375,0.0099139045923948,0.6730994309884918,0.2744080493648296,0.6561279296875,1.1123228130253662,5.241340187706713,0.0112038105726243,2.881011962890625,0.7341918945311363,0
2019-06-21,2019-06-25,4,32.0,70.0,north,monsoon,6,172,2019,normal,23.655242919921875,1005.6268920898438,0.0,2.6382293701171875,0.7971649169921875,58.29963684082031,5843.1982421875,0.3558502197265625,-0.8126068115234375,0.0118727516382932,2.7560344907551673,0.8871072139339925,0.0,0.0,1.7794954902759375,9.313225746154783e-06,1.36370849609375,0.974853515625,0
2019-06-21,2019-06-25,4,32.0,73.0,north,monsoon,6,172,2019,normal,28.059539794921875,1002.1793823242188,0.0,1.1811981201171875,-1.0543975830078125,69.00928497314453,5840.572265625,-1.1988372802734375,-2.564559936523437,0.0139117073267698,1.5833455914679821,2.8309324422519353,0.0,0.0,1.4492773176097127,9.313225746154783e-06,1.36444091796875,1.62066650390625,0
2019-06-21,2019-06-25,4,32.0,76.0,north,monsoon,6,172,2019,normal,27.680633544921875,1003.3768920898438,0.0,-1.3783721923828125,1.5959930419921875,64.98412322998047,5845.26318359375,1.9613189697265625,0.4139556884765625,0.0135779213160276,2.1088157081219014,2.0045277281772305,0.0,0.0,7.959977226143548,7.618488788604736,2.73663330078125,1.9694213867186363,1
2019-06-21,2019-06-25,4,32.0,79.0,north,monsoon,6,172,2019,normal,-2.045928955078125,1021.50439453125,0.0,1.1880340576171875,0.6848602294921875,30.188770294189453,5852.83447265625,0.6585845947265625,0.1463775634765625,0.0043268031440675,1.3712980915900272,0.6746555117246769,0.0,0.0,7.883689456743072,0.2931989729404449,6.8800048828125,1.86041259765625,1
2019-06-21,2019-06-25,4,32.0,82.0,central,monsoon,6,172,2019,normal,3.411102294921875,1016.31689453125,0.0,1.0757293701171875,1.1692352294921875,36.31415557861328,5857.8056640625,1.1761627197265625,2.0037994384765625,0.005626184400171,1.5888060610465864,2.323482501099066,0.0,0.0,5.738111588733581,9.313225746154783e-06,0.594970703125,1.20233154296875,0
2019-06-21,2019-06-25,4,32.0,85.0,east,monsoon,6,172,2019,normal,5.844696044921875,1012.8018798828124,0.0,2.7642059326171875,2.6165008544921875,39.38095474243164,5860.40576171875,1.6878814697265625,1.8885650634765625,0.0064935511909425,3.806167515950185,2.5329077864838534,0.03390842013888889,0.06343684534325394,3.123425697543913,9.313225746154783e-06,0.469940185546875,2.1930541992186363,1
2019-06-21,2019-06-25,4,32.0,88.0,northeast,monsoon,6,172,2019,normal,7.928680419921875,1010.0518798828124,0.152587890625,0.4536590576171875,-0.7477569580078125,41.67770385742188,5863.974609375,0.3421783447265625,0.1776275634765625,0.0071811503730714,0.8746124906535534,0.3855354340478064,0.040690104166666664,0.06103515624999999,2.898892885764896,0.15257857739925385,0.884735107421875,1.2894287109373863,0
2019-06-21,2019-06-25,4,32.0,91.0,northeast,monsoon,6,172,2019,normal,5.165008544921875,1013.3318481445312,0.030517578125,-1.6703643798828125,0.7366180419921875,52.04613876342773,5865.912109375,-1.2945404052734375,0.1483306884765625,0.008426172658801,1.8255747865726282,1.3030106883788202,0.05255805121527778,0.05576878595444921,1.8225954180658483,0.0701509416103363,0.0181884765625,3.535400390625,1
2019-06-21,2019-06-25,4,32.0,94.0,northeast,monsoon,6,172,2019,normal,5.395477294921875,1014.6543579101562,0.0457763671875,-1.1059112548828125,-0.8551788330078125,53.93302917480469,5867.97705078125,-0.7125091552734375,0.0545806884765625,0.0085687469691038,1.3979880328890806,0.714596633005672,0.030517578125,0.01608417592452177,0.6160109384507538,0.010827556252479602,0.226409912109375,1.45941162109375,0
2019-06-21,2019-06-26,5,8.0,70.0,south,monsoon,6,172,2019,normal,28.990509033203125,1007.896240234375,0.06103515625,7.769882202148437,0.4983673095703125,75.66023254394531,5853.51611328125,12.229522705078123,-1.699615478515625,0.0124018508940935,7.785848663473455,12.347061122746222,0.29839409722222227,0.6415191708739145,0.4226171744734733,0.009167939424514798,0.48193359375,0.49359130859375,0
2019-06-21,2019-06-26,5,8.0,73.0,south,monsoon,6,172,2019,normal,28.670196533203125,1007.9412231445312,0.1678466796875,7.312850952148437,-1.1129608154296875,68.8875503540039,5855.0205078125,12.561553955078123,-3.324615478515625,0.0109684783965349,7.397058254807799,12.994064254355699,1.3139512803819446,2.0856834662093195,0.3581305883123559,0.1669079065322876,0.1634521484375,0.323486328125,0
2019-06-21,2019-06-26,5,8.0,76.0,south,monsoon,6,172,2019,normal,27.347930908203125,1007.7887573242188,1.190185546875,6.3050384521484375,-1.8248748779296875,78.03084564208984,5857.23828125,11.043975830078123,-3.051177978515625,0.0125444252043962,6.563815826420578,11.457708723472091,1.3224283854166667,2.0806732679488666,0.7015170921767498,1.0556895285844803,0.972869873046875,0.69140625,0
2019-06-21,2019-06-26,5,8.0,79.0,south,monsoon,6,172,2019,normal,26.814727783203125,1007.2987670898438,0.030517578125,9.166366577148438,3.5208282470703125,70.37511444091797,5855.68310546875,14.120147705078123,-0.279693603515625,0.0119693595916032,9.819292630939978,14.122917535873052,1.1155870225694446,2.0909112514832744,0.8102385575831654,0.1493208110332489,0.97216796875,0.71875,0
2019-06-21,2019-06-26,5,8.0,82.0,south,monsoon,6,172,2019,normal,28.959259033203125,1006.6812744140624,0.0,3.098007202148437,2.6809844970703125,76.10343170166016,5856.75390625,13.899444580078123,4.733978271484375,0.01267078705132,4.096989931412444,14.683497877193611,1.0019938151041667,1.4093446529999838,0.6984545783154003,0.005008652806282,0.2470703125,0.7562866210938637,0
2019-06-21,2019-06-26,5,8.0,85.0,south,monsoon,6,172,2019,normal,28.185821533203125,1007.4837646484376,3.5552978515625,8.385116577148438,7.334304809570312,82.69741821289062,5858.9462890625,10.432647705078123,5.431243896484375,0.0134041626006364,11.140117012493887,11.761740874605705,1.5038384331597223,1.3602518163746615,0.7064730447164655,0.1582019329071045,0.675048828125,0.6763305664061363,0
2019-06-21,2019-06-26,5,8.0,88.0,south,monsoon,6,172,2019,normal,27.443634033203125,1007.82373046875,0.9002685546875,6.4954681396484375,7.553054809570312,83.84381866455078,5864.01953125,11.774444580078123,7.523040771484375,0.0135281402617692,9.961914640748592,13.972604897396453,2.2752549913194446,1.1843119491882352,0.6080457335118545,0.3033541440963745,0.207183837890625,1.1793212890623863,0
2019-06-21,2019-06-26,5,8.0,91.0,south,monsoon,6,172,2019,normal,27.543243408203125,1007.9512329101562,1.7242431640625,5.9944915771484375,5.6048126220703125,70.88803100585938,5864.580078125,10.592803955078123,4.919525146484375,0.0120690185576677,8.206573815973524,11.679435915214862,2.707587348090278,1.440968226231928,0.6430748530371154,0.040091514587402344,0.4356689453125,1.13104248046875,0
2019-06-21,2019-06-26,5,8.0,94.0,south,monsoon,6,172,2019,normal,27.781524658203125,1008.8887329101562,4.7454833984375,4.4300384521484375,2.9856719970703125,68.81317901611328,5868.455078125,14.309600830078123,2.661712646484375,0.0113327819854021,5.342235296353349,14.555046895445832,3.531561957465278,1.2610468052616886,0.47682973321855876,4.190998136997223,0.9185180664062464,0.73382568359375,0
2019-06-21,2019-06-26,5,11.0,70.0,south,monsoon,6,172,2019,normal,28.746368408203125,1006.9662475585938,0.0,9.674179077148438,1.3987579345703125,35.7040901184082,5851.6806640625,16.485382080078125,-3.988677978515625,0.006521972361952,9.774776957877863,16.961054635324317,2.0345052083333335,4.279793396394366,0.8301385809116153,0.127030536532402,0.366668701171875,0.60601806640625,0
2019-06-21,2019-06-26,5,11.0,73.0,south,monsoon,6,172,2019,normal,27.951446533203125,1007.1287231445312,2.105712890625,8.135116577148438,0.0491485595703125,78.53295135498047,5849.1826171875,11.352569580078123,-2.797271728515625,0.0126521904021501,8.135265042068584,11.69211551404056,2.8211805555555554,4.4512005581147385,0.7985884082628505,1.8628314137458801,0.625244140625,0.40863037109375,0
2019-06-21,2019-06-26,5,11.0,76.0,south,monsoon,6,172,2019,normal,24.144805908203125,1007.9837646484376,6.8817138671875,1.3372650146484375,-0.1842498779296875,93.26632690429688,5850.83935546875,10.366241455078123,-2.715240478515625,0.0138418991118669,1.3498984172595323,10.715945724067007,3.6434597439236107,4.687028093877023,0.8243121321233721,6.08425772190094,1.996246337890625,0.5185546875,1
2019-06-21,2019-06-26,5,11.0,79.0,south,monsoon,6,172,2019,normal,27.722930908203125,1005.63623046875,0.1373291015625,4.5794525146484375,0.0628204345703125,74.66594696044922,5852.47119140625,8.399444580078125,0.138275146484375,0.0126784164458513,4.579883376344806,8.400582674430332,2.339680989583333,3.048280218009946,1.097339461386251,0.0658463686704635,1.72088623046875,0.6287841796876137,0
2019-06-21,2019-06-26,5,11.0,82.0,south,monsoon,6,172,2019,normal,28.549102783203125,1005.7937622070312,0.579833984375,6.8118743896484375,5.4436798095703125,81.31752014160156,5851.06884765625,8.821319580078125,1.874603271484375,0.013771804049611,8.719821246417368,9.018304527976953,2.037896050347222,2.6066203390620593,0.8732916493636155,4.01721715927124,0.022125244140625,0.7390747070311363,0
2019-06-21,2019-06-26,5,11.0,85.0,south,monsoon,6,172,2019,normal,28.416290283203125,1005.998779296875,1.129150390625,3.067733764648437,6.9085235595703125,81.80400085449219,5855.4794921875,7.327178955078125,6.263275146484375,0.0137098152190446,7.559013707085213,9.63930324247083,1.5360514322916663,1.4314012938914273,0.9688980946861234,5.793193340301514,0.590728759765625,1.19635009765625,1
2019-06-21,2019-06-26,5,11.0,88.0,south,monsoon,6,172,2019,normal,27.615509033203125,1006.8512573242188,2.9144287109375,5.2503509521484375,6.5794219970703125,82.33969116210938,5854.86767578125,8.924835205078125,5.013275146484375,0.0134461242705583,8.417539957508886,10.23648431504488,1.7276340060763886,1.359693823288254,0.9532027491337491,8.405234336853027,0.67730712890625,0.7938842773436363,1
2019-06-21,2019-06-26,5,11.0,91.0,south,monsoon,6,172,2019,normal,27.320587158203125,1007.7312622070312,4.0740966796875,5.2464447021484375,3.4749298095703125,80.49202728271484,5859.8642578125,8.872100830078125,4.566009521484375,0.0129511673003435,6.29287845060921,9.978106838942892,2.438015407986111,1.6464851339951394,0.97758670122983,2.658845901489258,0.7019653320312464,0.4066162109375,0
2019-06-21,2019-06-26,5,11.0,94.0,south,monsoon,6,172,2019,normal,26.441680908203125,1008.8662719726562,2.6397705078125,7.829452514648437,5.1194610595703125,92.51841735839844,5866.08447265625,10.626007080078123,3.288665771484375,0.0137846786528825,9.354635654026913,11.123279598320062,3.312852647569444,1.4378109787278432,0.8917161915760418,0.34126830101013184,0.603302001953125,0.3507080078125,0
2019-06-21,2019-06-26,5,14.0,70.0,south,monsoon,6,172,2019,normal,27.949493408203125,1005.7412719726562,0.9613037109375,9.402694702148438,1.8528594970703125,81.0274887084961,5848.16259765625,12.508819580078123,-1.525787353515625,0.0133688766509294,9.583514802915158,12.601531428167531,3.6671956380208335,4.174554828506249,1.0411958049279348,0.23243951797485352,0.0963134765625,0.4112548828125,0
2019-06-21,2019-06-26,5,14.0,73.0,south,monsoon,6,172,2019,normal,26.506134033203125,1006.26123046875,13.9923095703125,7.352890014648437,0.3294219970703125,90.0770492553711,5849.1826171875,10.776397705078123,-2.746490478515625,0.0140960533171892,7.360265648716116,11.120879346822806,4.006279839409722,4.237837667583367,1.2114566672096083,1.3666305541992205,0.13934326171875,1.0289306640623863,0
2019-06-21,2019-06-26,5,14.0,76.0,south,monsoon,6,172,2019,normal,21.519805908203125,1008.0862426757812,0.030517578125,3.6419525146484375,1.1595001220703125,90.19115447998048,5850.04931640625,10.641632080078123,0.741790771484375,0.0138838607817888,3.8220751761360146,10.667454564065752,4.876030815972222,4.257625138678431,1.1080566793132545,0.0290833413600921,1.7677001953125,0.7488403320311363,0
2019-06-21,2019-06-26,5,14.0,79.0,south,monsoon,6,172,2019,normal,24.219024658203125,1006.5062255859376,8.2550048828125,2.140975952148437,0.5052032470703125,91.30159759521484,5852.39453125,9.202178955078123,-4.242584228515625,0.0146715957671403,2.1997746131202383,10.133095206171323,3.114488389756944,2.87178395680357,1.2075773826192744,7.389407634735107,2.19818115234375,0.1659545898436363,1
2019-06-21,2019-06-26,5,14.0,82.0,south,monsoon,6,172,2019,normal,28.181915283203125,1004.7662353515624,3.9520263671875,3.547225952148437,5.8011016845703125,80.16012573242188,5854.306640625,7.002960205078125,4.255462646484375,0.013799937441945,6.799675926860037,8.194535616466112,2.421061197916666,2.5947818931263837,0.6324005282504779,7.343880653381348,0.3968505859375,0.3816528320313637,1
2019-06-21,2019-06-26,5,14.0,85.0,south,monsoon,6,172,2019,normal,28.474884033203125,1005.13623046875,0.701904296875,3.387069702148437,6.2141876220703125,73.04154205322266,5857.13623046875,8.639678955078125,6.282806396484375,0.0121810752898454,7.077313683135982,10.68258904304218,1.3207329644097217,1.2163957494391424,0.698759813445595,1.0093804597854614,0.750579833984375,0.90374755859375,0
2019-06-21,2019-06-26,5,14.0,88.0,south,monsoon,6,172,2019,normal,28.701446533203125,1005.813720703125,0.091552734375,3.186874389648437,5.4221954345703125,71.53607940673828,5861.59765625,4.342803955078125,4.153900146484375,0.012332709506154,6.289385638206028,6.009561765986362,1.2020534939236107,1.281410816843529,0.9103990234734031,1.4939159154891968,1.367431640625,0.75390625,0
2019-06-21,2019-06-26,5,14.0,91.0,south,monsoon,6,172,2019,normal,28.418243408203125,1006.5087280273438,0.457763671875,3.431991577148437,3.982742309570313,69.0278091430664,5865.47265625,1.979522705078125,3.542572021484375,0.0117357093840837,5.257452091085499,4.058118611785972,1.8497043185763886,1.5833199021307016,1.0322189177389731,2.870392084121704,0.6442260742187536,0.4217529296875,0
2019-06-21,2019-06-26,5,14.0,94.0,south,monsoon,6,172,2019,normal,27.400665283203125,1007.0562744140624,4.39453125,2.307968139648437,2.6419219970703125,78.6911392211914,5870.54541015625,3.370147705078125,3.224212646484375,0.0131018478423357,3.5080576922616675,4.664058612817074,2.373589409722222,1.5473463955469313,0.9132924212340725,5.075139999389648,0.28021240234375355,1.2115478515626137,1
2019-06-21,2019-06-26,5,17.0,70.0,west,monsoon,6,172,2019,normal,27.722930908203125,1004.3087768554688,4.5928955078125,6.5550384521484375,0.7337188720703125,86.02595520019531,5852.6494140625,8.270538330078125,1.146087646484375,0.0142758209258317,6.595973960862544,8.349570118438168,3.4637451171875,4.288120937317997,1.0909785181685356,0.08611774444580078,0.225067138671875,0.5079345703125,0
2019-06-21,2019-06-26,5,17.0,73.0,west,monsoon,6,172,2019,normal,26.844024658203125,1005.0187377929688,5.79833984375,3.305038452148437,3.2591094970703125,96.98473358154295,5855.326171875,3.772491455078125,2.925384521484375,0.0152943450957536,4.64166714490318,4.773841888581757,3.070407443576389,4.341045947443799,1.3478173082798752,0.044321537017822266,0.189910888671875,0.33673095703125,0
2019-06-21,2019-06-26,5,17.0,76.0,central,monsoon,6,172,2019,normal,24.138946533203125,1005.873779296875,1.6937255859375,3.318710327148437,1.4378204345703125,92.95784759521484,5858.79345703125,3.047882080078125,-1.217193603515625,0.0152185279875993,3.6167894378287557,3.281942327723129,3.9774576822916665,4.514000404235683,1.2452942271683871,1.5167966485023499,2.473388671875,0.56396484375,0
2019-06-21,2019-06-26,5,17.0,79.0,central,monsoon,6,172,2019,normal,25.265899658203125,1004.8587646484376,4.9896240234375,0.2347259521484375,1.3928985595703125,93.47103118896484,5861.54638671875,2.518585205078125,0.226165771484375,0.0159628707915544,1.4125376702463697,2.528719516164168,2.3718939887152777,2.65862340863631,1.202030119701706,4.905205219984055,4.54241943359375,0.1260375976563637,1
2019-06-21,2019-06-26,5,17.0,82.0,central,monsoon,6,172,2019,normal,25.795196533203125,1004.7462768554688,1.5106201171875,0.8909759521484375,0.7053985595703125,87.78752899169922,5860.09326171875,2.377960205078125,2.505462646484375,0.0145118553191423,1.1364089383451217,3.454278189414351,2.276950412326389,2.6948726238462304,0.783757484404363,1.091308832168579,2.4961547851562464,0.1005859375,0
2019-06-21,2019-06-26,5,17.0,85.0,east,monsoon,6,172,2019,normal,28.011993408203125,1004.59375,0.5340576171875,3.477890014648437,6.3186798095703125,82.49881744384766,5863.7646484375,3.245147705078125,6.097259521484375,0.0142042953521013,7.212588542947866,6.9070657518302,0.8612738715277777,1.1772278794165745,0.526046493674056,0.1765769124031067,0.796661376953125,0.83306884765625,0
2019-06-21,2019-06-26,5,17.0,88.0,east,monsoon,6,172,2019,normal,28.664337158203125,1005.1512451171876,0.4730224609375,2.962265014648437,4.3401641845703125,75.58463287353516,5868.1748046875,4.221710205078125,5.454681396484375,0.0130203086882829,5.254715897747184,6.897563786788312,0.39672851562499994,0.20622899304924117,0.7443312804498828,0.24783796072006226,0.35089111328125,0.7889404296873863,0
2019-06-21,2019-06-26,5,17.0,91.0,east,monsoon,6,172,2019,normal,28.342071533203125,1006.0537719726562,0.4425048828125,4.2864837646484375,4.4720001220703125,82.79562377929688,5870.31591796875,3.504913330078125,3.110931396484375,0.0139267761260271,6.194572475675099,4.686396441295972,1.0426839192708333,1.2529769192154032,0.8758839325824955,0.2095513045787812,0.3450927734375,0.20648193359375,0
2019-06-21,2019-06-26,5,17.0,94.0,east,monsoon,6,172,2019,normal,27.588165283203125,1007.03125,1.15966796875,2.645858764648437,2.9612579345703125,86.32121276855469,5872.68701171875,2.776397705078125,2.780853271484375,0.0142848808318376,3.9710977270173777,3.9295711132753954,1.708984375,1.4926080593743705,0.5601395086672349,3.8865675926208496,0.351715087890625,0.40313720703125,0
2019-06-21,2019-06-26,5,20.0,70.0,west,monsoon,6,172,2019,normal,28.705352783203125,1003.0237426757812,0.0762939453125,3.529647827148437,2.3557891845703125,81.32029724121094,5859.73681640625,1.538116455078125,2.384368896484375,0.0143173057585954,4.24360182696635,2.8374314553666693,2.4261474609375,2.7103053457381057,0.8850056596858047,0.055365264415741,0.235443115234375,1.1338500976563637,0
2019-06-21,2019-06-26,5,20.0,73.0,west,monsoon,6,172,2019,normal,25.316680908203125,1004.373779296875,0.1220703125,-0.3883209228515625,2.6585235595703125,87.6953125,5863.076171875,3.407257080078125,2.278900146484375,0.0147402603179216,2.686734198969949,4.09912023334142,2.1599663628472223,2.561387831973815,1.0483414382771419,0.1197010278701783,2.674591064453125,0.8089599609373863,0
2019-06-21,2019-06-26,5,20.0,76.0,central,monsoon,6,172,2019,normal,24.365509033203125,1005.103759765625,0.3662109375,2.383163452148437,-0.7369842529296875,98.64259338378906,5868.404296875,2.188507080078125,0.050384521484375,0.0170271713286638,2.4945167525439444,2.1890869876634165,2.292209201388889,2.537446626365078,0.9964866149194718,3.995969772338867,3.2354736328125,0.29931640625,0
2019-06-21,2019-06-26,5,20.0,79.0,central,monsoon,6,172,2019,normal,27.004180908203125,1003.63623046875,0.54931640625,-0.3883209228515625,1.4553985595703125,90.78256225585938,5869.423828125,1.969757080078125,2.829681396484375,0.0165679771453142,1.5063127518293236,3.447758657465407,1.1138916015625002,1.4761032834649295,1.0292470409740928,0.4262663424015046,5.915435791015625,0.2930908203123863,1
2019-06-21,2019-06-26,5,20.0,82.0,central,monsoon,6,172,2019,normal,23.896759033203125,1005.6512451171876,0.0,2.742538452148437,3.0100860595703125,82.92147064208984,5868.32763671875,4.672882080078125,1.694915771484375,0.0156529266387224,4.072116801803735,4.970771208448618,0.922309027777778,1.5039884713898715,0.8652796825602951,0.0937618315219879,4.4056396484375,0.3369750976563637,1
2019-06-21,2019-06-26,5,20.0,85.0,east,monsoon,6,172,2019,normal,25.424102783203125,1004.1287231445312,0.0,1.0042572021484375,1.6331329345703125,59.69235229492188,5870.31591796875,4.891632080078125,4.603118896484375,0.0117972213774919,1.9171999661081909,6.716901665352931,0.37977430555555575,0.4567138186982738,0.7445354812672957,0.0,2.7549438476562464,0.6008911132811363,0
2019-06-21,2019-06-26,5,20.0,88.0,east,monsoon,6,172,2019,normal,29.230743408203125,1004.3987426757812,0.48828125,5.3108978271484375,5.4270782470703125,76.6281967163086,5872.83984375,5.438507080078125,6.821868896484375,0.0135634262114763,7.593340110269905,8.724405681814712,0.27126736111111127,0.2199216586137164,0.7963277290167685,0.3626812249422074,0.19195556640625,0.66204833984375,0
2019-06-21,2019-06-26,5,20.0,91.0,east,monsoon,6,172,2019,normal,28.748321533203125,1005.3212280273438,0.3814697265625,4.7855072021484375,4.0960235595703125,80.98028564453125,5873.0439453125,4.665069580078125,4.316009521484375,0.0141513664275407,6.299086297422002,6.355376651034467,0.5052354600694446,0.4825491055561043,1.2265873078571714,0.01813098788261408,0.188201904296875,0.514404296875,0
2019-06-21,2019-06-26,5,20.0,94.0,east,monsoon,6,172,2019,normal,25.142852783203125,1006.8287353515624,1.495361328125,1.1116790771484375,1.2376251220703125,94.31116485595705,5874.267578125,6.180694580078125,1.610931396484375,0.0151727516204118,1.663594395683382,6.387181338930828,0.6917317708333336,0.5967641112737532,1.155346768888279,0.5193519592285161,0.100860595703125,0.9890747070313637,0
2019-06-21,2019-06-26,5,23.0,70.0,west,monsoon,6,172,2019,normal,27.959259033203125,1002.46875,0.0,3.299179077148437,0.7356719970703125,83.42179870605469,5865.39599609375,-1.915008544921875,1.442962646484375,0.0160825569182634,3.380206483392314,2.3977904258448004,0.7612440321180557,2.0564792891748214,1.1109578614894,0.4690364003181457,2.16571044921875,1.04388427734375,0
2019-06-21,2019-06-26,5,23.0,73.0,west,monsoon,6,172,2019,normal,25.955352783203125,1003.1337280273438,6.5765380859375,0.0696868896484375,2.5276641845703125,91.80485534667967,5866.08447265625,-0.663055419921875,-3.103912353515625,0.0169589836150407,2.528624624682038,3.173943034806183,0.8171929253472223,2.0396372739842876,1.436079470211116,5.028981685638428,2.661834716796875,0.4518432617186363,1
2019-06-21,2019-06-26,5,23.0,76.0,central,monsoon,6,172,2019,normal,25.015899658203125,1004.4087524414062,0.213623046875,3.8274993896484375,0.1038360595703125,92.5605239868164,5870.5712890625,2.348663330078125,0.452728271484375,0.0173652488738298,3.828907612495534,2.3918993134860207,0.9629991319444445,1.993678139431961,1.5560692972458232,0.213623046875,3.472442626953125,0.051513671875,1
2019-06-21,2019-06-26,5,23.0,79.0,central,monsoon,6,172,2019,normal,27.603790283203125,1002.5187377929688,0.3204345703125,1.2630462646484375,0.6380157470703125,89.05553436279297,5872.6103515625,3.936553955078125,3.370697021484375,0.017342360690236,1.4150441548418409,5.1824758033091545,0.4442003038194445,0.4641305969988111,1.9250807075848229,0.2639181911945343,3.555816650390625,0.42828369140625,1
2019-06-21,2019-06-26,5,23.0,82.0,central,monsoon,6,172,2019,normal,25.851837158203125,1003.4537353515624,0.3814697265625,0.9114837646484376,2.1155548095703125,84.80004119873047,5873.5791015625,7.456085205078125,0.612884521484375,0.0168788749724626,2.3035569898558554,7.481232119247473,0.7425944010416666,1.007491005441142,1.9555593339563564,0.010887145996093806,2.480010986328125,0.4630126953126137,0
2019-06-21,2019-06-26,5,23.0,85.0,east,monsoon,6,172,2019,normal,25.183868408203125,1004.40625,0.0152587890625,1.9847259521484373,2.5803985595703125,85.65841674804688,5872.40673828125,9.735382080078123,3.601165771484375,0.0163081008940935,3.2553945738364907,10.380079920637264,1.5970865885416667,2.671774798491726,2.022630502670506,0.0152587890625,1.7635498046875,0.396240234375,0
2019-06-21,2019-06-26,5,23.0,88.0,east,monsoon,6,172,2019,normal,27.345977783203125,1003.083740234375,0.0152587890625,2.395858764648437,4.4182891845703125,69.46517944335938,5868.99072265625,6.879913330078125,5.050384521484375,0.0135872680693864,5.026073869197878,8.53461137042781,1.5767415364583333,2.6667738299394386,2.266441891261198,0.0152587890625,2.477081298828125,0.07336425781261369,0
2019-06-21,2019-06-26,5,23.0,91.0,east,monsoon,6,172,2019,normal,28.017852783203125,1004.186279296875,0.091552734375,1.4866790771484375,2.8333282470703125,74.61788177490234,5870.01025390625,6.686553955078125,8.206634521484375,0.0134818870574235,3.1996818020042963,10.585785467474295,1.4292399088541667,2.579061373454843,2.5230700656977048,0.023586675524711706,1.162689208984375,0.438720703125,0
2019-06-21,2019-06-26,5,23.0,94.0,east,monsoon,6,172,2019,normal,24.814727783203125,1004.3912353515624,0.0,0.6673431396484375,0.4651641845703125,57.97402191162109,5870.03564453125,7.356475830078125,0.591400146484375,0.0113323051482439,0.8134645564760629,7.380209398911753,0.6357828776041666,0.6023733253546323,2.706326724761665,0.0,0.38006591796875,1.1480712890626137,0
2019-06-21,2019-06-26,5,26.0,70.0,west,monsoon,6,172,2019,normal,30.986602783203125,1000.8462524414062,0.0,4.0980072021484375,3.3733673095703125,64.91293334960938,5861.75048828125,2.409210205078125,3.110931396484375,0.0144489128142595,5.30784985037615,3.934741156147988,0.7375081380208334,2.0644464299207588,1.3950637897818368,0.0,0.970245361328125,0.88861083984375,0
2019-06-21,2019-06-26,5,26.0,73.0,west,monsoon,6,172,2019,normal,30.433868408203125,1001.3712768554688,0.0,4.0677337646484375,1.7180938720703125,71.70272064208984,5866.4921875,1.838897705078125,-0.377349853515625,0.0154235679656267,4.415688455190935,1.8772154063105966,0.7595486111111112,2.057653067652928,1.6736763996120445,0.0,1.3406372070312464,0.876953125,0
2019-06-21,2019-06-26,5,26.0,76.0,central,monsoon,6,172,2019,normal,27.656524658203125,1001.3362426757812,0.0,1.3548431396484375,1.3938751220703125,80.32594299316406,5865.3193359375,3.006866455078125,-0.096099853515625,0.0171053726226091,1.9438332719086182,3.0084017451995693,0.8494059244791666,2.0323805841546387,1.6247949422123789,0.5100834965705872,3.206695556640625,0.70916748046875,0
2019-06-21,2019-06-26,5,26.0,79.0,central,monsoon,6,172,2019,normal,28.269805908203125,1000.26123046875,0.518798828125,1.6292572021484375,2.1223907470703125,92.8095932006836,5866.67041015625,5.157257080078125,-0.969146728515625,0.0184710342437028,2.675634787111693,5.247527605588034,0.3441704644097223,0.49585775037128144,3.360317659030338,1.1187512874603271,2.2178344726562464,0.93328857421875,0
2019-06-21,2019-06-26,5,26.0,82.0,central,monsoon,6,172,2019,normal,28.713165283203125,1000.0262451171876,1.64794921875,2.451522827148437,0.4866485595703125,92.6607437133789,5868.60791015625,7.633819580078125,1.839447021484375,0.0185344535857439,2.4993581161093594,7.852309642775933,0.6832546657986113,1.0325434080720397,5.824848280673503,1.4075729995965958,1.88494873046875,0.3490600585936363,0
2019-06-21,2019-06-26,5,26.0,85.0,east,monsoon,6,172,2019,normal,28.383087158203125,1000.2137451171876,3.2501220703125,2.026718139648437,0.5950469970703125,94.56539154052734,5869.06689453125,8.694366455078125,1.519134521484375,0.0182922203093767,2.112265926985146,8.82608507491024,1.5462239583333333,2.696630935582526,5.777134307874324,3.0897818505764008,4.547576904296875,0.27099609375,1
2019-06-21,2019-06-26,5,26.0,88.0,northeast,monsoon,6,172,2019,normal,26.740509033203125,1000.1712646484376,8.575439453125,1.0276947021484375,2.2718048095703125,96.98560333251952,5863.96826171875,13.950225830078123,1.060150146484375,0.018558295443654,2.4934420975051275,13.990450994991894,1.483493381076389,2.711906324591012,5.820396819039961,1.5047063827514648,1.195526123046875,0.4306030273436363,0
2019-06-21,2019-06-26,5,26.0,91.0,northeast,monsoon,6,172,2019,normal,28.502227783203125,998.626220703125,1.373291015625,4.4564056396484375,5.3020782470703125,86.18707275390625,5859.02294921875,17.042022705078125,14.189056396484377,0.0165570098906755,6.92615224804845,22.175659162762503,1.3292100694444444,2.6210441101071096,4.512445132127111,2.6466121673583984,0.439178466796875,3.48419189453125,1
2019-06-21,2019-06-26,5,26.0,94.0,northeast,monsoon,6,172,2019,normal,25.861602783203125,1000.791259765625,0.4425048828125,-1.4410552978515625,1.2825469970703125,75.33625030517578,5861.3173828125,9.471710205078123,11.081634521484377,0.0146029312163591,1.9291363796165713,14.577925705556854,0.583224826388889,0.6170866672697604,4.789094907120462,0.4038270562887192,0.956939697265625,1.93389892578125,0
2019-06-21,2019-06-26,5,29.0,70.0,north,monsoon,6,172,2019,normal,31.756134033203125,999.3037719726562,0.030517578125,-0.2447662353515625,0.8762969970703125,60.77154922485352,5846.35302734375,4.553741455078125,4.603118896484375,0.0142443496733903,0.9098389621480406,6.4749721864166006,0.006781684027777777,0.012687369068650789,1.1620511745156032,0.030517578125,0.13812255859375355,1.724365234375,0
2019-06-21,2019-06-26,5,29.0,73.0,north,monsoon,6,172,2019,normal,31.095977783203125,999.353759765625,0.0,0.9730072021484376,0.1126251220703125,59.76040267944336,5848.7236328125,6.848663330078125,-0.437896728515625,0.0136344749480485,0.9795036669426426,6.862648392100638,0.005086263020833333,0.010172526041666666,1.0524294227733042,0.0,1.14404296875,1.793212890625,0
2019-06-21,2019-06-26,5,29.0,76.0,north,monsoon,6,172,2019,normal,30.851837158203125,999.6162719726562,0.0152587890625,-0.2926177978515625,0.8372344970703125,69.94646453857422,5851.6806640625,3.924835205078125,-2.846099853515625,0.0156224090605974,0.8868972762975862,4.848155913664732,0.0644259982638889,0.161287923096046,6.017017813618405,0.0152587890625,1.539398193359375,1.07122802734375,0
2019-06-21,2019-06-26,5,29.0,79.0,north,monsoon,6,172,2019,normal,27.765899658203125,1000.0537719726562,0.0,0.0110931396484375,-0.9108123779296876,92.41148376464844,5853.1591796875,2.249053955078125,-4.859771728515625,0.0178430397063493,0.9108799292646599,5.354962646567416,0.24753146701388892,0.5202318621560023,7.092344446328369,0.597942590713501,1.9595947265625,0.9236450195313637,0
2019-06-21,2019-06-26,5,29.0,82.0,central,monsoon,6,172,2019,normal,7.705352783203125,1010.8837280273438,0.0,-0.1558990478515625,-0.8053436279296875,55.473609924316406,5854.791015625,-0.266571044921875,-0.344146728515625,0.0094964820891618,0.8202943814070499,0.4353126379267521,0.6086561414930556,1.065434180813762,7.653090794099032,0.5639623999595642,5.627868652343752,0.1519165039061363,1
2019-06-21,2019-06-26,5,29.0,85.0,east,monsoon,6,172,2019,normal,-0.536834716796875,1018.0462646484376,0.0152587890625,0.8519134521484375,-0.2321014404296875,33.5881233215332,5856.21875,0.438507080078125,-0.115631103515625,0.0051954113878309,0.8829652363490897,0.453496429290115,1.5021430121527777,2.7184551933654473,6.149525425259478,0.012150034308433501,4.935699462890625,0.5105590820313637,1
2019-06-21,2019-06-26,5,29.0,88.0,northeast,monsoon,6,172,2019,normal,7.289337158203125,1009.5587768554688,0.0152587890625,0.2855072021484375,1.2327423095703125,41.70119857788086,5851.57861328125,-0.260711669921875,1.544525146484375,0.0070183598436415,1.265372658264504,1.5663743176380391,1.4716254340277777,2.718188719410522,5.843932668976002,0.0133812427520752,2.128082275390625,0.8630981445311363,0
2019-06-21,2019-06-26,5,29.0,91.0,northeast,monsoon,6,172,2019,normal,6.189727783203125,1009.84375,0.0,-0.2096099853515625,0.0530548095703125,54.79282760620117,5844.46630859375,-0.620086669921875,0.345306396484375,0.0091879684478044,0.21622016274534706,0.7097492413999643,1.320732964409722,2.625153446954689,5.089052994170269,0.0007152557373046,3.1761474609374982,0.1910400390623863,0
2019-06-21,2019-06-26,5,29.0,94.0,northeast,monsoon,6,172,2019,normal,7.275665283203125,1012.2887573242188,1.4495849609375,-0.4478912353515625,0.6302032470703125,63.833038330078125,5853.1337890625,-0.202117919921875,0.181243896484375,0.0104368049651384,0.773151143905714,0.27147928754581685,0.576443142361111,0.6227205426447056,5.576537780042744,0.8367505073547363,2.1362304687499982,0.7662353515625,0
2019-06-21,2019-06-26,5,32.0,70.0,north,monsoon,6,172,2019,normal,24.506134033203125,1002.2212524414062,0.0,3.8040618896484375,0.6272735595703125,31.61941909790039,5828.20166015625,2.674835205078125,0.876556396484375,0.0077994191087782,3.8554323984232495,2.814799191868402,0.006781684027777777,0.012687369068650789,1.4139775137775281,0.3255102634429931,2.20379638671875,1.10125732421875,0
2019-06-21,2019-06-26,5,32.0,73.0,north,monsoon,6,172,2019,normal,28.859649658203125,999.4637451171876,0.0,0.6526947021484375,1.1350860595703125,50.8234748840332,5823.28173828125,1.600616455078125,-0.566802978515625,0.0120346862822771,1.3093627216487784,1.698010203950803,0.005086263020833333,0.010172526041666666,1.215470097938334,0.0,0.90081787109375,1.5358886718747726,0
2019-06-21,2019-06-26,5,32.0,76.0,north,monsoon,6,172,2019,normal,28.080352783203125,1001.4212646484376,0.0,-1.3980865478515625,0.6223907470703125,70.22026824951172,5826.18798828125,0.565460205078125,-1.017974853515625,0.0148098785430192,1.530364739963072,1.1644818787414226,0.011867947048611112,0.01872653709782454,8.029095030424191,0.0,0.069244384765625,1.4465332031247726,0
2019-06-21,2019-06-26,5,32.0,79.0,north,monsoon,6,172,2019,normal,-2.532928466796875,1019.3412475585938,0.0457763671875,1.2562103271484375,0.6546173095703125,30.43312263488769,5833.27490234375,0.670928955078125,0.144134521484375,0.0043499791063368,1.4165409305852967,0.686236419206788,0.011867947048611112,0.01872653709782454,7.860666450781977,0.0770501792430877,4.71337890625,1.18914794921875,1
2019-06-21,2019-06-26,5,32.0,82.0,central,monsoon,6,172,2019,normal,3.008087158203125,1014.2787475585938,0.0,0.2093353271484375,2.0794219970703125,35.07162094116211,5836.48681640625,0.848663330078125,2.564056396484375,0.0053956829942762,2.0899323245244643,2.70085443002242,0.011867947048611112,0.01872653709782454,5.808844873921326,0.0,0.941558837890625,2.52337646484375,1
2019-06-21,2019-06-26,5,32.0,85.0,east,monsoon,6,172,2019,normal,5.531524658203125,1009.6312255859376,0.0,3.089218139648437,2.6194610595703125,32.65781021118164,5836.46142578125,2.165069580078125,2.019134521484375,0.0054076039232313,4.050289490510298,2.9604780868011176,0.006781684027777779,0.0075821532440178445,3.5703341989756456,0.0,1.58648681640625,2.2063598632813637,1
2019-06-21,2019-06-26,5,32.0,88.0,northeast,monsoon,6,172,2019,normal,8.051055908203125,1006.6537475585938,0.0152587890625,5.4183197021484375,0.4954376220703125,31.606603622436523,5834.21826171875,3.243194580078125,-0.121490478515625,0.0054552876390516,5.4409233437030355,3.245469306682484,0.006781684027777779,0.0075821532440178445,3.212870789346366,0.0152587890625,1.4989013671874982,2.168212890625,0
2019-06-21,2019-06-26,5,32.0,91.0,northeast,monsoon,6,172,2019,normal,4.937774658203125,1008.1612548828124,0.0,-2.3834381103515625,1.5657501220703125,49.393009185791016,5831.56689453125,-1.547821044921875,0.733978271484375,0.0081684906035661,2.85172766417823,1.713030674014402,0.16954210069444445,0.45261708086582125,2.3853738825629596,0.0,2.706756591796875,4.154235839843636,1
2019-06-21,2019-06-26,5,32.0,94.0,northeast,monsoon,6,172,2019,normal,4.697540283203125,1012.9537353515624,0.0152587890625,-2.1178131103515625,-0.4469451904296875,56.34657669067383,5839.240234375,-1.368133544921875,0.355072021484375,0.0088360626250505,2.1644612201712436,1.4134587143533752,0.32891167534722227,0.5990620844202593,1.9617684168381453,0.0124406069517136,0.54632568359375,4.296081542968636,1
2019-06-21,2019-06-27,6,8.0,70.0,south,monsoon,6,172,2019,normal,27.443756103515625,1009.0187377929688,1.007080078125,5.942047119140625,0.6696624755859375,75.761474609375,5856.67236328125,11.083847045898438,0.343597412109375,0.0122763132676482,5.979663184268432,11.089171498289662,0.5560980902777778,0.4286432045643577,0.35540943318940327,1.0070819407701492,1.057373046875,0.78460693359375,0
2019-06-21,2019-06-27,6,8.0,73.0,south,monsoon,6,172,2019,normal,28.711334228515625,1008.8037719726562,0.0,5.765289306640625,-1.4358062744140625,74.89228820800781,5856.90185546875,11.447128295898438,-1.783355712890625,0.012104651890695,5.94138876416209,11.585210564398832,0.5696614583333334,0.6831515865226567,0.3263261506570229,1.862645149230957e-06,0.384185791015625,0.224853515625,0
2019-06-21,2019-06-27,6,8.0,76.0,south,monsoon,6,172,2019,normal,28.615631103515625,1008.3462524414062,0.18310546875,7.856109619140625,-2.5276031494140625,65.21955108642578,5859.65478515625,12.312362670898438,-5.896636962890625,0.0107451891526579,8.25271082910832,13.65154211112654,0.2983940972222222,0.6756545203692998,0.8259138548860622,0.0363197177648544,0.419921875,0.2388305664061363,0
2019-06-21,2019-06-27,6,8.0,79.0,south,monsoon,6,172,2019,normal,27.295318603515625,1007.7012329101562,0.0,8.568023681640625,4.7878265380859375,35.52014923095703,5856.8505859375,15.999862670898438,-3.629058837890625,0.0063811754807829,9.815004471112305,16.40626933633851,0.8477105034722222,1.6360874208851948,1.0074799274471007,0.0439174473285675,0.461669921875,0.2188720703125,0
2019-06-21,2019-06-27,6,8.0,82.0,south,monsoon,6,172,2019,normal,29.293365478515625,1007.05126953125,0.0,4.916656494140625,2.341537475585937,40.86370468139648,5855.75439453125,18.33775329589844,-0.908355712890625,0.0072456812486052,5.445760629237071,18.360237091126443,1.430935329861111,2.4247531659403916,0.6871645753313333,1.862645149230957e-06,0.23504638671875,0.557861328125,0
2019-06-21,2019-06-27,6,8.0,85.0,south,monsoon,6,172,2019,normal,28.432037353515625,1007.2737426757812,0.54931640625,10.066070556640623,6.4470062255859375,85.89514923095703,5859.39990234375,9.937362670898438,3.406097412109375,0.0139957880601286,11.953646545051058,10.504888216146991,1.617431640625,2.3273085599875847,0.6256754816159645,0.3624018281698227,0.202392578125,0.130615234375,0
2019-06-21,2019-06-27,6,8.0,88.0,south,monsoon,6,172,2019,normal,28.234771728515625,1007.6112670898438,0.518798828125,8.078765869140625,6.3014984130859375,76.75827026367188,5861.8984375,11.595565795898438,6.908050537109375,0.0125018572434782,10.245747421175093,13.497344492538778,1.7632378472222223,1.9942706244424586,0.6579400349119384,0.14679133892059326,0.487030029296875,0.2333984375,0
2019-06-21,2019-06-27,6,8.0,91.0,south,monsoon,6,172,2019,normal,27.228912353515625,1008.1387329101562,2.899169921875,6.263336181640625,4.7429046630859375,83.82825469970703,5864.67724609375,11.835800170898438,6.851409912109375,0.0135275339707732,7.856495705298316,13.675817469869584,1.681857638888889,1.1068385649922325,0.7649022878559604,2.4980660676956177,1.697998046875,0.2954711914061363,0
2019-06-21,2019-06-27,6,8.0,94.0,south,monsoon,6,172,2019,normal,28.666412353515625,1008.6112670898438,1.8310546875,6.199859619140625,3.9440765380859375,71.239013671875,5864.880859375,13.048690795898438,4.390472412109375,0.0119368052110075,7.3480609030771165,13.767519002654694,2.2820366753472223,0.8852760560659628,0.6611459723174298,1.4977324604988098,0.069000244140625,0.05078125,0
2019-06-21,2019-06-27,6,11.0,70.0,south,monsoon,6,172,2019,normal,27.773834228515625,1008.3037719726562,0.42724609375,9.489898681640623,0.1579437255859375,80.71304321289062,5853.4345703125,13.788925170898438,0.181488037109375,0.0130368685349822,9.491212947155722,13.790119480129617,1.6750759548611114,3.611560344262899,0.893712850158926,0.3934428095817566,0.566253662109375,0.3544921875,0
2019-06-21,2019-06-27,6,11.0,73.0,south,monsoon,6,172,2019,normal,28.713287353515625,1008.0712280273438,0.1220703125,7.902984619140625,-1.2502593994140625,64.72180938720703,5853.1796875,13.560409545898438,-1.861480712890625,0.0106874918565154,8.001269552777016,13.687578949432849,1.780192057291667,3.617645469036591,0.7400614064102432,0.2178102731704712,0.267669677734375,0.42205810546875,0
2019-06-21,2019-06-27,6,11.0,76.0,south,monsoon,6,172,2019,normal,23.670318603515625,1008.771240234375,2.197265625,0.521148681640625,-2.4211578369140625,87.82733154296875,5854.3525390625,13.017440795898438,-3.388824462890625,0.0133096193894743,2.4766108333014585,13.451315776347192,1.6174316406250002,3.6751409304664877,1.0328904583145448,1.032697081565857,2.814971923828125,0.4786376953126137,0
2019-06-21,2019-06-27,6,11.0,79.0,south,monsoon,6,172,2019,normal,27.447662353515625,1006.0337524414062,0.0,4.105133056640625,0.7702484130859375,66.98188781738281,5851.4716796875,9.747909545898438,-2.414215087890625,0.0119973635300993,4.176769089928841,10.042418782624862,1.6649034288194446,2.5657002774239754,1.5686581133087025,1.862645149230957e-06,2.750946044921875,0.165283203125,0
2019-06-21,2019-06-27,6,11.0,82.0,south,monsoon,6,172,2019,normal,28.791412353515625,1005.6187744140624,5.06591796875,8.232086181640625,4.6921234130859375,79.56849670410156,5849.228515625,13.306503295898438,-3.970855712890625,0.0133372759446501,9.475403159000031,13.886350314476157,3.5332573784722228,4.185268922387402,1.2182924594995046,4.36991822719574,0.205841064453125,0.3663330078126137,0
2019-06-21,2019-06-27,6,11.0,85.0,south,monsoon,6,172,2019,normal,27.658599853515625,1006.4012451171876,6.7138671875,9.069976806640623,5.6862640380859375,86.36778259277344,5848.0810546875,14.304550170898438,5.216644287109375,0.0140544390305876,10.705049181756626,15.226080691037382,4.018147786458334,3.8905623455185965,1.2808991544604065,5.669021964073181,0.2427978515625,0.06671142578136369,1
2019-06-21,2019-06-27,6,11.0,88.0,south,monsoon,6,172,2019,normal,28.125396728515625,1006.353759765625,0.640869140625,8.514312744140625,6.8552093505859375,77.0681381225586,5855.42333984375,12.863143920898438,6.663909912109375,0.0127607798203825,10.931029994716708,14.486827356134814,3.1975640190972228,3.670908713347597,1.1862888127263458,0.2534128427505493,0.303558349609375,0.3409423828126137,0
2019-06-21,2019-06-27,6,11.0,91.0,south,monsoon,6,172,2019,normal,28.723052978515625,1006.521240234375,0.579833984375,6.867828369140625,6.5514984130859375,76.16586303710938,5860.9296875,10.865097045898438,6.554534912109375,0.0127703165635466,9.491532961784431,12.68906071113428,2.0378960503472228,1.2228863818941098,1.2494570838309986,0.12658166885375977,0.327423095703125,0.80615234375,0
2019-06-21,2019-06-27,6,11.0,94.0,south,monsoon,6,172,2019,normal,27.301177978515625,1007.6487426757812,3.41796875,7.574859619140625,3.9831390380859375,75.27583312988281,5862.99462890625,13.548690795898438,3.382659912109375,0.0124846911057829,8.558264709998834,13.96457698478027,2.5295681423611116,1.0503293921268235,1.1846893990020675,1.0664238929748535,0.096710205078125,0.61767578125,0
2019-06-21,2019-06-27,6,14.0,70.0,south,monsoon,6,172,2019,normal,28.531646728515625,1006.6712646484376,0.1220703125,10.375640869140623,2.260482788085937,73.83853149414062,5851.9560546875,14.919784545898438,-1.701324462890625,0.0119477724656462,10.619025655897717,15.016473481615446,3.8723415798611107,4.332694740870902,1.2860902105852217,0.03309547901153559,0.328521728515625,0.1798095703126137,0
2019-06-21,2019-06-27,6,14.0,73.0,south,monsoon,6,172,2019,normal,26.668365478515625,1007.13623046875,11.8408203125,8.107086181640625,0.0554046630859375,94.1346664428711,5851.267578125,13.058456420898438,-2.023590087890625,0.0144678568467497,8.107275500020956,13.214318027817887,3.3637152777777772,4.300218730388306,1.328188666533956,10.050443887710571,0.12420654296874645,0.444580078125,1
2019-06-21,2019-06-27,6,14.0,76.0,south,monsoon,6,172,2019,normal,21.582427978515625,1008.438720703125,0.1220703125,4.269195556640625,1.7360687255859375,87.38529968261719,5850.732421875,15.673690795898438,-2.379058837890625,0.0137053942307829,4.608683686346638,15.853217469005365,2.610948350694444,4.3001786236033865,1.5491282567185256,0.2080332636833191,0.891510009765625,0.11871337890625,0
2019-06-21,2019-06-27,6,14.0,79.0,south,monsoon,6,172,2019,normal,24.539459228515625,1005.9562377929688,0.091552734375,4.154937744140625,0.1179046630859375,77.0107192993164,5850.783203125,15.413925170898438,-8.357574462890625,0.0130735849961638,4.156610297738025,17.53391399764519,2.2616916232638884,2.761515559253682,1.8744029344617632,1.4802683591842651,1.5941162109375,0.53375244140625,0
2019-06-21,2019-06-27,6,14.0,82.0,south,monsoon,6,172,2019,normal,28.494537353515625,1003.6962280273438,7.32421875,8.818023681640625,3.435287475585937,90.28068542480467,5844.74169921875,10.064315795898438,-2.683746337890625,0.0150438761338591,9.463548049748175,10.415994760257522,4.302978515624999,3.9054021974940847,1.3243561339092935,25.318614959716797,0.84490966796875,0.8648681640625,1
2019-06-21,2019-06-27,6,14.0,85.0,south,monsoon,6,172,2019,normal,27.260162353515625,1004.541259765625,12.054443359375,7.318023681640625,5.5368499755859375,84.97134399414062,5846.6025390625,12.536972045898438,6.740081787109375,0.0139652704820036,9.176610390400096,14.233916206601835,4.764133029513888,3.512113620290235,1.3476108533013276,4.2480621337890625,0.217681884765625,0.350830078125,0
2019-06-21,2019-06-27,6,14.0,88.0,south,monsoon,6,172,2019,normal,27.867584228515625,1004.7212524414062,3.2958984375,6.414703369140625,6.9216156005859375,81.65638732910156,5853.205078125,10.831893920898438,6.478363037109375,0.0135566210374236,9.437011276688118,12.621375263979022,3.0280219184027772,3.73640018772346,1.352551332480071,2.5596041083335876,0.122650146484375,0.46337890625,0
2019-06-21,2019-06-27,6,14.0,91.0,south,monsoon,6,172,2019,normal,28.555084228515625,1005.313720703125,1.52587890625,6.842437744140625,5.2018890380859375,77.95803833007812,5856.3408203125,10.880722045898438,6.413909912109375,0.0130268549546599,8.595266362771946,12.630453380649294,1.549614800347222,1.3926910967000472,1.2973713886677425,0.7047169208526611,0.06689453125,0.51275634765625,0
2019-06-21,2019-06-27,6,14.0,94.0,south,monsoon,6,172,2019,normal,28.330474853515625,1005.9012451171876,3.631591796875,8.170562744140625,3.7057952880859375,80.07073211669922,5860.7001953125,13.064315795898438,2.419769287109375,0.0131517862901091,8.971678453507945,13.28652063626137,1.8954806857638886,1.5029503207948165,1.1496828134409436,0.3036801815032959,0.03369140625,1.1475219726561363,0
2019-06-21,2019-06-27,6,17.0,70.0,west,monsoon,6,172,2019,normal,27.305084228515625,1005.0437622070312,6.34765625,9.194000244140623,0.8298187255859375,85.68456268310547,5851.59912109375,13.929550170898438,-1.173980712890625,0.0140420412644743,9.231372574357017,13.978934103779725,4.414876302083333,3.953122674659042,1.4219407225496894,5.854664385318756,1.035003662109375,0.8475341796875,1
2019-06-21,2019-06-27,6,17.0,73.0,west,monsoon,6,172,2019,normal,27.252349853515625,1005.2212524414062,9.09423828125,5.907867431640625,1.6725921630859375,90.82677459716795,5853.71484375,9.285018920898438,-2.466949462890625,0.0145374750718474,6.140070205938731,9.607154418135389,3.604465060763889,4.1530935535279205,1.5660659893225077,4.37589168548584,0.22467041015625355,0.62628173828125,0
2019-06-21,2019-06-27,6,17.0,76.0,central,monsoon,6,172,2019,normal,24.414459228515625,1006.1212768554688,0.0,4.319976806640625,0.5514984130859375,91.95733642578124,5852.54248046875,9.476425170898438,-4.568511962890625,0.0147472834214568,4.355037325850289,10.520168039281133,2.9805501302083335,4.162465401366626,1.7089607260975124,0.0009369105100631,1.517333984375,0.44866943359375,0
2019-06-21,2019-06-27,6,17.0,79.0,central,monsoon,6,172,2019,normal,26.457427978515625,1003.73876953125,0.030517578125,3.176422119140625,0.3444671630859375,86.68749237060547,5852.9248046875,9.066268920898438,-6.107574462890625,0.0155092692002654,3.1950453995851595,10.93159173980636,1.9632975260416667,2.6084546707904566,1.73078013072358,0.03051944077014923,2.467620849609375,0.06500244140625,0
2019-06-21,2019-06-27,6,17.0,82.0,central,monsoon,6,172,2019,normal,25.801177978515625,1003.15625,5.523681640625,2.683258056640625,0.4587249755859375,90.9031753540039,5848.5908203125,5.3729095458984375,-1.466949462890625,0.0159141030162572,2.7221870622264634,5.569568898494896,3.343370225694444,3.975730087920083,1.1384877389612669,5.523683503270149,3.2238159179687464,0.4300537109376137,1
2019-06-21,2019-06-27,6,17.0,85.0,east,monsoon,6,172,2019,normal,28.508209228515625,1002.6062622070312,1.922607421875,6.072906494140625,4.3542327880859375,82.80514526367188,5850.17138671875,6.4295501708984375,3.337738037109375,0.0143853640183806,7.472585660895298,7.244281234495722,3.411187065972222,3.9364068647961283,1.008343307415759,1.3432577252388,0.41986083984375,0.2784423828125,0
2019-06-21,2019-06-27,6,17.0,88.0,east,monsoon,6,172,2019,normal,29.101959228515625,1003.0987548828124,0.335693359375,5.125640869140625,6.1530609130859375,77.49502563476562,5854.8369140625,6.5975189208984375,6.128753662109375,0.0135194277390837,8.008267785204902,9.004936277533115,2.200656467013889,3.6343816004087452,1.2177252514730903,1.0900218486785889,0.149139404296875,0.1493530273436363,0
2019-06-21,2019-06-27,6,17.0,91.0,east,monsoon,6,172,2019,normal,28.838287353515625,1004.0912475585938,0.18310546875,5.074859619140625,4.8434906005859375,71.45250701904297,5859.2724609375,6.5213470458984375,4.238128662109375,0.0124269938096404,7.015240648185097,7.777512574701585,1.3631184895833333,1.3394555609850163,1.2804593102986965,2.6085245609283447,1.405242919921875,0.3035888671875,0
2019-06-21,2019-06-27,6,17.0,94.0,east,monsoon,6,172,2019,normal,28.600006103515625,1004.9562377929688,0.335693359375,4.677398681640625,2.691146850585937,79.71196746826172,5862.79052734375,4.7225189208984375,2.050628662109375,0.0133043741807341,5.396325583064097,5.14852045427696,1.6513400607638886,1.3629244723769702,0.872744978347595,8.222274780273438,1.50384521484375,0.9010009765625,1
2019-06-21,2019-06-27,6,20.0,70.0,west,monsoon,6,172,2019,normal,27.500396728515625,1003.1212768554688,2.38037109375,7.279937744140625,1.6179046630859375,89.02879333496094,5856.00927734375,7.359237670898437,-0.336090087890625,0.0152012323960661,7.457553825310181,7.3669081468380595,3.4756130642361107,2.9869988696504035,1.4558125732515885,2.0660050213336945,0.950775146484375,0.564453125,0
2019-06-21,2019-06-27,6,20.0,73.0,west,monsoon,6,172,2019,normal,25.273834228515625,1003.9762573242188,1.0986328125,0.716461181640625,2.677474975585937,93.20580291748048,5857.58984375,5.5858001708984375,2.206878662109375,0.0154959177598357,2.7716761841324096,6.005953461231837,2.6685926649305554,3.0004679440995115,1.4337062786656858,1.0108854621648788,2.3369140625,0.012451171875,0
2019-06-21,2019-06-27,6,20.0,76.0,central,monsoon,6,172,2019,normal,23.764068603515625,1004.5987548828124,1.434326171875,2.542633056640625,0.3268890380859375,86.37393188476562,5860.98046875,8.576034545898438,-4.353668212890625,0.0149890398606657,2.5635598888932547,9.617837357762797,2.048068576388889,2.8106541980359534,1.3726607149505567,1.1373870074748993,3.20806884765625,0.10241699218761369,1
2019-06-21,2019-06-27,6,20.0,79.0,central,monsoon,6,172,2019,normal,26.629302978515625,1002.603759765625,3.11279296875,2.218414306640625,-0.1408843994140625,92.69025421142578,5858.3037109375,4.1443939208984375,-1.320465087890625,0.017103811725974,2.2228833639905776,4.349669989771399,1.4173719618055554,1.8531936568142942,1.3175644522243637,2.1390914916992188,2.617828369140625,0.36712646484375,0
2019-06-21,2019-06-27,6,20.0,82.0,central,monsoon,6,172,2019,normal,24.103912353515625,1003.8837280273438,0.030517578125,2.714508056640625,2.311264038085937,80.3621826171875,5856.95263671875,7.556503295898437,0.507659912109375,0.0153609728440642,3.5651781783406244,7.573536865117039,1.4716254340277777,1.8600306161921585,0.8314719865634217,0.018307939171791,3.219940185546875,0.84197998046875,1
2019-06-21,2019-06-27,6,20.0,85.0,east,monsoon,6,172,2019,normal,26.256256103515625,1001.8812255859376,0.0,1.686187744140625,1.9001312255859373,69.49091339111328,5854.3525390625,5.9178314208984375,1.769378662109375,0.0136138414964079,2.5404188203791844,6.176684351341,1.183403862847222,1.7792779099224387,1.0988133539098823,0.0260081142187118,1.9801635742187464,0.4142456054688637,0
2019-06-21,2019-06-27,6,20.0,88.0,east,monsoon,6,172,2019,normal,29.506256103515625,1001.7012329101562,0.213623046875,5.884429931640625,6.2995452880859375,70.18769073486328,5858.20166015625,6.8436126708984375,6.400238037109375,0.0129815554246306,8.620370436183924,9.37006303719155,0.3323025173611109,0.5746251778634975,1.1238941007188437,0.0761300325393677,0.007354736328125,0.1474609375,0
2019-06-21,2019-06-27,6,20.0,91.0,east,monsoon,6,172,2019,normal,29.334381103515625,1002.8987426757812,0.274658203125,5.322906494140625,5.7565765380859375,75.80389404296875,5857.58984375,6.0486907958984375,5.714691162109375,0.0134345507249236,7.8403767118809995,8.321319331853422,0.4272460937499998,0.7339743655414801,1.6013541519322134,0.0727195143699646,0.616668701171875,0.51092529296875,0
2019-06-21,2019-06-27,6,20.0,94.0,east,monsoon,6,172,2019,normal,24.562896728515625,1004.9862670898438,2.471923828125,0.663726806640625,0.6872406005859375,93.9869384765625,5858.20166015625,7.378768920898437,1.968597412109375,0.0152513002976775,0.9554228995304026,7.636858422085642,0.6781684027777776,0.967061959880453,1.4019270050796169,0.3321263790130615,2.653564453125,0.907958984375,0
2019-06-21,2019-06-27,6,23.0,70.0,west,monsoon,6,172,2019,normal,28.394927978515625,1001.311279296875,0.0,3.905914306640625,2.113021850585937,59.66169738769531,5853.4345703125,4.6775970458984375,1.724456787109375,0.0120755648240447,4.440836397782915,4.985345056704237,1.220703125,1.2716064446614794,1.5946014970866493,0.0009369105100631,1.911041259765625,0.38812255859375,0
2019-06-21,2019-06-27,6,23.0,73.0,west,monsoon,6,172,2019,normal,26.053131103515625,1002.3312377929688,3.631591796875,1.479156494140625,1.0368499755859375,93.89006805419922,5853.61328125,3.7244720458984375,-0.039215087890625,0.0167967285960912,1.806367018640161,3.7246784886480016,1.1189778645833333,1.205862753315222,1.8520163429595025,3.6031343042850494,2.7386474609375,0.02685546875,0
2019-06-21,2019-06-27,6,23.0,76.0,central,monsoon,6,172,2019,normal,25.435943603515625,1003.4012451171876,0.030517578125,4.188140869140625,-0.2238922119140625,89.35672760009766,5854.47998046875,6.9940032958984375,-0.939605712890625,0.0165807213634252,4.194121083412085,7.056836472438263,1.2003580729166667,1.3085838810942385,2.0606310969017345,5.207261085510254,1.249267578125,0.09619140625,1
2019-06-21,2019-06-27,6,23.0,79.0,central,monsoon,6,172,2019,normal,28.310943603515625,1001.5237426757812,0.0,4.412750244140625,1.5339202880859375,95.75908660888672,5859.65478515625,7.218612670898437,-1.027496337890625,0.0181032624095678,4.671753007958018,7.291372821138287,0.8036295572916666,1.1863101999603884,2.512227664358601,1.862645149230957e-06,1.2916259765625,0.1522827148436363,0
2019-06-21,2019-06-27,6,23.0,82.0,central,monsoon,6,172,2019,normal,25.560943603515625,1001.90625,2.593994140625,1.913726806640625,1.4977874755859375,86.36334991455078,5856.46826171875,8.001815795898438,-0.726715087890625,0.0174766983836889,2.4301682271968374,8.034747715420666,1.010470920138889,1.417923474738012,2.427485708685958,1.7441773414611816,1.155731201171875,0.1668701171876137,0
2019-06-21,2019-06-27,6,23.0,85.0,east,monsoon,6,172,2019,normal,26.254302978515625,1001.688720703125,0.030517578125,2.814117431640625,2.377670288085937,85.36942291259766,5855.55078125,12.839706420898438,3.521331787109375,0.0165935959666967,3.684097300277273,13.313821334604407,1.8819173177083333,3.3526151990271926,2.440982922282913,0.011740252375602798,0.050384521484375,0.55426025390625,0
2019-06-21,2019-06-27,6,23.0,88.0,east,monsoon,6,172,2019,normal,27.642974853515625,999.8662719726562,0.0,2.013336181640625,4.6911468505859375,73.79537200927734,5854.76025390625,9.915878295898438,2.980316162109375,0.0149461245164275,5.1049369588728135,10.35407778632168,5.469428168402779,10.83667485212182,2.608582680308634,3.015739917755127,0.835968017578125,0.51995849609375,0
2019-06-21,2019-06-27,6,23.0,91.0,east,monsoon,6,172,2019,normal,28.182037353515625,1001.6687622070312,0.030517578125,1.797515869140625,3.8239593505859375,76.1177749633789,5850.40087890625,8.410018920898438,10.202972412109377,0.0137921785935759,4.225367252055849,13.222294214399207,5.459255642361112,10.820406922568823,2.882479089105166,0.060560181736946106,0.45794677734374645,0.1707153320311363,0
2019-06-21,2019-06-27,6,23.0,94.0,east,monsoon,6,172,2019,normal,23.629302978515625,1001.9112548828124,0.0,1.219390869140625,0.5524749755859375,57.954078674316406,5848.13232421875,9.154159545898438,1.185394287109375,0.0112554049119353,1.3387093375308214,9.230590263232088,4.601372612847222,10.659688815956082,3.0475359752804403,1.862645149230957e-06,2.3173217773437464,1.2536621093752274,0
2019-06-21,2019-06-27,6,26.0,70.0,west,monsoon,6,172,2019,normal,29.662506103515625,999.4537353515624,0.0,4.880523681640625,4.2858734130859375,60.264949798583984,5843.28857421875,5.7674407958984375,6.269378662109375,0.0134283518418669,6.495246132368801,8.518713643685057,0.5696614583333334,1.1786968739901524,2.111652991664522,1.862645149230957e-06,0.77264404296875,0.021179199218863687,0
2019-06-21,2019-06-27,6,26.0,73.0,west,monsoon,6,172,2019,normal,28.420318603515625,999.9537353515624,1.495361328125,3.397125244140625,3.9919281005859375,66.63714599609375,5843.05908203125,3.376815795898437,0.077972412109375,0.0147611116990447,5.24175065074877,3.377715887471791,0.5730523003472222,1.1770960195402254,2.255605021809848,1.4803390949964523,2.4354248046875,0.6049194335938637,0
2019-06-21,2019-06-27,6,26.0,76.0,central,monsoon,6,172,2019,normal,28.846099853515625,999.603759765625,0.0,3.423492431640625,0.5114593505859375,69.6540756225586,5847.46923828125,5.3846282958984375,-3.843902587890625,0.0154320215806365,3.461486833255679,6.615875527107683,0.5730523003472222,1.1770960195402254,2.387523679595758,1.862645149230957e-06,3.31097412109375,0.30889892578125,1
2019-06-21,2019-06-27,6,26.0,79.0,central,monsoon,6,172,2019,normal,29.988677978515625,998.0787353515624,0.0,4.350250244140625,0.9030609130859376,71.8804931640625,5847.46923828125,6.3807220458984375,-2.519683837890625,0.0162173714488744,4.442994057996159,6.860205570530782,0.29500325520833337,0.8129115000002867,3.2851544399425165,1.862645149230957e-06,1.90924072265625,0.2308959960938637,0
2019-06-21,2019-06-27,6,26.0,82.0,central,monsoon,6,172,2019,normal,30.205474853515625,996.8812255859376,0.030517578125,4.094390869140625,1.4196624755859375,82.44996643066406,5847.23974609375,9.505722045898438,-4.220855712890625,0.0179497208446264,4.333529523827998,10.400691061795895,0.6612141927083334,1.2319260836101151,5.3967679742894825,2.346362829208374,0.09124755859374645,1.4299316406247726,0
2019-06-21,2019-06-27,6,26.0,85.0,east,monsoon,6,172,2019,normal,28.010162353515625,997.041259765625,3.2958984375,3.442047119140625,2.969467163085937,89.15880584716797,5846.22021484375,11.667831420898438,-3.857574462890625,0.0178610291332006,4.545923844833954,12.28898575160907,1.854790581597222,3.366930255819608,5.322841843638965,7.940923690795898,1.00927734375,1.74560546875,1
2019-06-21,2019-06-27,6,26.0,88.0,northeast,monsoon,6,172,2019,normal,26.646881103515625,997.2412719726562,10.7421875,2.496734619140625,1.2839202880859375,95.37064361572266,5837.90966796875,15.593612670898438,0.880706787109375,0.018347879871726,2.807514036398386,15.618463451148607,5.418565538194444,10.861582062080826,5.611985040488133,1.0117511749267578,0.267852783203125,1.86273193359375,0
2019-06-21,2019-06-27,6,26.0,91.0,northeast,monsoon,6,172,2019,normal,28.131256103515625,995.05126953125,34.637451171875,4.152008056640625,5.5905609130859375,87.67364501953125,5826.48876953125,18.87486267089844,16.910003662109375,0.0170790161937475,6.963730481956703,25.341836253472792,5.143907335069444,10.942282379632816,4.559131571307616,4.768699645996097,2.4141845703125,5.218017578125,1
2019-06-21,2019-06-27,6,26.0,94.0,northeast,monsoon,6,172,2019,normal,25.340240478515625,998.6512451171876,0.762939453125,0.122711181640625,1.6735687255859375,74.44978332519531,5837.22119140625,6.9803314208984375,10.378753662109377,0.0140081858262419,1.6780614748450002,12.507739776807432,4.045274522569444,10.82003075415244,4.79237548214674,0.311540424823761,1.0858154296875,2.0614013671873863,0
2019-06-21,2019-06-27,6,29.0,70.0,north,monsoon,6,172,2019,normal,33.504302978515625,996.2362670898438,0.0,1.594390869140625,3.520248413085937,47.57902526855469,5832.68359375,4.0662689208984375,2.199066162109375,0.0125142550095915,3.864483294495275,4.62281677361314,0.16615125868055555,0.46994672686280425,1.4256384033340674,1.862645149230957e-06,1.69891357421875,1.47607421875,0
2019-06-21,2019-06-27,6,29.0,73.0,north,monsoon,6,172,2019,normal,33.394927978515625,997.4012451171876,0.0,3.747711181640625,3.423568725585937,52.86934280395508,5824.1689453125,8.740097045898438,0.445159912109375,0.012822768650949,5.076038014022775,8.751426381971788,0.16615125868055555,0.46994672686280425,1.2630375027273433,0.7697250843048096,3.2796020507812536,1.5980224609373863,1
2019-06-21,2019-06-27,6,29.0,76.0,north,monsoon,6,172,2019,normal,31.219146728515625,997.4287719726562,0.0,2.842437744140625,-0.8449859619140625,57.49691009521485,5822.66455078125,5.8045501708984375,-3.166168212890625,0.0134154772385954,2.9653757949283728,6.6119152927722915,0.16615125868055555,0.46994672686280425,5.983711770008724,1.862645149230957e-06,1.44329833984375,0.62841796875,0
2019-06-21,2019-06-27,6,29.0,79.0,north,monsoon,6,172,2019,normal,28.961334228515625,995.8887329101562,0.0,1.405914306640625,-1.0891265869140625,63.41535568237305,5825.8515625,6.9861907958984375,-3.640777587890625,0.0144964670762419,1.77842395393783,7.877951718637448,0.003390842013888895,0.009590749527812971,6.987585292061069,1.862645149230957e-06,0.6875,1.326416015625,0
2019-06-21,2019-06-27,6,29.0,82.0,central,monsoon,6,172,2019,normal,9.851959228515623,1006.5337524414062,0.0,-0.157562255859375,-0.9279937744140624,59.55107879638672,5829.5224609375,-0.1329498291015625,-0.254058837890625,0.0103365397080779,0.9412748322476028,0.2867430036957651,0.3696017795138889,1.0346458628767117,7.583148708649589,0.0760536640882492,1.2765197753906268,0.4827270507813637,0
2019-06-21,2019-06-27,6,29.0,85.0,east,monsoon,6,172,2019,normal,-0.364837646484375,1013.8362426757812,0.0,0.806304931640625,-0.2053375244140625,34.2253532409668,5826.46337890625,0.3475189208984375,0.035003662109375,0.0053717112168669,0.832040348613268,0.34927733499825286,1.5631781684027777,3.403702824253908,5.877001986660208,1.5019588470458984,1.69354248046875,0.2737426757811363,0
2019-06-21,2019-06-27,6,29.0,88.0,northeast,monsoon,6,172,2019,normal,7.146881103515625,1006.166259765625,0.0,0.434234619140625,1.1638031005859375,43.867313385009766,5823.2001953125,-0.1192779541015625,1.474456787109375,0.0074054216966032,1.2421744488571826,1.4792734863396813,5.411783854166667,10.864953103360975,5.853321723632884,0.0011045485734939,0.7218017578125,0.4576416015626137,0
2019-06-21,2019-06-27,6,29.0,91.0,northeast,monsoon,6,172,2019,normal,6.197662353515625,1007.1012573242188,0.030517578125,-0.614593505859375,0.4382171630859375,53.145267486572266,5818.02490234375,-0.5958404541015625,0.894378662109375,0.0089594339951872,0.754824124857973,1.0746809005376954,5.143907335069445,10.942282379632818,5.310752201019588,0.0295806676149369,1.994964599609375,0.64019775390625,0
2019-06-21,2019-06-27,6,29.0,94.0,northeast,monsoon,6,172,2019,normal,6.314849853515625,1009.5462646484376,0.091552734375,-1.038421630859375,0.2370452880859375,61.28670883178711,5823.7353515625,-0.4610748291015625,0.300628662109375,0.0099593615159392,1.0651337718992808,0.5504249181429814,4.048665364583333,10.818767200086313,5.636890278425828,3.132553815841675,3.438262939453125,1.2013549804688637,1
2019-06-21,2019-06-27,6,32.0,70.0,north,monsoon,6,172,2019,normal,24.406646728515625,999.23876953125,0.0,3.102203369140625,0.6872406005859375,37.41056442260742,5818.99365234375,3.570175170898437,1.361175537109375,0.0098396753892302,3.1774148905361987,3.8208571804929687,0.0,0.0,1.2809089692979116,0.0028163194656372,2.1785888671875,0.7857666015623863,0
2019-06-21,2019-06-27,6,32.0,73.0,north,monsoon,6,172,2019,normal,27.627349853515625,996.9437255859376,0.0,1.837554931640625,0.6930999755859375,37.91942596435547,5805.482421875,3.142440795898437,-0.154449462890625,0.0094796633347868,1.9639235481438704,3.1462340650870213,0.0,0.0,1.0198035988571914,1.862645149230957e-06,1.57708740234375,1.0980834960936363,0
2019-06-21,2019-06-27,6,32.0,76.0,north,monsoon,6,172,2019,normal,26.773834228515625,998.5137329101562,0.0,-1.228851318359375,1.2233734130859375,40.02201461791992,5797.4775390625,3.7244720458984375,-2.672027587890625,0.0096174692735075,1.7339890629640977,4.583821926201702,0.0,0.0,8.040918041991201,1.862645149230957e-06,1.143768310546875,0.8350219726561363,0
2019-06-21,2019-06-27,6,32.0,79.0,north,monsoon,6,172,2019,normal,-3.675384521484375,1016.6312255859376,0.0,1.543609619140625,0.8444671630859375,24.308860778808597,5800.61328125,1.0955657958984375,0.124847412109375,0.0034543490037322,1.7595043182197299,1.1026564693742946,0.0,0.0,7.971892152321503,1.862645149230957e-06,2.96417236328125,1.5812988281247726,1
2019-06-21,2019-06-27,6,32.0,82.0,central,monsoon,6,172,2019,normal,1.725006103515625,1011.3837280273438,0.0,0.686187744140625,2.068099975585937,32.86284255981445,5802.42333984375,1.4061126708984375,2.529144287109375,0.0050016855821013,2.1789656099230554,2.8937387007605104,0.0,0.0,6.170678040744593,1.862645149230957e-06,1.481048583984375,1.3500366210938637,0
2019-06-21,2019-06-27,6,32.0,85.0,east,monsoon,6,172,2019,normal,5.264068603515625,1006.2537231445312,0.0,3.277008056640625,3.130599975585937,31.221454620361328,5802.7802734375,2.292831420898437,2.288909912109375,0.0051590418443083,4.532045676118703,3.239781552884653,0.0,0.0,3.2280043559120695,1.862645149230957e-06,1.51409912109375,0.8104248046875,0
2019-06-21,2019-06-27,6,32.0,88.0,northeast,monsoon,6,172,2019,normal,5.795318603515625,1004.436279296875,0.0,-0.608734130859375,0.4382171630859375,39.20915603637695,5804.10595703125,-0.7970123291015625,0.126800537109375,0.0066806292161345,0.7500610135823658,0.8070359527004503,0.0033908420138888886,0.009590749527812331,2.6729040648565676,1.862645149230957e-06,2.5343017578125,0.89422607421875,0
2019-06-21,2019-06-27,6,32.0,91.0,northeast,monsoon,6,172,2019,normal,4.367584228515625,1008.228759765625,0.0,-2.970062255859375,0.1403656005859375,51.63494873046875,5801.8623046875,-2.0782623291015625,-0.427886962890625,0.008216998539865,2.973377255833563,2.1218533317772965,0.020345052083333332,0.028772248583436993,2.0734962807363364,0.0859871506690979,5.907531738281252,8.07647705078125,1
2019-06-21,2019-06-27,6,32.0,94.0,northeast,monsoon,6,172,2019,normal,4.160552978515625,1010.0287475585938,0.030517578125,-2.138031005859375,-0.4983062744140625,54.70466613769531,5811.8046875,-1.4962310791015625,-0.027496337890625,0.0086122965440154,2.195332713994959,1.496483708787644,0.03729926215277778,0.03144537521530389,1.0153433060632318,0.0079125165939332,2.26055908203125,1.6822509765625,0
2019-06-21,2019-06-28,7,8.0,70.0,south,monsoon,6,172,2019,normal,28.618804931640625,1008.9931030273438,0.030517578125,6.636642456054688,-0.8366851806640625,67.54753875732422,5852.259765625,10.522048950195312,-0.317108154296875,0.0107824401929974,6.689175224274699,10.526826287719762,0.20005967881944445,0.2695666085388426,0.3106943886386286,0.0801701098680496,0.487518310546875,0.14508056640625,0
2019-06-21,2019-06-28,7,8.0,73.0,south,monsoon,6,172,2019,normal,27.532867431640625,1009.0181274414062,0.701904296875,5.958908081054688,-2.8825836181640625,78.72399139404297,5853.35595703125,10.732986450195312,-3.721405029296875,0.012495239265263,6.61950706882066,11.359835101450736,0.4136827256944445,0.3781967093532629,0.29013112341885544,0.6659273058176041,0.546875,0.1318969726561363,0
2019-06-21,2019-06-28,7,8.0,76.0,south,monsoon,6,172,2019,normal,27.101226806640625,1008.693115234375,0.946044921875,7.223556518554687,-4.212661743164063,78.16755676269531,5856.54296875,12.303298950195312,-6.199920654296875,0.0124108390882611,8.362193954882414,13.777161579129936,0.39672851562500006,0.3945051967298444,1.0738363930950938,0.9371824562549592,1.25469970703125,0.00994873046875,0
2019-06-21,2019-06-28,7,8.0,79.0,south,monsoon,6,172,2019,normal,27.446929931640625,1007.005615234375,0.0,9.862228393554688,3.001205444335937,54.014102935791016,5856.49169921875,13.275955200195312,-4.676483154296875,0.0097238617017865,10.308772138608358,14.075527740373197,0.2305772569444445,0.3865857326672525,1.3969635012715669,0.0210627913475036,0.37689208984374645,0.5625,0
2019-06-21,2019-06-28,7,8.0,82.0,south,monsoon,6,172,2019,normal,28.903961181640625,1006.4456176757812,0.0,7.259689331054687,2.624252319335937,51.659645080566406,5856.69580078125,14.352127075195312,-4.738983154296875,0.0095274047926068,7.719442299737028,15.11428175333727,0.18310546875000003,0.5179004745018659,1.0357020317524028,9.313225746154783e-06,0.033782958984375,0.52264404296875,0
2019-06-21,2019-06-28,7,8.0,85.0,south,monsoon,6,172,2019,normal,28.693023681640625,1006.4880981445312,0.0,9.093673706054688,7.6398773193359375,62.97474670410156,5857.51171875,14.572830200195312,0.624298095703125,0.010903556831181,11.876978863612331,14.586196493809588,0.43402777777777785,0.7201369331845857,1.0526363977663036,0.3841370344161987,0.34967041015625,0.7669067382811363,0
2019-06-21,2019-06-28,7,8.0,88.0,south,monsoon,6,172,2019,normal,28.874664306640625,1006.858154296875,0.18310546875,8.819259643554688,7.2951507568359375,69.00226593017578,5860.2900390625,13.740798950195312,4.903594970703125,0.0114924507215619,11.445460463668393,14.58954418158407,0.640869140625,0.7006500389698309,1.0140271133425256,0.38812869787216187,0.955108642578125,0.74530029296875,0
2019-06-21,2019-06-28,7,8.0,91.0,south,monsoon,6,172,2019,normal,28.845367431640625,1007.1031494140624,0.30517578125,7.514572143554687,6.6613616943359375,70.07097625732422,5865.6181640625,14.469314575195312,5.784454345703125,0.0118081169202923,10.042038345049985,15.582714023990919,0.5866156684027778,0.5934651653960281,0.7815048693874145,0.015847384929656982,0.6441040039062536,0.697265625,0
2019-06-21,2019-06-28,7,8.0,94.0,south,monsoon,6,172,2019,normal,28.712554931640625,1007.173095703125,0.1220703125,6.833908081054688,5.9553070068359375,75.49015045166016,5869.31494140625,12.850173950195312,5.710235595703125,0.012544353492558,9.064655603274389,14.06178371006727,0.46454535590277773,0.41440473408887246,0.5955455076106436,0.050064176321029705,0.24432373046875,0.74932861328125,0
2019-06-21,2019-06-28,7,11.0,70.0,south,monsoon,6,172,2019,normal,28.624664306640625,1008.4306030273438,0.091552734375,7.944259643554687,1.2746429443359375,50.19209289550781,5848.5126953125,14.022048950195312,-0.793670654296875,0.0080329971387982,8.045867008580059,14.044492510203616,0.14241536458333334,0.2099585717829416,0.9131156637967895,0.023048371076583904,0.39947509765625355,0.28277587890625,0
2019-06-21,2019-06-28,7,11.0,73.0,south,monsoon,6,172,2019,normal,28.868804931640625,1008.2056274414062,0.091552734375,8.306564331054688,-1.5349273681640625,60.80685806274414,5848.79296875,13.842361450195312,-4.412811279296875,0.0097610550001263,8.447189651682331,14.528725818341504,0.4374186197916667,0.5262254702302067,0.8160752427233461,0.0705160200595856,0.6767578125,0.09759521484375,0
2019-06-21,2019-06-28,7,11.0,76.0,south,monsoon,6,172,2019,normal,23.589508056640625,1008.4356079101562,0.18310546875,-0.8301544189453125,-1.3220367431640625,68.05343627929688,5850.4755859375,13.688064575195312,-7.119842529296875,0.010600765235722,1.5610693480977298,15.429039809939612,0.4238552517361111,0.5362464146029164,1.2937168852241816,2.1352880001068115,3.6322021484375,0.1807250976561363,1
2019-06-21,2019-06-28,7,11.0,79.0,south,monsoon,6,172,2019,normal,27.138336181640625,1005.733154296875,0.0,4.993087768554688,0.7824554443359375,34.90895080566406,5846.03955078125,11.287673950195312,-2.912811279296875,0.0066158375702798,5.054024335800272,11.65744623640688,0.5662706163194444,0.8258075325460488,1.917035456825919,9.313225746154783e-06,2.5175170898437464,0.18255615234375,0
2019-06-21,2019-06-28,7,11.0,82.0,south,monsoon,6,172,2019,normal,29.946929931640625,1004.2506103515624,0.0,9.216720581054688,3.8683929443359375,42.628231048583984,5849.43017578125,16.701736450195312,-4.301483154296875,0.0079605178907513,9.995619152459998,17.24676079089875,0.9765625,1.5903012895396162,1.5858774122781407,0.22190622985363,0.57464599609375,1.1902465820313637,0
2019-06-21,2019-06-28,7,11.0,85.0,south,monsoon,6,172,2019,normal,29.443023681640625,1004.0956420898438,1.64794921875,8.899337768554688,7.1545257568359375,71.63604736328125,5848.23193359375,15.402908325195312,3.587188720703125,0.012546737678349,11.418644907520891,15.815103786959819,2.292209201388889,3.0374980310008177,1.612291893967495,2.2134995460510254,1.876983642578125,2.04052734375,0
2019-06-21,2019-06-28,7,11.0,88.0,south,monsoon,6,172,2019,normal,28.896148681640625,1004.963134765625,1.89208984375,8.242111206054688,8.099838256835938,74.95901489257812,5850.83251953125,16.018142700195312,4.280548095703125,0.0125672416761517,11.55594119576053,16.58022881517164,3.238254123263889,3.6254872664075046,1.5748283363904012,0.9794477224349976,0.093170166015625,0.902587890625,0
2019-06-21,2019-06-28,7,11.0,91.0,south,monsoon,6,172,2019,normal,28.300445556640625,1005.390625,1.251220703125,6.959884643554688,6.9445648193359375,73.7876205444336,5858.96484375,14.404861450195312,6.684844970703125,0.0125276641920208,9.831936471598398,15.880402566737969,2.9262966579861107,3.6114170788475355,1.3801166343235731,0.5330163836479187,0.546600341796875,1.102783203125,0
2019-06-21,2019-06-28,7,11.0,94.0,south,monsoon,6,172,2019,normal,28.099273681640625,1006.3131103515624,0.91552734375,7.371994018554687,5.2883148193359375,77.48870086669922,5860.6982421875,13.053298950195312,6.667266845703125,0.0129296379163861,9.072627482599193,14.657457510597878,2.017550998263889,2.7197935127117727,1.2297886455245262,1.9000768661499023,0.544281005859375,0.2273559570313637,0
2019-06-21,2019-06-28,7,14.0,70.0,south,monsoon,6,172,2019,normal,28.517242431640625,1007.078125,0.0,9.636642456054688,1.4445648193359375,52.8671875,5844.841796875,15.149002075195312,-2.326873779296875,0.009041984565556,9.744313487521776,15.32666321999186,1.3292100694444444,3.235730424409044,1.4019221664009431,0.1225452870130539,0.40435791015625355,0.45233154296875,0
2019-06-21,2019-06-28,7,14.0,73.0,south,monsoon,6,172,2019,normal,28.655914306640625,1006.4406127929688,0.244140625,9.847579956054688,0.6232757568359375,49.465213775634766,5842.419921875,16.168533325195312,-5.160858154296875,0.0086128311231732,9.867284512972628,16.97221042695158,1.468234592013889,3.2185539454292824,1.482406657165011,0.9399466514587402,1.239013671875,0.0748291015625,0
2019-06-21,2019-06-28,7,14.0,76.0,south,monsoon,6,172,2019,normal,21.304351806640625,1008.1981201171876,1.64794921875,5.642501831054688,0.2609710693359375,98.1993637084961,5841.2216796875,17.191970825195312,-2.828826904296875,0.0149132804945111,5.6485336869391025,17.42314904111311,1.40380859375,3.24294641847967,1.824309763894507,1.4378149062395096,2.13916015625,0.10211181640613631,0
2019-06-21,2019-06-28,7,14.0,79.0,south,monsoon,6,172,2019,normal,25.314117431640625,1005.2606201171876,0.0,4.935470581054688,0.2140960693359375,81.81234741210938,5840.63525390625,20.219314575195312,-6.529998779296875,0.0134427146986126,4.9401120415797655,21.24762494841069,0.46454535590277785,0.8291423456802239,2.411331985518203,9.313225746154783e-06,1.89288330078125,0.5507202148436363,0
2019-06-21,2019-06-28,7,14.0,82.0,south,monsoon,6,172,2019,normal,30.429351806640625,1002.6856079101562,2.3193359375,10.153244018554688,1.5041351318359375,84.16317749023438,5839.38623046875,15.018142700195312,-6.440155029296875,0.0140287475660443,10.264053127061436,16.340752949751355,1.196967230902778,1.5728829225612213,1.8370344342080616,0.3427603244781494,0.786407470703125,1.367431640625,0
2019-06-21,2019-06-28,7,14.0,85.0,south,monsoon,6,172,2019,normal,29.005523681640625,1002.3506469726562,4.82177734375,7.713790893554687,6.4357757568359375,89.20745086669922,5835.9443359375,17.492752075195312,-1.776092529296875,0.0148589210584759,10.045983254105314,17.582686934506743,2.99072265625,2.8622603389688637,1.696900974510611,0.1214594841003418,0.984710693359375,1.980224609375,0
2019-06-21,2019-06-28,7,14.0,88.0,south,monsoon,6,172,2019,normal,27.777008056640625,1003.1531372070312,9.765625,9.225509643554688,4.9543304443359375,91.5516357421875,5841.17041015625,14.697830200195312,1.376251220703125,0.0151950912550091,10.471648310318413,14.762123154081198,4.282633463541667,3.0424867312712207,1.799252659142038,0.8104610443115234,0.03790283203125355,1.09246826171875,0
2019-06-21,2019-06-28,7,14.0,91.0,south,monsoon,6,172,2019,normal,27.019195556640625,1004.0731201171876,9.27734375,8.872970581054688,6.8303070068359375,88.48575592041016,5848.30859375,14.104080200195312,6.606719970703125,0.0146762924268841,11.197441705134885,15.574781766202342,4.231770833333333,3.0683954027546827,1.7041492214684164,0.8150863647460938,0.082855224609375,0.3724365234373863,0
2019-06-21,2019-06-28,7,14.0,94.0,south,monsoon,6,172,2019,normal,28.282867431640625,1004.3056030273438,2.62451171875,7.404220581054687,6.8810882568359375,76.96651458740234,5852.54052734375,12.082595825195312,9.180938720703123,0.0131084518507123,10.1080095969127,15.17493847329646,3.3230251736111107,2.466641214719594,1.378908114205767,2.7375574111938477,0.61004638671875,0.26934814453125,0
2019-06-21,2019-06-28,7,17.0,70.0,west,monsoon,6,172,2019,normal,28.138336181640625,1004.9606323242188,0.48828125,11.163986206054688,1.7111663818359375,83.56291198730469,5841.39990234375,14.826736450195312,-1.639373779296875,0.0135018425062298,11.294364895615194,14.917092885404864,3.6417643229166665,4.0560452216074,1.7411724046264085,7.979091644287109,1.045501708984375,0.5047607421875,1
2019-06-21,2019-06-28,7,17.0,73.0,west,monsoon,6,172,2019,normal,26.933258056640625,1004.9581298828124,10.467529296875,8.511642456054688,1.0285491943359375,90.59016418457033,5841.52734375,13.357986450195312,-3.567108154296875,0.0143596725538373,8.57356231358248,13.826064609571764,3.1263563368055554,4.0594907947403716,1.7956200173371535,2.5008840560913086,0.0447998046875,0.544921875,0
2019-06-21,2019-06-28,7,17.0,76.0,central,monsoon,6,172,2019,normal,24.060211181640625,1004.9156494140624,0.0,5.775314331054688,0.7424163818359375,92.06656646728516,5844.56103515625,15.973220825195312,-4.088592529296875,0.015089233405888,5.822837599186845,16.48818887570965,2.427842881944444,4.073943926658233,2.0224993281390864,0.1871529966592788,1.4786376953125,0.09295654296886369,0
2019-06-21,2019-06-28,7,17.0,79.0,central,monsoon,6,172,2019,normal,26.497711181640625,1002.6356201171876,0.0,4.615158081054688,0.2824554443359375,78.12323760986328,5844.10205078125,12.910720825195312,-7.631561279296875,0.0142008857801556,4.62379337678052,14.997581131162294,0.47810872395833304,0.8254175933878877,2.251616776253607,9.313225746154783e-06,2.2890625,0.5794677734373863,0
2019-06-21,2019-06-28,7,17.0,82.0,central,monsoon,6,172,2019,normal,27.872711181640625,1000.673095703125,0.030517578125,4.122970581054688,0.1984710693359375,89.43569946289062,5839.20751953125,9.424392700195312,-6.072967529296875,0.0162045564502477,4.127744805290873,11.21160614628381,1.095241970486111,1.5607747808464614,1.6766735836059412,0.0347774475812912,2.252655029296875,0.83807373046875,0
2019-06-21,2019-06-28,7,17.0,85.0,east,monsoon,6,172,2019,normal,28.646148681640625,999.9981079101562,1.953125,9.669845581054688,6.6535491943359375,89.11753845214844,5831.9423828125,12.035720825195312,-2.596405029296875,0.0162703599780797,11.737786437096702,12.312590907611535,2.6821560329861107,3.0453574799188083,1.3872467382009055,1.8080305308103561,0.843994140625,1.6497802734375,0
2019-06-21,2019-06-28,7,17.0,88.0,east,monsoon,6,172,2019,normal,28.206695556640625,1000.4606323242188,4.486083984375,8.372970581054688,3.6877288818359375,86.27542114257812,5841.501953125,9.223220825195312,1.249298095703125,0.0153328971937298,9.149097259136237,9.307445843100242,3.858778211805555,3.44736420028825,1.6365658257527287,4.052231073379517,1.2852783203125,1.447509765625,0
2019-06-21,2019-06-28,7,17.0,91.0,east,monsoon,6,172,2019,normal,27.579742431640625,1001.8331298828124,3.448486328125,7.086837768554688,5.9269866943359375,92.80332946777344,5841.57861328125,9.016189575195312,5.913360595703125,0.0153915481641888,9.238638472883785,10.782370239918265,4.136827256944444,3.218382467936393,1.704892407602631,2.0645203590393066,0.1407470703125,0.5072021484376137,0
2019-06-21,2019-06-28,7,17.0,94.0,east,monsoon,6,172,2019,normal,27.288726806640625,1003.3731079101562,4.425048828125,5.503829956054688,6.1896820068359375,87.86136627197266,5848.18115234375,10.338455200195312,6.491485595703125,0.0146147804334759,8.282771729977442,12.207499382169415,3.6282009548611103,2.280164142145119,1.2253271786744482,2.1461715698242188,0.1793212890625,0.2344970703125,0
2019-06-21,2019-06-28,7,20.0,70.0,west,monsoon,6,172,2019,normal,27.751617431640625,1002.3831176757812,5.79833984375,9.348556518554688,0.5256195068359375,91.90111541748048,5842.39404296875,13.953689575195312,-1.328826904296875,0.0154816703870892,9.363321250847788,14.016819671469614,3.984239366319444,3.86973670333622,1.9918969086758478,0.28366804122924805,0.25921630859375,0.2677001953125,0
2019-06-21,2019-06-28,7,20.0,73.0,west,monsoon,6,172,2019,normal,24.720367431640625,1003.2306518554688,9.490966796875,1.6727752685546875,1.4680023193359375,95.60834503173828,5842.98046875,9.033767700195312,-2.514373779296875,0.0155236320570111,2.225580353225625,9.377154918369843,3.299289279513889,4.0255307501264594,1.8241077619773882,2.1807212829589844,2.5289916992187464,0.502197265625,0
2019-06-21,2019-06-28,7,20.0,76.0,central,monsoon,6,172,2019,normal,23.894195556640625,1003.4356079101562,0.0,3.2118377685546875,0.6447601318359375,89.34046173095703,5844.30615234375,11.320877075195312,-4.447967529296875,0.0151536064222455,3.2759147545562675,12.163333132548912,2.593994140625,4.074169702784311,1.802825035388805,1.6491990089416504,2.0865478515625,0.3101806640625,0
2019-06-21,2019-06-28,7,20.0,79.0,central,monsoon,6,172,2019,normal,27.001617431640625,1001.005615234375,0.0,2.9960174560546875,-0.0153961181640625,92.54469299316406,5845.1220703125,9.195877075195312,-5.213592529296875,0.0164081659168005,2.9960570150514365,10.570983977078145,0.09833441840277768,0.13931368397471097,1.7184306270979626,0.2872087061405182,1.858795166015625,0.88482666015625,0
2019-06-21,2019-06-28,7,20.0,82.0,central,monsoon,6,172,2019,normal,23.534820556640625,1001.7931518554688,0.30517578125,3.3964080810546875,1.4260101318359375,85.99982452392578,5844.8671875,10.426345825195312,-5.321014404296875,0.0162469949573278,3.6836249468631213,11.705634607201036,0.44759114583333326,0.6071217167715173,1.1490819037050293,0.08271448314189911,2.674224853515625,0.397216796875,0
2019-06-21,2019-06-28,7,20.0,85.0,east,monsoon,6,172,2019,normal,27.292633056640625,999.265625,0.42724609375,0.1053924560546875,-0.3044586181640625,76.1287841796875,5835.8427734375,8.908767700195312,-2.326873779296875,0.015509326942265,0.32218413984491795,9.207631808495744,1.1664496527777777,1.3668921149865985,1.1998505869859055,0.11361950635910034,0.730072021484375,1.453125,0
2019-06-21,2019-06-28,7,20.0,88.0,east,monsoon,6,172,2019,normal,29.900054931640625,999.2606201171876,0.030517578125,6.423751831054688,5.9377288818359375,57.51508331298828,5837.67822265625,6.9029083251953125,3.637969970703125,0.0116040306165814,8.747640359615106,7.802882086369654,1.580132378472222,1.4426907093141188,1.19355049759726,0.1775715500116348,0.146636962890625,1.4478149414061363,0
2019-06-21,2019-06-28,7,20.0,91.0,east,monsoon,6,172,2019,normal,28.843414306640625,1000.295654296875,0.518798828125,3.5712127685546875,6.2336273193359375,81.64759826660156,5843.2353515625,5.6626739501953125,6.438751220703125,0.0147592620924115,7.1841262652224716,8.574578330642654,1.9972059461805554,1.7334002947677145,1.8490629017655833,0.1661218702793122,0.41839599609374645,1.53448486328125,0
2019-06-21,2019-06-28,7,20.0,94.0,east,monsoon,6,172,2019,normal,24.730133056640625,1002.9131469726562,2.655029296875,0.4950408935546875,1.6711273193359375,95.3544921875,5844.00048828125,5.6607208251953125,5.112579345703125,0.0153529243543744,1.742909063526362,7.627727566379786,2.065022786458333,1.7401264698099184,1.548603923978357,0.9919815063476562,0.340240478515625,0.78558349609375,0
2019-06-21,2019-06-28,7,23.0,70.0,west,monsoon,6,172,2019,normal,28.148101806640625,999.9306030273438,0.06103515625,5.280197143554688,1.2238616943359375,81.92388916015625,5833.31884765625,12.125564575195312,3.790313720703125,0.0151621894910931,5.420177056302306,12.704164449840134,2.7126736111111107,3.3560532294246808,2.296865228770842,0.0465549528598786,2.20556640625,0.2279663085938637,0
2019-06-21,2019-06-28,7,23.0,73.0,west,monsoon,6,172,2019,normal,26.220367431640625,1000.53564453125,3.204345703125,2.3153533935546875,2.268783569335937,98.6147232055664,5835.76611328125,9.197830200195312,-1.973358154296875,0.0171448793262243,3.2416415936272047,9.407136801214008,2.0819769965277772,3.248805353843938,2.3682211400065314,3.098179817199707,2.483551025390625,0.3330078125,0
2019-06-21,2019-06-28,7,23.0,76.0,central,monsoon,6,172,2019,normal,24.960601806640625,1001.3681030273438,0.18310546875,4.886642456054688,0.1867523193359375,94.24725341796876,5839.10546875,9.024002075195312,-2.156951904296875,0.0165993776172399,4.890209701239155,9.278203218866206,1.4309353298611107,3.017571254300072,2.4552370102885206,0.1808591187000275,2.9423828125,0.357666015625,0
2019-06-21,2019-06-28,7,23.0,79.0,central,monsoon,6,172,2019,normal,27.452789306640625,999.55810546875,0.0,5.038986206054688,1.1584320068359375,89.27272033691406,5840.3037109375,10.656814575195312,-3.526092529296875,0.0165059175342321,5.170430030400891,11.225017835854805,0.09494357638888869,0.14128056271702288,2.8804495591698855,12.257745742797852,1.065155029296875,1.369384765625,1
2019-06-21,2019-06-28,7,23.0,82.0,central,monsoon,6,172,2019,normal,26.103179931640625,999.2181396484376,0.3662109375,2.0770721435546875,-1.1374664306640625,84.11416625976562,5840.12548828125,8.732986450195312,-5.069061279296875,0.0173909272998571,2.3681339848958096,10.097545968826376,0.22718641493055536,0.3055523091924101,2.89719961993776,0.2181791067123413,0.5625,1.7770385742186363,0
2019-06-21,2019-06-28,7,23.0,85.0,east,monsoon,6,172,2019,normal,25.511383056640625,999.4255981445312,0.946044921875,3.2801971435546875,3.012924194335937,89.82151794433594,5833.2421875,11.240798950195312,-0.356170654296875,0.0177023019641637,4.453920239676412,11.246440262309417,1.9632975260416663,4.170214612712504,3.0178286503023037,5.071376323699951,1.180389404296875,1.0947265625,1
2019-06-21,2019-06-28,7,23.0,88.0,east,monsoon,6,172,2019,normal,27.610992431640625,997.1956176757812,1.953125,2.2596893310546875,4.4592132568359375,88.08575439453125,5839.38623046875,12.184158325195312,0.093048095703125,0.0174991693347692,4.9990777892351055,12.184513615304478,2.261691623263889,4.097254181861154,2.6764139961123496,4.562443256378174,1.720794677734375,1.4869384765625,1
2019-06-21,2019-06-28,7,23.0,91.0,east,monsoon,6,172,2019,normal,28.044586181640625,998.9506225585938,0.457763671875,0.3163299560546875,4.4680023193359375,74.36463928222656,5838.2900390625,6.5454864501953125,10.964141845703123,0.0139777259901165,4.479186239339561,12.769330416368303,4.475911458333333,6.415904995890115,2.7930694673208065,0.0500604510307312,1.578125,1.91070556640625,0
2019-06-21,2019-06-28,7,23.0,94.0,east,monsoon,6,172,2019,normal,24.802398681640625,1000.360595703125,0.0,0.1825408935546875,0.7902679443359375,64.5610122680664,5836.96435546875,4.2818145751953125,2.042266845703125,0.0127465324476361,0.8110761996660315,4.743921365854751,5.106608072916667,7.309892559968102,2.275805271007505,0.029018148779869,0.340576171875,1.82830810546875,0
2019-06-21,2019-06-28,7,26.0,70.0,west,monsoon,6,172,2019,normal,29.054351806640625,996.7181396484376,0.0,4.164962768554688,6.1398773193359375,27.41609764099121,5822.38232421875,10.734939575195312,2.130157470703125,0.0071708760224282,7.41923232955692,10.944244996028134,0.3696017795138889,1.002543026893447,2.7802720115312605,9.313225746154783e-06,0.483642578125,0.3605346679686363,0
2019-06-21,2019-06-28,7,26.0,73.0,west,monsoon,6,172,2019,normal,28.310211181640625,998.0381469726562,0.0,3.815353393554688,3.9279632568359375,74.04859161376953,5822.86669921875,7.506423950195312,3.413360595703125,0.0156504716724157,5.475930684802581,8.246055485889274,0.3831651475694445,0.9990965093697317,2.7992191996690154,9.313225746154783e-06,3.816558837890625,0.597412109375,1
2019-06-21,2019-06-28,7,26.0,76.0,central,monsoon,6,172,2019,normal,27.982086181640625,997.3931274414062,0.0,4.258712768554688,1.3859710693359375,66.26424407958984,5827.9140625,7.430252075195312,-2.596405029296875,0.0151850776746869,4.478565646508594,7.870830005603116,0.37638346354166674,1.001464394062416,2.7344553400907348,0.1571998000144958,2.244537353515625,1.1322021484375,0
2019-06-21,2019-06-28,7,26.0,79.0,central,monsoon,6,172,2019,normal,29.933258056640625,995.755615234375,0.0,4.413009643554688,0.9650726318359376,61.07139587402344,5825.1611328125,8.479080200195312,-4.881561279296875,0.0144855575636029,4.517302214688034,9.783886833200532,0.061035156250000076,0.12207031249999935,3.651253733484972,9.313225746154783e-06,2.756927490234375,1.5494384765626137,0
2019-06-21,2019-06-28,7,26.0,82.0,central,monsoon,6,172,2019,normal,30.960601806640625,994.0181274414062,0.0,6.069259643554688,1.0226898193359375,54.59674835205078,5825.92578125,12.633377075195312,-4.904998779296875,0.0134079055860638,6.154819825750788,13.552166961374638,0.1458062065972223,0.3051004199002274,5.826601458980468,9.313225746154783e-06,1.595184326171875,2.182861328125,0
2019-06-21,2019-06-28,7,26.0,85.0,east,monsoon,6,172,2019,normal,31.575836181640625,993.1181030273438,0.0,4.936447143554688,1.5861663818359375,54.67306900024414,5824.90625,14.301345825195312,-4.801483154296875,0.0131117897108197,5.185020172764591,15.085845448393936,1.8785264756944446,4.205428839844389,5.923043794718188,1.7254985570907593,3.251220703125,3.46954345703125,1
2019-06-21,2019-06-28,7,26.0,88.0,northeast,monsoon,6,172,2019,normal,27.249664306640625,993.09814453125,13.641357421875,0.6630096435546875,3.027572631835937,86.78882598876953,5820.95458984375,18.727127075195312,-1.408905029296875,0.0178706254810094,3.0993189297793307,18.780050635503926,2.1565755208333335,4.147497427813551,5.8339201638918,10.648077249526978,0.18011474609374645,4.598022460937614,1
2019-06-21,2019-06-28,7,26.0,91.0,northeast,monsoon,6,172,2019,normal,28.386383056640625,994.9781494140624,2.38037109375,-0.6211700439453125,3.9758148193359375,86.6676025390625,5815.703125,15.178298950195312,13.069610595703123,0.0180041398853063,4.024047179289313,20.02986470610362,4.153781467013889,6.568025094247544,4.879313194144197,0.8577852249145508,2.06317138671875,3.8073730468752274,1
2019-06-21,2019-06-28,7,26.0,94.0,northeast,monsoon,6,172,2019,normal,23.407867431640625,998.7081298828124,18.646240234375,-0.5176544189453125,-0.2624664306640625,78.12470245361328,5820.572265625,4.8716583251953125,8.720001220703125,0.0143048362806439,0.5803918716515095,9.988567270960775,4.523383246527778,7.580993085812613,4.8955784535176745,14.419559478759766,1.917388916015625,2.4781494140626137,1
2019-06-21,2019-06-28,7,29.0,70.0,north,monsoon,6,172,2019,normal,33.353179931640625,993.0231323242188,0.0,3.4813690185546875,5.4025726318359375,35.43042755126953,5819.3232421875,6.5786895751953125,2.614532470703125,0.0103313522413373,6.42710831444555,7.079190389242577,0.0,0.0,1.7636059804381756,9.313225746154783e-06,0.139801025390625,1.80474853515625,0
2019-06-21,2019-06-28,7,29.0,73.0,north,monsoon,6,172,2019,normal,33.640289306640625,994.338134765625,0.0,4.779220581054688,4.8967132568359375,53.230350494384766,5815.4228515625,11.607986450195312,1.669219970703125,0.013718326576054,6.8424228225132016,11.727388658116183,0.0,0.0,1.732168406722834,9.313225746154783e-06,0.44744873046875,1.42041015625,0
2019-06-21,2019-06-28,7,29.0,76.0,north,monsoon,6,172,2019,normal,32.075836181640625,994.3630981445312,0.0,5.548751831054688,1.3849945068359375,42.09775924682617,5806.6279296875,9.959548950195312,-3.362030029296875,0.0110942916944623,5.718990878345452,10.51170115676956,0.0,0.0,6.135067268721306,9.313225746154783e-06,1.239776611328125,2.8272705078125,0
2019-06-21,2019-06-28,7,29.0,79.0,north,monsoon,6,172,2019,normal,28.249664306640625,993.4356079101562,0.0,3.947189331054688,-0.0398101806640625,36.7181396484375,5799.4130859375,10.738845825195312,-6.596405029296875,0.009278972633183,3.947390082785898,12.60299047717834,0.0,0.0,7.409650459905171,9.313225746154783e-06,0.224090576171875,2.73748779296875,0
2019-06-21,2019-06-28,7,29.0,82.0,central,monsoon,6,172,2019,normal,7.913726806640625,1005.0556030273438,0.0,-0.0733184814453125,-1.1980133056640625,52.63851547241211,5801.91162109375,-0.1732635498046875,-0.596405029296875,0.0091940956190228,1.2002547564036483,0.6210629731851093,0.0033908420138888886,0.009590749527812331,8.183105191813706,0.3477391004562378,3.845306396484375,1.0379638671875,1
2019-06-21,2019-06-28,7,29.0,85.0,east,monsoon,6,172,2019,normal,-1.281585693359375,1011.9406127929688,0.0,0.7157440185546875,0.1056976318359375,39.3471794128418,5801.0703125,0.5161895751953125,0.063751220703125,0.006158550735563,0.7235063852327347,0.5201114262169749,1.5190972222222223,4.285876758466234,6.995325941819018,0.8850544691085815,3.781036376953125,0.06060791015636369,1
2019-06-21,2019-06-28,7,29.0,88.0,northeast,monsoon,6,172,2019,normal,6.624664306640625,1003.1056518554688,0.0,-0.0313262939453125,0.8908538818359375,41.03310775756836,5801.044921875,-0.2963104248046875,1.409454345703125,0.0070144734345376,0.8914044959918627,1.4402643578417673,1.7869737413194446,4.255913338859854,6.35331148904143,0.0005438923835754,1.48870849609375,2.76007080078125,0
2019-06-21,2019-06-28,7,29.0,91.0,northeast,monsoon,6,172,2019,normal,6.134429931640625,1005.0656127929688,0.030517578125,0.3466033935546875,0.1935882568359375,50.88749313354492,5804.537109375,-0.3549041748046875,0.591094970703125,0.0086214141920208,0.3970016695284826,0.689456479905965,3.8926866319444446,6.69276628195676,5.163914282052892,0.016564503312110998,3.925140380859375,0.4149169921875,1
2019-06-21,2019-06-28,7,29.0,94.0,northeast,monsoon,6,172,2019,normal,5.534820556640625,1009.7731323242188,0.274658203125,-0.5127716064453125,0.8107757568359375,58.31023788452149,5812.10888671875,-0.4017791748046875,0.397735595703125,0.0093304710462689,0.9593185332564954,0.5653495462066414,4.486083984375,7.601647678310546,4.836653310277782,7.392281532287598,3.368438720703125,1.2979125976563637,1
2019-06-21,2019-06-28,7,32.0,70.0,north,monsoon,6,172,2019,normal,25.673492431640625,995.2431030273438,0.0,3.5194549560546875,0.4601898193359375,27.297157287597656,5810.6298828125,3.2407989501953125,1.268829345703125,0.0078045926056802,3.5494137343395664,3.4803312693053314,0.0,0.0,1.0837819690149104,9.313225746154783e-06,1.97540283203125,2.62066650390625,0
2019-06-21,2019-06-28,7,32.0,73.0,north,monsoon,6,172,2019,normal,29.796539306640625,992.880615234375,0.0,-0.5303497314453125,-0.0202789306640625,35.27854537963867,5797.85791015625,5.8443145751953125,0.891876220703125,0.0099446373060345,0.5307372915793585,5.9119756466765025,0.0,0.0,0.9141350974211155,9.313225746154783e-06,1.1865234375,3.28955078125,1
2019-06-21,2019-06-28,7,32.0,76.0,north,monsoon,6,172,2019,normal,26.982086181640625,994.6781005859376,0.0,-2.2403106689453125,1.4308929443359375,30.65450668334961,5787.6611328125,3.666580200195313,-1.807342529296875,0.0082327919080853,2.658278862636605,4.0878230615658415,0.0,0.0,8.363534812701733,9.313225746154783e-06,1.017913818359375,3.7251586914061363,1
2019-06-21,2019-06-28,7,32.0,79.0,north,monsoon,6,172,2019,normal,-3.379241943359375,1013.9481201171876,0.0,1.4764862060546875,0.0910491943359375,16.772306442260742,5788.4765625,0.7427520751953125,0.116485595703125,0.0024239621125161,1.4792908681050487,0.7518307916102234,0.0,0.0,8.558580135782305,0.0050272792577743,3.43536376953125,3.8757324218747726,1
2019-06-21,2019-06-28,7,32.0,82.0,central,monsoon,6,172,2019,normal,1.321929931640625,1010.5031127929688,0.0,0.3602752685546875,0.4025726318359375,26.667217254638672,5789.5986328125,0.6978302001953125,0.251251220703125,0.0040456852875649,0.5402434571889468,0.7416833314895518,0.006781684027777777,0.012687369068650789,5.957798978999261,9.313225746154783e-06,0.216400146484375,0.1270141601563637,0
2019-06-21,2019-06-28,7,32.0,85.0,east,monsoon,6,172,2019,normal,3.991851806640625,1007.515625,0.030517578125,0.5516815185546875,-1.1247711181640625,32.07871627807617,5789.6494140625,0.7525177001953125,-0.213592529296875,0.0051319203339517,1.252781930812718,0.7822433493988163,0.006781684027777777,0.012687369068650789,2.869639059001429,0.030526891350746155,1.862335205078125,1.91015625,0
2019-06-21,2019-06-28,7,32.0,88.0,northeast,monsoon,6,172,2019,normal,4.130523681640625,1005.1331176757812,0.0,-0.3223419189453125,-1.2312164306640625,36.39060592651367,5787.55908203125,-0.6732635498046875,-1.654998779296875,0.0058829388581216,1.2727129337939882,1.786702204333379,0.010172526041666666,0.014386124291718497,2.476413094476932,9.313225746154783e-06,1.699737548828125,2.36737060546875,0
2019-06-21,2019-06-28,7,32.0,91.0,northeast,monsoon,6,172,2019,normal,5.583648681640625,1004.4880981445312,0.0,-0.3242950439453125,0.1066741943359375,49.50185394287109,5784.06640625,-0.5541229248046875,-1.061248779296875,0.0080334739759564,0.34138930748445173,1.1972055743911354,0.04747178819444444,0.08402175356285174,1.717469354314181,0.0005587935447692,1.110137939453125,0.63519287109375,0
2019-06-21,2019-06-28,7,32.0,94.0,northeast,monsoon,6,172,2019,normal,5.661773681640625,1005.7481079101562,0.06103515625,-1.5147247314453125,0.2140960693359375,50.95732879638672,5790.873046875,-0.6967010498046875,0.546173095703125,0.008255680091679,1.5297804218113045,0.8852668542698798,0.091552734375,0.10070287004202949,1.9273394930675685,0.5882140398025513,0.724517822265625,1.634765625,0
2019-06-21,2019-06-29,8,8.0,70.0,south,monsoon,6,172,2019,normal,28.479156494140625,1009.2806396484376,0.030517578125,5.091705322265625,0.0916900634765625,64.81689453125,5852.8154296875,8.148818969726562,-2.007064819335937,0.0099452976137399,5.092530820380809,8.39235126709979,0.10511610243055557,0.08024196754421137,0.3138772186270934,0.0731851905584335,0.1060791015625,0.80517578125,0
2019-06-21,2019-06-29,8,8.0,73.0,south,monsoon,6,172,2019,normal,28.533843994140625,1009.2181396484376,0.213623046875,6.112213134765625,-1.9434661865234373,65.62798309326172,5854.95654296875,9.101943969726562,-3.6769866943359375,0.0101880077272653,6.413751649616734,9.816598961879071,0.213623046875,0.3125466206001224,0.3048298738857203,0.1615844666957856,0.042449951171875,0.4855346679688637,0
2019-06-21,2019-06-29,8,8.0,76.0,south,monsoon,6,172,2019,normal,28.590484619140625,1008.818115234375,0.030517578125,7.246002197265625,-4.0762786865234375,61.154632568359375,5857.9140625,10.416397094726562,-6.6359710693359375,0.0095399860292673,8.313879706429695,12.350604862438582,0.19666883680555555,0.32171925911812116,1.14876058967964,0.025412067770958,0.221954345703125,0.32037353515625,0
2019-06-21,2019-06-29,8,8.0,79.0,south,monsoon,6,172,2019,normal,27.516265869140625,1007.0556030273438,0.0,10.328033447265623,2.6825103759765625,26.519678115844727,5858.1943359375,11.812881469726562,-4.9094085693359375,0.0051774033345282,10.670713978223732,12.792437653491938,0.12546115451388887,0.3335113337113933,1.422674075511646,0.0,0.232513427734375,0.07275390625,0
2019-06-21,2019-06-29,8,8.0,82.0,south,monsoon,6,172,2019,normal,28.916656494140625,1006.360595703125,0.0,7.121978759765625,1.9539947509765625,48.36343765258789,5858.908203125,12.691787719726562,-3.085189819335937,0.009074592962861,7.385166006353321,13.061388584064716,-1.850371707708594e-17,0.0,0.911144548789789,0.0,0.297271728515625,0.32501220703125,0
2019-06-21,2019-06-29,8,8.0,85.0,south,monsoon,6,172,2019,normal,28.834625244140625,1006.2380981445312,0.0,9.092681884765623,7.642471313476562,53.226863861083984,5860.53955078125,13.623428344726562,1.5144195556640625,0.0098289493471384,11.877888349149316,13.70734352288863,0.02712673611111109,0.041805107984544176,0.8653252578245747,0.1188032329082489,0.036224365234375,1.01556396484375,0
2019-06-21,2019-06-29,8,8.0,88.0,south,monsoon,6,172,2019,normal,28.733062744140625,1006.5831298828124,0.06103515625,8.149322509765625,7.504776000976562,57.74080276489258,5860.48876953125,13.000381469726562,3.1648101806640625,0.0102514270693063,11.0784981018641,13.380057617142187,0.12207031249999999,0.12786666961646045,0.8117018465089396,0.2382379174232483,0.23199462890625355,0.9577026367188637,0
2019-06-21,2019-06-29,8,8.0,91.0,south,monsoon,6,172,2019,normal,28.906890869140625,1006.713134765625,0.335693359375,8.777252197265625,6.2245025634765625,67.84806060791016,5863.95556640625,11.857803344726562,4.778091430664063,0.0113739017397165,10.760324730096697,12.784273850398927,0.274658203125,0.1677695973965519,0.6748625333554882,0.1626089215278625,0.5455322265625,1.0277099609373863,0
2019-06-21,2019-06-29,8,8.0,94.0,south,monsoon,6,172,2019,normal,28.684234619140625,1006.670654296875,0.396728515625,7.574127197265625,6.8963775634765625,70.55824279785156,5867.52490234375,12.719131469726562,6.010513305664063,0.011936092749238,10.243408919807008,14.067785026142293,0.4001193576388889,0.1154879175206596,0.5567546731830504,0.13274884223937988,0.464385986328125,1.47003173828125,0
2019-06-21,2019-06-29,8,11.0,70.0,south,monsoon,6,172,2019,normal,28.129547119140625,1008.7506103515624,0.091552734375,7.117095947265625,0.8924713134765625,69.82455444335938,5848.9658203125,10.848037719726562,-2.430892944335937,0.0108317378908395,7.172834848786312,11.11706628906352,0.152587890625,0.10273747699342935,0.9106665340787541,0.0458713620901108,0.051177978515625,0.6717529296873863,0
2019-06-21,2019-06-29,8,11.0,73.0,south,monsoon,6,172,2019,normal,28.588531494140625,1008.3881225585938,0.213623046875,7.454010009765625,-0.6905364990234375,61.508670806884766,5850.31689453125,9.896865844726562,-4.4816741943359375,0.0097431186586618,7.485927189211078,10.864315769190984,0.2577039930555555,0.302146666259026,0.7801531029295291,0.2068150788545609,0.184173583984375,0.3997802734375,0
2019-06-21,2019-06-29,8,11.0,76.0,south,monsoon,6,172,2019,normal,23.873687744140625,1008.6581420898438,1.068115234375,0.673736572265625,-1.2139739990234375,74.77014923095703,5852.50927734375,11.564834594726562,-4.5012054443359375,0.011490250006318,1.3883997403893416,12.409925449232311,0.213623046875,0.3174740912745613,1.3063209133910594,0.39119648933410645,3.402252197265625,0.084228515625,1
2019-06-21,2019-06-29,8,11.0,79.0,south,monsoon,6,172,2019,normal,26.658843994140625,1005.6981201171876,0.0,5.541900634765625,-0.6583099365234375,39.66154479980469,5847.4873046875,12.678115844726562,-2.862533569335937,0.0078138355165719,5.580863250263451,12.997258165008567,0.23057725694444442,0.363690529453991,1.9146007001656824,0.0,2.843475341796875,0.1624145507811363,0
2019-06-21,2019-06-29,8,11.0,82.0,south,monsoon,6,172,2019,normal,29.854156494140625,1004.4806518554688,0.0,7.122955322265625,4.4920806884765625,62.75228500366211,5850.75048828125,11.582412719726562,-2.876205444335937,0.0116776470094919,8.421121150700555,11.934187955957094,0.07798936631944442,0.21001332692060037,1.5616617168744356,0.0,0.604400634765625,0.3722534179688637,0
2019-06-21,2019-06-29,8,11.0,85.0,south,monsoon,6,172,2019,normal,29.389312744140625,1004.4281005859376,0.0,7.186431884765625,8.791885375976562,58.96309661865234,5849.11865234375,13.473037719726562,2.0300445556640625,0.0110701564699411,11.355265373327326,13.62511747821486,0.2678765190972222,0.4995482546848659,1.644023255338214,0.0083595514297485,0.212982177734375,0.8532104492186363,0
2019-06-21,2019-06-29,8,11.0,88.0,south,monsoon,6,172,2019,normal,29.358062744140625,1004.8630981445312,0.1220703125,8.779205322265625,7.723526000976562,71.44300842285156,5852.73876953125,16.096084594726562,0.9402008056640624,0.0124520305544137,11.693044940401883,16.12352060920831,1.5496148003472223,3.6146344059017035,1.6558082364721396,0.1124255359172822,0.387725830078125,0.722900390625,0
2019-06-21,2019-06-29,8,11.0,91.0,south,monsoon,6,172,2019,normal,29.166656494140625,1005.3981323242188,0.18310546875,9.839752197265623,7.254776000976562,68.6221694946289,5854.65087890625,15.287490844726562,6.119888305664063,0.0112966541200876,12.22507661030961,16.4669489949232,2.139621310763889,3.609754784498212,1.4835545916845299,0.0263769179582595,0.33782958984375,0.0831298828125,0
2019-06-21,2019-06-29,8,11.0,94.0,south,monsoon,6,172,2019,normal,28.924468994140625,1005.5631103515624,0.579833984375,9.895416259765623,7.377822875976562,74.88666534423828,5857.55712890625,14.209365844726562,8.315200805664062,0.0124510768800973,12.343076332232453,16.46355496688969,2.536349826388889,3.6118468580455785,1.2290287279593737,0.4653371572494509,1.035980224609375,0.92578125,0
2019-06-21,2019-06-29,8,14.0,70.0,south,monsoon,6,172,2019,normal,28.313140869140625,1007.2306518554688,0.30517578125,9.619049072265623,1.9725494384765625,78.53421783447266,5846.36572265625,14.131240844726562,-1.7980804443359375,0.0126785282045602,9.819218723599569,14.245176766048626,1.89208984375,3.864944141267227,1.4436855888373996,0.5536321401596069,1.078399658203125,0.5894775390625,0
2019-06-21,2019-06-29,8,14.0,73.0,south,monsoon,6,172,2019,normal,28.569000244140625,1006.8831176757812,0.091552734375,9.130767822265623,-0.1544036865234375,74.37055206298828,5845.779296875,13.137100219726562,-4.0187835693359375,0.0120162013918161,9.132073232433768,13.738050209556821,1.8174913194444444,3.8791380839742757,1.426369619383757,0.2723094224929809,0.163116455078125,0.9528198242188637,0
2019-06-21,2019-06-29,8,14.0,76.0,south,monsoon,6,172,2019,normal,21.233062744140625,1008.4156494140624,0.274658203125,4.274322509765625,1.9813385009765625,92.76429748535156,5847.9970703125,16.010147094726562,-2.249252319335937,0.0143379215151071,4.711213768546399,16.16737288463464,1.5970865885416667,3.936807006323066,1.7516295315006074,0.4492029547691345,2.036102294921875,0.10516357421863631,0
2019-06-21,2019-06-29,8,14.0,79.0,south,monsoon,6,172,2019,normal,25.498687744140625,1005.49560546875,0.030517578125,4.769439697265625,0.0731353759765625,78.59680938720703,5843.00048828125,18.93006896972656,-7.6359710693359375,0.0131258014589548,4.770000399273825,20.41214259626705,0.22718641493055566,0.36567680432245303,2.4679341633257117,0.030517578125,1.580230712890625,0.36328125,0
2019-06-21,2019-06-29,8,14.0,82.0,south,monsoon,6,172,2019,normal,30.539703369140625,1002.8556518554688,0.67138671875,10.165924072265623,1.0047760009765625,79.59662628173828,5843.53564453125,13.933975219726562,-6.7922210693359375,0.0138277057558298,10.215458240099077,15.501288090951826,0.07798936631944454,0.21001332692060032,2.0875361277835665,0.2156272530555725,1.046356201171875,0.16461181640625,0
2019-06-21,2019-06-29,8,14.0,85.0,south,monsoon,6,172,2019,normal,29.785797119140625,1002.09814453125,0.0,7.638580322265625,6.2254791259765625,84.93905639648438,5836.2705078125,18.04530334472656,2.7898101806640625,0.0145262721925973,9.854161541586048,18.25968273676562,0.613742404513889,1.0312397403684777,2.000719393413686,2.9750187397003174,1.01068115234375,1.5567626953123863,0
2019-06-21,2019-06-29,8,14.0,88.0,south,monsoon,6,172,2019,normal,28.481109619140625,1002.28564453125,1.556396484375,9.319244384765623,7.811416625976562,90.09056854248048,5831.4521484375,18.06288146972656,-0.3742523193359375,0.0150112155824899,12.160038881827996,18.06675819808079,4.8997667100694455,8.707849983562777,2.114229106267701,0.0418778657913208,0.6146240234375,0.5045166015623863,0
2019-06-21,2019-06-29,8,14.0,91.0,south,monsoon,6,172,2019,normal,27.160797119140625,1003.463134765625,11.688232421875,9.660064697265623,6.1297760009765625,94.47723388671876,5837.16259765625,16.451553344726562,5.959732055664063,0.0153063777834177,11.440760629324688,17.497771676121893,6.585015190972222,8.383220343730345,1.9389843628445333,3.8867669105529794,0.35516357421874645,0.94232177734375,0
2019-06-21,2019-06-29,8,14.0,94.0,south,monsoon,6,172,2019,normal,27.865875244140625,1003.8306274414062,4.33349609375,9.310455322265623,6.9891510009765625,86.16445922851562,5842.56689453125,14.297256469726562,8.565200805664062,0.0144042018800973,11.641855952654454,16.66655955506374,7.731119791666667,8.141682119104305,1.649327108571049,1.5421996116638184,0.760101318359375,1.01751708984375,0
2019-06-21,2019-06-29,8,17.0,70.0,west,monsoon,6,172,2019,normal,28.229156494140625,1004.9756469726562,1.617431640625,10.545806884765623,1.6082916259765625,84.8896255493164,5842.1591796875,13.547256469726562,-0.1574554443359375,0.0140904430299997,10.667738504713936,13.548171466050288,2.956814236111111,4.325691189848657,1.6989753442960855,2.449251651763916,1.071441650390625,0.5828857421875,0
2019-06-21,2019-06-29,8,17.0,73.0,west,monsoon,6,172,2019,normal,27.010406494140625,1005.4506225585938,12.6953125,7.901275634765625,-0.5245208740234375,88.21595764160156,5840.9609375,12.287490844726562,-3.053939819335937,0.0141414646059274,7.918666478885649,12.661318244138906,2.7194552951388893,4.442575044178273,1.731955199198292,2.7268381118774396,0.287017822265625,1.11810302734375,0
2019-06-21,2019-06-29,8,17.0,76.0,central,monsoon,6,172,2019,normal,23.453765869140625,1005.5231323242188,0.0,5.796783447265625,0.3817291259765625,90.65520477294922,5846.18701171875,15.516006469726562,-5.4250335693359375,0.0151080135256052,5.809338642230419,16.43707534803617,2.458360460069445,4.556090585179944,1.9937773438076383,2.16589879989624,1.294891357421875,0.0006103515625,0
2019-06-21,2019-06-29,8,17.0,79.0,central,monsoon,6,172,2019,normal,26.754547119140625,1003.0406494140624,0.0,4.871002197265625,-0.0948333740234375,74.34056854248047,5844.65771484375,12.504287719726562,-8.878158569335938,0.0136674884706735,4.87192526365042,15.335544038604489,0.1186794704861116,0.21213775390105194,2.3563748595965266,3.199828863143921,0.50885009765625,0.030395507812613687,0
2019-06-21,2019-06-29,8,17.0,82.0,central,monsoon,6,172,2019,normal,28.951812744140625,1000.5206298828124,0.0,4.931549072265625,-0.0313568115234375,85.75629425048828,5842.21044921875,9.699600219726562,-4.7785491943359375,0.0158208850771188,4.931648760991892,10.812806149432635,0.566270616319445,1.3477818581890695,1.969280373650528,0.3733336925506592,0.62213134765625,0.42724609375,0
2019-06-21,2019-06-29,8,17.0,85.0,east,monsoon,6,172,2019,normal,30.651031494140625,999.18310546875,0.0,9.235260009765623,3.1756744384765625,84.50614166259766,5833.4150390625,10.369522094726562,-2.669174194335937,0.015941048040986,9.766009194505685,10.707543105340799,1.2478298611111116,1.4887688704057473,1.7026638416044966,3.444969654083252,1.908172607421875,1.7044677734376137,0
2019-06-21,2019-06-29,8,17.0,88.0,east,monsoon,6,172,2019,normal,28.926422119140625,999.6631469726562,3.173828125,9.906158447265623,5.2157135009765625,89.02449798583984,5825.97119140625,12.680068969726562,-1.5422210693359375,0.0161432269960641,11.195340213973012,12.77351145549751,5.669487847222222,8.380924093745085,1.7830850888160463,1.2686009407043457,0.30364990234374645,1.2530517578125,0
2019-06-21,2019-06-29,8,17.0,91.0,east,monsoon,6,172,2019,normal,27.188140869140625,1000.9681396484376,27.374267578125,8.655181884765625,4.4168853759765625,90.21159362792967,5828.31640625,11.191787719726562,1.1648101806640625,0.0155614856630563,9.71704944326675,11.252239560212043,6.856282552083333,8.19006490773797,1.8250458369692504,14.707183837890623,0.30987548828125,0.8794555664061363,1
2019-06-21,2019-06-29,8,17.0,94.0,east,monsoon,6,172,2019,normal,27.483062744140625,1001.798095703125,10.25390625,5.280181884765625,8.087783813476562,93.54668426513672,5839.60986328125,8.758193969726562,8.055435180664062,0.0155657771974802,9.658807780970722,11.899411647692292,7.832845052083333,8.055112032263494,1.29594379754765,19.1228084564209,0.5259399414062536,0.29705810546875,1
2019-06-21,2019-06-29,8,20.0,70.0,west,monsoon,6,172,2019,normal,28.354156494140625,1002.588134765625,0.518798828125,10.351470947265623,1.5662994384765625,86.99560546875,5841.80224609375,13.439834594726562,-0.9953460693359376,0.0148357395082712,10.469300105692655,13.476641559800846,2.8856065538194446,4.371064983976072,1.9355391286962977,0.32090771198272705,0.435272216796875,0.59295654296875,0
2019-06-21,2019-06-29,8,20.0,73.0,west,monsoon,6,172,2019,normal,24.379547119140625,1004.1256103515624,8.941650390625,1.241119384765625,1.8582916259765625,99.67596435546876,5844.1220703125,10.976943969726562,-1.4992523193359375,0.0158061031252145,2.234642050623683,11.078856278134063,2.6787651909722228,4.465977083030621,1.8071633668436475,12.599166870117188,1.0712280273437464,1.3323364257811363,1
2019-06-21,2019-06-29,8,20.0,76.0,central,monsoon,6,172,2019,normal,23.758453369140625,1003.775634765625,0.030517578125,3.891510009765625,-0.2325286865234375,85.56824493408203,5846.263671875,12.322647094726562,-7.1125335693359375,0.0145901683717966,3.8984509418693944,14.227992310797177,2.4447970920138893,4.56326965541353,1.8361889529694426,7.045803546905518,1.4755859375,0.847412109375,0
2019-06-21,2019-06-29,8,20.0,79.0,central,monsoon,6,172,2019,normal,27.598297119140625,1001.2781372070312,0.06103515625,3.585845947265625,-0.1260833740234375,92.59273529052734,5846.72265625,9.707412719726562,-7.4816741943359375,0.0161212924867868,3.5880618967245312,12.255990798842065,0.4577636718750003,1.168291476148831,1.8250208406960813,4.355495929718018,0.087738037109375,0.38580322265625,0
2019-06-21,2019-06-29,8,20.0,82.0,central,monsoon,6,172,2019,normal,24.014312744140625,1001.670654296875,0.0,3.698150634765625,0.9393463134765624,91.96184539794922,5843.43408203125,10.367568969726562,-5.7883148193359375,0.0168012622743845,3.8155850945902654,11.873966261943863,1.203748914930556,1.733459991598574,1.3486549209375034,7.554259300231934,1.191070556640625,0.79736328125,0
2019-06-21,2019-06-29,8,20.0,85.0,east,monsoon,6,172,2019,normal,27.076812744140625,998.6456298828124,4.33349609375,0.341705322265625,-1.3126068115234375,78.70446014404297,5839.45703125,8.885147094726562,-6.5265960693359375,0.0162810329347848,1.356355104285887,11.024622222425545,2.766927083333334,2.8477622827721145,1.303794332981943,4.196535795927048,2.47564697265625,0.09191894531261369,0
2019-06-21,2019-06-29,8,20.0,88.0,east,monsoon,6,172,2019,normal,29.985015869140625,997.7506103515624,1.495361328125,3.226470947265625,2.9325103759765625,89.62188720703125,5832.57373046875,6.9320220947265625,0.4831695556640625,0.017398739233613,4.360015123684703,6.948840417026272,5.689832899305556,8.092500036259388,1.0894995008653965,14.164252281188965,0.0850830078125,0.8394165039063637,1
2019-06-21,2019-06-29,8,20.0,91.0,east,monsoon,6,172,2019,normal,28.194000244140625,999.8031005859376,1.40380859375,2.541900634765625,2.5995025634765625,82.14888000488281,5831.732421875,4.8792877197265625,1.9636383056640625,0.0150631908327341,3.6357492232747717,5.259593524916699,6.096733940972222,8.337113121478252,1.5430955797367527,1.123702049255371,0.721038818359375,0.9131469726561363,0
2019-06-21,2019-06-29,8,20.0,94.0,east,monsoon,6,172,2019,normal,24.967437744140625,1001.5831298828124,0.42724609375,-1.472747802734375,1.7889556884765625,96.12765502929688,5839.89013671875,2.9476470947265625,4.961685180664063,0.0158585552126169,2.317185479367498,5.771216789124398,5.713568793402779,8.626899192078785,0.9289148538780947,0.19792282581329346,0.2451171875,0.3993530273438637,0
2019-06-21,2019-06-29,8,23.0,70.0,west,monsoon,6,172,2019,normal,28.162750244140625,1000.2531127929688,0.030517578125,6.626861572265625,1.7000885009765625,74.40992736816406,5835.7861328125,11.857803344726562,2.8913726806640625,0.0132459644228219,6.841461481958629,12.205225771803606,1.1155870225694444,2.774736607261889,2.40213581894499,0.0238809734582901,2.158111572265625,0.2651977539063637,0
2019-06-21,2019-06-29,8,23.0,73.0,west,monsoon,6,172,2019,normal,26.629547119140625,1001.1981201171876,0.0,2.424713134765625,1.8885650634765625,68.78807830810547,5840.32373046875,8.933975219726562,-0.6594085693359375,0.0121606830507516,3.0734202096181344,8.958277339310385,1.0884602864583333,2.781623258082481,2.3918519484084193,0.001702457666397,2.1312255859375,0.7071533203126137,0
2019-06-21,2019-06-29,8,23.0,76.0,central,monsoon,6,172,2019,normal,25.127593994140625,1001.920654296875,0.274658203125,5.388580322265625,-0.5792083740234375,92.81710815429688,5841.80224609375,11.178115844726562,-4.4992523193359375,0.0161923412233591,5.419619934095673,12.049628428759819,1.0342068142361112,2.7969616816600094,2.493484761463347,0.214163213968277,1.378143310546875,0.22698974609375,0
2019-06-21,2019-06-29,8,23.0,79.0,central,monsoon,6,172,2019,normal,26.865875244140625,1000.0381469726562,0.0,4.829010009765625,1.0272369384765625,89.248291015625,5840.42578125,8.629287719726562,-4.2453460693359375,0.016971493139863,4.937059185607086,9.617045793706597,0.457763671875,1.1682914761488326,2.7866017976951376,0.702301025390625,1.15875244140625,0.1275024414061363,0
2019-06-21,2019-06-29,8,23.0,82.0,central,monsoon,6,172,2019,normal,25.582672119140625,999.4056396484376,3.753662109375,1.775299072265625,-0.9805755615234376,81.72733306884766,5839.60986328125,6.2953033447265625,-6.5168304443359375,0.0171631816774606,2.0281063157152768,9.060900796408113,1.2071397569444444,1.7311302897701257,2.4779079240295885,2.4609099626541138,1.446075439453125,0.5203857421873863,0
2019-06-21,2019-06-29,8,23.0,85.0,east,monsoon,6,172,2019,normal,24.817047119140625,999.235595703125,2.685546875,0.649322509765625,1.1121978759765625,77.83901977539062,5839.2783203125,5.5238189697265625,-4.6359710693359375,0.0168584827333688,1.287867942381946,7.211435624480802,2.4210611979166665,2.963960587805064,2.1422797657009807,2.65377014875412,0.8683471679687464,0.56512451171875,0
2019-06-21,2019-06-29,8,23.0,88.0,east,monsoon,6,172,2019,normal,27.643218994140625,997.0106201171876,9.46044921875,1.185455322265625,1.9940338134765625,82.45176696777344,5836.1171875,7.451553344726562,0.5534820556640625,0.0169929508119821,2.3198006747080187,7.472080676441316,7.398817274305556,13.874543251748275,1.5033674052737453,7.816249489784241,1.305633544921875,0.5892333984373863,1
2019-06-21,2019-06-29,8,23.0,91.0,east,monsoon,6,172,2019,normal,27.117828369140625,999.0306396484376,1.28173828125,-1.706146240234375,2.5887603759765625,66.93639373779297,5837.11181640625,4.9124908447265625,7.2644195556640625,0.0127142909914255,3.1004217902234217,8.76951297280737,8.473714192708334,14.215551011824793,1.7184788155382165,2.232173442840576,0.23870849609374645,0.4828491210936363,0
2019-06-21,2019-06-29,8,23.0,94.0,east,monsoon,6,172,2019,normal,25.817047119140625,1000.3556518554688,0.0,-0.033294677734375,1.1561431884765625,90.08077239990234,5838.4375,1.0296783447265625,1.0359039306640625,0.0165342334657907,1.156622500138307,1.460593867974287,9.111192491319445,14.498523567160268,1.3587683127232788,0.0045374035835266,0.011627197265625,1.2428588867188637,0
2019-06-21,2019-06-29,8,26.0,70.0,west,monsoon,6,172,2019,normal,28.904937744140625,996.8431396484376,0.0,4.921783447265625,5.9891510009765625,15.999282836914062,5839.58447265625,11.754287719726562,4.184341430664063,0.0044173249043524,7.752024381687435,12.476858298725944,0.006781684027777777,0.012687369068650789,2.8409424151234264,0.0,0.7030639648437464,0.4044189453123863,0
2019-06-21,2019-06-29,8,26.0,73.0,west,monsoon,6,172,2019,normal,28.717437744140625,998.8206176757812,0.0,5.173736572265625,3.5243072509765625,61.10269165039063,5834.02685546875,7.974990844726562,6.717544555664063,0.0129360202699899,6.260055248836454,10.427170461386176,0.03390842013888889,0.08564813191945454,2.876861448985698,0.0,2.737213134765625,0.9620971679688637,0
2019-06-21,2019-06-29,8,26.0,76.0,central,monsoon,6,172,2019,normal,28.727203369140625,998.1331176757812,0.0,4.928619384765625,1.3016510009765625,52.92665863037109,5831.9365234375,6.3050689697265625,-3.499252319335937,0.0126246456056833,5.097605748606965,7.211009742566342,0.030517578124999997,0.08631674575031098,2.840510788367099,0.1106131821870803,1.78173828125,0.563232421875,0
2019-06-21,2019-06-29,8,26.0,79.0,central,monsoon,6,172,2019,normal,30.832672119140625,995.983154296875,0.0,4.744049072265625,1.0418853759765625,50.602760314941406,5828.67333984375,8.307022094726562,-7.3683929443359375,0.0129860881716012,4.857110945483762,11.104045689045723,0.45098198784722227,1.1707492805992217,4.02181849273079,0.0,2.04949951171875,0.98199462890625,0
2019-06-21,2019-06-29,8,26.0,82.0,central,monsoon,6,172,2019,normal,31.707672119140625,994.6481323242188,0.0,4.943267822265625,1.4588775634765625,50.698150634765625,5827.322265625,11.025772094726562,-4.4289398193359375,0.0129670146852731,5.154048943099206,11.882051935930528,0.7392035590277778,1.3502876172455693,6.147081341690925,0.0,0.52789306640625,1.96002197265625,0
2019-06-21,2019-06-29,8,26.0,85.0,east,monsoon,6,172,2019,normal,30.887359619140625,994.9481201171876,0.030517578125,1.713775634765625,-0.1192474365234375,70.4149169921875,5826.73583984375,11.607803344726562,-3.184799194335937,0.0160526279360055,1.7179193454390496,12.036778821515664,1.7937554253472223,3.0160734401637947,6.031328427939872,0.030517578125,2.64959716796875,2.3026733398436363,0
2019-06-21,2019-06-29,8,26.0,88.0,northeast,monsoon,6,172,2019,normal,25.883453369140625,996.2781372070312,0.030517578125,-3.168060302734375,-1.0176849365234375,80.36710357666016,5825.25732421875,10.254287719726562,2.2312164306640625,0.016732120886445,3.3275048778008025,10.494224287645098,6.618923611111112,14.17336592772916,6.023911956464125,0.7654018402099609,1.046783447265625,2.76727294921875,1
2019-06-21,2019-06-29,8,26.0,91.0,northeast,monsoon,6,172,2019,normal,24.350250244140625,996.7906494140624,45.867919921875,-4.170013427734375,0.4100494384765625,90.57795715332033,5819.955078125,5.9749908447265625,17.037857055664062,0.0176033023744821,4.190125598294153,18.055167920676006,8.134629991319445,14.395530541134876,5.072037754801649,45.38903757929802,1.831298828125,3.57177734375,1
2019-06-21,2019-06-29,8,26.0,94.0,northeast,monsoon,6,172,2019,normal,23.430328369140625,999.6656494140624,16.29638671875,0.775299072265625,-0.6133880615234375,81.45770263671875,5825.25732421875,1.8753814697265625,4.514419555664063,0.0144165996462106,0.9886018235242231,4.888459837367582,8.91452365451389,14.611752416675055,5.244151015111551,16.265111044049263,1.909393310546875,1.4901123046876137,1
2019-06-21,2019-06-29,8,29.0,70.0,north,monsoon,6,172,2019,normal,31.848297119140625,993.2831420898438,0.0,2.900299072265625,6.0047760009765625,20.57406234741211,5839.07470703125,6.6136627197265625,1.8308258056640625,0.00668420875445,6.668513292368017,6.8623944582766745,0.0,0.0,1.9002364448078641,0.0,1.746734619140625,1.4144897460938637,0
2019-06-21,2019-06-29,8,29.0,73.0,north,monsoon,6,172,2019,normal,32.531890869140625,995.0631103515624,0.0,5.651275634765625,4.4188385009765625,43.12504577636719,5835.123046875,7.0589752197265625,1.9421539306640625,0.0118884090334177,7.173775156624886,7.321276735864281,0.0,0.0,1.9676572468391296,0.0,1.29779052734375,0.3898315429688637,0
2019-06-21,2019-06-29,8,29.0,76.0,north,monsoon,6,172,2019,normal,33.701812744140625,994.640625,0.0,5.500885009765625,1.8075103759765625,47.13240432739258,5824.5693359375,13.287490844726562,-3.001205444335937,0.0127071384340524,5.790235716266402,13.622211533660893,0.0,0.0,6.243375753529009,0.0,0.672760009765625,1.37725830078125,0
2019-06-21,2019-06-29,8,29.0,79.0,north,monsoon,6,172,2019,normal,26.399078369140625,993.650634765625,0.0,1.871978759765625,-0.0547943115234375,26.064117431640625,5811.05810546875,10.002334594726562,-6.3137054443359375,0.0075954445637762,1.872780524671531,11.828337743854842,0.0033908420138888886,0.009590749527812331,7.529588243467741,0.0,3.2250366210937464,2.11968994140625,1
2019-06-21,2019-06-29,8,29.0,82.0,central,monsoon,6,172,2019,normal,8.090484619140625,1006.93310546875,0.030517578125,-0.137786865234375,-1.2979583740234375,53.18983840942383,5806.31640625,-0.2398529052734375,-0.6887054443359375,0.0092696193605661,1.3052513784435094,0.7292767686043959,0.023735894097222224,0.047228964156033386,8.220948562550314,0.8869562149047852,5.207458496093752,0.537841796875,1
2019-06-21,2019-06-29,8,29.0,85.0,east,monsoon,6,172,2019,normal,-1.237640380859375,1013.4456176757812,0.152587890625,0.837799072265625,0.1786041259765625,37.44900894165039,5805.32177734375,0.3109283447265625,0.4714508056640625,0.0057271965779364,0.8566251918458818,0.564749765573828,0.027126736111111115,0.04649288330350101,6.7091778197277865,0.1107715070247651,2.87353515625,0.9595947265625,0
2019-06-21,2019-06-29,8,29.0,88.0,northeast,monsoon,6,172,2019,normal,7.070953369140625,1005.110595703125,0.0,0.645416259765625,0.5682525634765625,50.54746627807617,5807.794921875,0.0394439697265625,1.0261383056640625,0.00846185721457,0.8599262318754635,1.026896123811412,5.140516493055556,14.39940454703349,6.287192466056933,0.0,0.9180908203125,1.95269775390625,0
2019-06-21,2019-06-29,8,29.0,91.0,northeast,monsoon,6,172,2019,normal,5.004547119140625,1008.4456176757812,0.06103515625,-1.002044677734375,0.9657135009765624,47.84695816040039,5808.68701171875,-0.7750091552734375,1.0007476806640625,0.0077532776631414,1.391652292113298,1.26575475946652,7.50732421875,14.479903881598178,5.362747157215609,0.0557266175746918,3.2083740234375,0.635009765625,1
2019-06-21,2019-06-29,8,29.0,94.0,northeast,monsoon,6,172,2019,normal,5.190093994140625,1010.9806518554688,0.213623046875,-0.520599365234375,0.1991119384765625,56.03452301025391,5815.69775390625,-0.3492279052734375,-0.0090179443359375,0.0088299755007028,0.5573771282770119,0.3493443188914328,9.891086154513888,14.158259330091925,5.289092199339552,3.18070125579834,3.112396240234375,0.502685546875,1
2019-06-21,2019-06-29,8,32.0,70.0,north,monsoon,6,172,2019,normal,27.057281494140625,995.24560546875,0.0,3.417877197265625,0.3182525634765625,21.271499633789062,5835.91357421875,2.9124908447265625,-0.2863616943359375,0.0066231735982,3.4326621199511798,2.9265348008521945,0.0,0.0,1.1436871488862341,0.0,0.503173828125,2.113037109375,0
2019-06-21,2019-06-29,8,32.0,73.0,north,monsoon,6,172,2019,normal,31.233062744140625,992.6231079101562,0.0,1.803619384765625,0.8036041259765625,32.927528381347656,5825.333984375,3.8402252197265625,2.8503570556640625,0.0101365093141794,1.9745436121769726,4.782453876724566,0.0,0.0,1.0100490514824911,0.0,1.0859375,2.5601196289061363,1
2019-06-21,2019-06-29,8,32.0,76.0,north,monsoon,6,172,2019,normal,27.160797119140625,994.548095703125,0.0,-2.255950927734375,1.2479400634765625,24.170557022094727,5813.123046875,4.4417877197265625,-2.903549194335937,0.0071729668416082,2.5781134556833365,5.306606832152027,0.0,0.0,8.530480186768791,0.0,0.32470703125,2.547119140625,1
2019-06-21,2019-06-29,8,32.0,79.0,north,monsoon,6,172,2019,normal,-3.602874755859375,1014.380615234375,0.0,1.548736572265625,-0.0430755615234375,17.17601776123047,5804.96484375,0.8714752197265625,0.0378570556640625,0.002500916365534,1.5493354944212816,0.872297091168492,0.0033908420138888886,0.009590749527812331,8.697418980007516,0.0,4.47930908203125,0.8846435546873863,1
2019-06-21,2019-06-29,8,32.0,82.0,central,monsoon,6,172,2019,normal,1.459625244140625,1010.4706420898438,0.0,0.987213134765625,-1.0137786865234375,27.43495750427246,5799.560546875,1.2015533447265625,-0.5012054443359375,0.0042389878071844,1.415039574959993,1.301897591078336,0.020345052083333332,0.04771337646304758,5.983427185129542,0.0,0.224609375,0.81500244140625,0
2019-06-21,2019-06-29,8,32.0,85.0,east,monsoon,6,172,2019,normal,2.799468994140625,1008.5831298828124,0.0,-1.615325927734375,0.9676666259765624,32.40481185913086,5794.79345703125,-1.2828216552734375,0.1179351806640625,0.0051602371968328,1.8829913838995078,1.2882313868543753,0.020345052083333332,0.04771337646304758,2.2658011416291823,0.0,1.1630859375,2.4592285156247726,1
2019-06-21,2019-06-29,8,32.0,88.0,northeast,monsoon,6,172,2019,normal,3.867828369140625,1007.838134765625,0.0,-1.095794677734375,-0.4463958740234375,34.48263168334961,5796.169921875,-0.6714935302734375,-0.8879241943359375,0.0054506310261785,1.1832308532556661,1.1132443290159657,0.050862630208333336,0.06103515624999999,2.027555812177731,0.0,1.438079833984375,1.6396484375,0
2019-06-21,2019-06-29,8,32.0,91.0,northeast,monsoon,6,172,2019,normal,5.262359619140625,1008.213134765625,0.1220703125,-3.710052490234375,-0.1866302490234375,49.48226547241211,5797.75048828125,-2.526962280273437,-0.7961273193359375,0.0078348163515329,3.7147436425875795,2.6494069288272337,1.1630588107638888,2.038338899231976,1.5331251269974342,0.1220703125,1.338531494140625,3.66009521484375,1
2019-06-21,2019-06-29,8,32.0,94.0,northeast,monsoon,6,172,2019,normal,4.469390869140625,1009.62060546875,4.974365234375,-0.908294677734375,-1.9795989990234373,50.66621780395508,5802.517578125,-0.2867279052734375,-1.2297210693359375,0.0079144481569528,2.1780292510742796,1.2627061415987548,2.292209201388889,2.3993987200140623,0.9923502555547056,4.912104457616806,0.820404052734375,0.56280517578125,0
2019-06-21,2019-06-30,9,8.0,70.0,south,monsoon,6,172,2019,normal,28.342254638671875,1009.6849975585938,0.06103515625,4.698501586914063,0.94036865234375,70.15558624267578,5855.90283203125,6.723922729492188,-3.446929931640625,0.0109408469870686,4.791681371350225,7.555955454197816,0.22379557291666666,0.2887994296585773,0.41441867546549277,0.11546164751052851,0.66229248046875,1.24993896484375,0
2019-06-21,2019-06-30,9,8.0,73.0,south,monsoon,6,172,2019,normal,28.357879638671875,1009.39501953125,0.06103515625,5.086196899414063,0.28900146484375,54.32427978515625,5857.228515625,6.350875854492188,-7.269195556640625,0.0087607474997639,5.094400921236084,9.652710922836947,0.213623046875,0.25613766097034046,0.4195660385067841,0.0393632799386978,0.154296875,0.9664306640623863,0
2019-06-21,2019-06-30,9,8.0,76.0,south,monsoon,6,172,2019,normal,28.588348388671875,1008.6875,0.091552734375,7.8596343994140625,-2.70709228515625,63.15211868286133,5858.0439453125,8.550094604492188,-6.058258056640625,0.0099800201132893,8.312773395973533,10.478864844372097,0.11528862847222222,0.18013000468334187,1.010790409501929,0.0854730606079102,0.013427734375,0.50286865234375,0
2019-06-21,2019-06-30,9,8.0,79.0,south,monsoon,6,172,2019,normal,27.211395263671875,1007.5750122070312,0.0,10.103775024414062,4.05950927734375,38.273712158203125,5858.35009765625,9.915328979492188,-4.609039306640625,0.0071461768820881,10.888796320843428,10.934212001864418,0.18649631076388892,0.3090320472565225,1.2490242947999757,0.0,0.428558349609375,0.43603515625,0
2019-06-21,2019-06-30,9,8.0,82.0,south,monsoon,6,172,2019,normal,28.783660888671875,1006.927490234375,0.0,4.972915649414063,2.63275146484375,34.11405563354492,5859.06396484375,11.891891479492188,-1.267242431640625,0.0066817374899983,5.62683484134946,11.959221811663555,0.15258789062500003,0.3003910941616496,0.8787811795626062,0.0,0.399932861328125,0.40264892578125,0
2019-06-21,2019-06-30,9,8.0,85.0,south,monsoon,6,172,2019,normal,28.789520263671875,1006.8975219726562,0.0,9.269790649414062,8.91107177734375,47.88090896606445,5860.669921875,9.391891479492188,3.916351318359375,0.0088584991171956,12.85831322160635,10.175727650216134,0.1695421006944445,0.29275360370753817,0.9243808285968189,0.0540409237146377,0.135009765625,0.1852416992186363,0
2019-06-21,2019-06-30,9,8.0,88.0,south,monsoon,6,172,2019,normal,28.680145263671875,1007.375,0.06103515625,8.588150024414062,8.17767333984375,59.997802734375,5860.8994140625,10.794235229492188,5.228851318359375,0.010031041689217,11.858779958116877,11.994015186713698,0.24414062500000008,0.31188374260977964,0.9160682928315851,0.1126602292060852,0.17474365234375,0.205322265625,0
2019-06-21,2019-06-30,9,8.0,91.0,south,monsoon,6,172,2019,normal,28.275848388671875,1007.2449951171876,0.762939453125,8.758071899414062,6.42572021484375,77.36306762695312,5864.72314453125,14.409469604492188,6.703460693359375,0.0129445167258381,10.86249067547392,15.892425854796315,0.5323621961805557,0.48511562141270725,0.9002891602825097,0.08700042963027954,0.113189697265625,0.07531738281261369,0
2019-06-21,2019-06-30,9,8.0,94.0,south,monsoon,6,172,2019,normal,28.555145263671875,1007.364990234375,0.79345703125,8.435806274414062,6.41986083984375,75.82050323486328,5869.439453125,14.911422729492188,5.986663818359375,0.0126503081992268,10.600822642719901,16.068312652287716,0.857883029513889,0.41256947629815344,0.7914219503637605,0.5870014429092408,0.10064697265625,0.25238037109375,0
2019-06-21,2019-06-30,9,11.0,70.0,south,monsoon,6,172,2019,normal,27.680145263671875,1008.8900146484376,0.762939453125,7.021743774414063,1.17279052734375,71.76438903808594,5854.93408203125,11.429000854492188,-2.724273681640625,0.0113490195944905,7.119011395871613,11.749201148353148,0.4781087239583333,0.4846650899076984,0.9152478214801294,0.702984631061554,0.6961669921874964,1.5361328125,0
2019-06-21,2019-06-30,9,11.0,73.0,south,monsoon,6,172,2019,normal,28.383270263671875,1008.5250244140624,0.1220703125,7.4397125244140625,-0.45416259765625,73.90681457519531,5855.31640625,9.796188354492188,-4.878570556640625,0.0116012664511799,7.4535619747227795,10.943754243988174,0.5866156684027778,0.5788118649882558,0.7479112879791097,0.015927478671073997,0.17486572265625,1.2728881835936363,0
2019-06-21,2019-06-30,9,11.0,76.0,south,monsoon,6,172,2019,normal,24.094207763671875,1008.9949951171876,0.6103515625,0.1711578369140625,-2.56646728515625,76.71003723144531,5854.5517578125,10.061813354492188,-4.419586181640625,0.0118821235373616,2.5721682159054824,10.989669239680786,0.4475911458333333,0.6272416182237953,1.212606915653406,1.3140681982040403,1.63482666015625,0.5761108398438637,0
2019-06-21,2019-06-30,9,11.0,79.0,south,monsoon,6,172,2019,normal,26.992645263671875,1006.08251953125,0.0,4.229751586914063,0.62493896484375,46.30247116088867,5853.0986328125,11.167282104492188,-2.913726806640625,0.009077844209969,4.275669210402275,11.541143509420877,0.49167209201388884,0.5810720055480061,1.9402555412511153,0.0,2.24005126953125,0.81829833984375,0
2019-06-21,2019-06-30,9,11.0,82.0,south,monsoon,6,172,2019,normal,29.316864013671875,1004.9625244140624,0.885009765625,6.846939086914063,6.77728271484375,67.42033386230469,5852.6142578125,10.100875854492188,-2.259429931640625,0.01237612683326,9.633905534975494,10.350493545906728,0.3865559895833333,0.4747421016267103,1.6647407595932273,0.885009765625,0.041290283203125,0.41259765625,0
2019-06-21,2019-06-30,9,11.0,85.0,south,monsoon,6,172,2019,normal,28.914520263671875,1005.2899780273438,0.48828125,8.472915649414062,7.68743896484375,74.05342102050781,5851.6455078125,12.634078979492188,5.816741943359375,0.0128191085532307,11.44058641155617,13.908789972376553,0.9596082899305557,1.5185445961074209,1.771646002082947,0.485917553305626,0.207244873046875,0.843505859375,0
2019-06-21,2019-06-30,9,11.0,88.0,south,monsoon,6,172,2019,normal,29.037567138671875,1005.197509765625,0.030517578125,8.039321899414062,9.60247802734375,55.67641830444336,5850.447265625,14.985641479492188,2.488616943359375,0.0100916000083088,12.523509127557581,15.190874393617115,1.434326171875,2.1297781244819034,1.8065627298122868,0.004678964614868199,0.250335693359375,0.06512451171875,0
2019-06-21,2019-06-30,9,11.0,91.0,south,monsoon,6,172,2019,normal,29.213348388671875,1005.2974853515624,0.030517578125,9.788345336914062,8.12200927734375,55.37500762939453,5852.6142578125,16.751266479492188,6.482757568359375,0.0100305648520588,12.719227143814408,17.961934037209893,2.3634168836805554,2.6906710630501793,1.6835141509554954,0.007227063179016099,0.42974853515625,0.1025390625,0
2019-06-21,2019-06-30,9,11.0,94.0,south,monsoon,6,172,2019,normal,28.121551513671875,1005.875,1.495361328125,9.056900024414062,6.11614990234375,76.50331115722656,5859.2421875,15.235641479492188,8.271820068359375,0.0131676765158772,10.928619660330892,17.336313868147858,2.861870659722222,2.848117559663324,1.5167016954965469,1.230355262756348,0.057952880859375,1.05224609375,0
2019-06-21,2019-06-30,9,14.0,70.0,south,monsoon,6,172,2019,normal,28.049285888671875,1007.3775024414062,0.42724609375,9.773696899414062,1.65032958984375,80.85758972167969,5851.416015625,12.884078979492188,-1.579742431640625,0.0128124328330159,9.912050183323826,12.980565369047616,2.5872124565972223,5.704361829697531,1.3560478231480073,0.6525795459747314,0.28387451171875,1.72052001953125,0
2019-06-21,2019-06-30,9,14.0,73.0,south,monsoon,6,172,2019,normal,27.307098388671875,1007.4199829101562,1.617431640625,7.6516265869140625,-0.04791259765625,87.08161926269531,5851.0078125,9.887985229492188,-2.277008056640625,0.0136039825156331,7.65177659387572,10.146773752708887,2.6652018229166665,5.686705918124435,1.344316806614484,0.454021692276001,0.5689697265625036,1.6708984375,0
2019-06-21,2019-06-30,9,14.0,76.0,south,monsoon,6,172,2019,normal,21.394989013671875,1008.9375,1.52587890625,5.227798461914063,1.80169677734375,90.0625228881836,5850.37060546875,14.940719604492188,-1.093414306640625,0.0136364074423909,5.529555862443376,14.980676124461926,2.5092230902777777,5.749282378387948,1.739761598182303,1.2207087278366089,0.837646484375,1.355712890625,0
2019-06-21,2019-06-30,9,14.0,79.0,south,monsoon,6,172,2019,normal,25.250457763671875,1005.8775024414062,0.0,4.449478149414063,0.35638427734375,73.81537628173828,5845.17041015625,16.671188354492188,-7.825836181640625,0.0124648185446858,4.463727764464475,18.41662925436768,0.484890407986111,0.5860371759977462,2.6264062188082855,0.0,2.198577880859375,0.90093994140625,0
2019-06-21,2019-06-30,9,14.0,82.0,south,monsoon,6,172,2019,normal,30.184051513671875,1002.8524780273438,1.312255859375,7.6223297119140625,1.98333740234375,81.5588150024414,5842.162109375,14.841110229492188,-3.925445556640625,0.013650712557137,7.876137218755369,15.351471449411202,0.39672851562499994,0.4668291791009037,2.3756146949885957,1.2605786323547363,0.345916748046875,0.1934204101561363,0
2019-06-21,2019-06-30,9,14.0,85.0,south,monsoon,6,172,2019,normal,29.227020263671875,1002.5250244140624,0.79345703125,8.845962524414062,8.75579833984375,91.05258178710938,5840.83642578125,19.229782104492188,-0.343414306640625,0.0149229140952229,12.446487759659291,19.232848285479026,1.6886393229166667,2.2712770022789392,2.3354026095961147,1.813260793685913,0.22021484375,0.6641235351563637,0
2019-06-21,2019-06-30,9,14.0,88.0,south,monsoon,6,172,2019,normal,27.430145263671875,1002.89501953125,5.06591796875,11.231704711914062,6.97064208984375,96.58597564697266,5831.455078125,18.393844604492188,1.572601318359375,0.0156467519700527,13.218965234856086,18.460947815340145,3.2280815972222228,3.575401324118167,2.399182995897125,1.4528090953826904,0.826171875,0.3006591796876137,0
2019-06-21,2019-06-30,9,14.0,91.0,south,monsoon,6,172,2019,normal,27.809051513671875,1002.9099731445312,5.67626953125,11.046157836914062,6.60052490234375,86.09127807617188,5838.0068359375,17.680953979492188,5.490570068359375,0.0146687598899006,12.867965338175182,18.513845988893948,5.3270128038194455,3.9224846525399046,2.1861136025963606,0.2480483055114746,0.02545166015625,0.4714965820311363,0
2019-06-21,2019-06-30,9,14.0,94.0,south,monsoon,6,172,2019,normal,27.805145263671875,1004.135009765625,7.354736328125,8.904556274414062,7.35736083984375,81.632080078125,5842.11083984375,16.536422729492188,9.084320068359377,0.0137789817526936,11.55083897264061,18.867383172895565,6.279839409722222,4.165019707668388,2.013404416052988,2.6206374168395996,0.434814453125,0.69122314453125,0
2019-06-21,2019-06-30,9,17.0,70.0,west,monsoon,6,172,2019,normal,28.480926513671875,1005.2725219726562,0.244140625,10.357681274414062,1.37298583984375,84.65913391113281,5848.96875,11.466110229492188,-0.357086181640625,0.014087495394051,10.448284619915327,11.471669204435075,2.699110243055556,5.681501251537262,1.451042439787126,0.49851465225219727,0.366424560546875,1.554931640625,0
2019-06-21,2019-06-30,9,17.0,73.0,west,monsoon,6,172,2019,normal,26.990692138671875,1005.95751953125,18.6767578125,6.294204711914063,0.02435302734375,96.53677368164062,5846.623046875,10.286422729492188,-2.739898681640625,0.0150759788230061,6.294251824118733,10.6450710357174,2.7567545572916674,5.673114806913167,1.5301074173104399,13.367231845855713,0.592559814453125,1.6031494140623863,1
2019-06-21,2019-06-30,9,17.0,76.0,central,monsoon,6,172,2019,normal,23.703582763671875,1006.2274780273438,0.0,4.892837524414063,-0.11138916015625,83.55215454101562,5847.20947265625,14.218063354492188,-6.925445556640625,0.0139563651755452,4.8941052895615815,15.815028349969753,2.6482476128472228,5.721135322111233,2.018763800069301,0.264884889125824,0.223663330078125,1.3560180664061363,0
2019-06-21,2019-06-30,9,17.0,79.0,central,monsoon,6,172,2019,normal,26.871551513671875,1003.322509765625,0.030517578125,4.642837524414063,0.05169677734375,78.46553039550781,5842.85009765625,11.220016479492188,-10.913726806640623,0.0140483947470784,4.643125330517693,15.652418426877757,0.3221299913194449,0.5886212648011304,2.5464891333571402,1.4190468788146973,0.52069091796875,0.4678955078126137,0
2019-06-21,2019-06-30,9,17.0,82.0,central,monsoon,6,172,2019,normal,27.826629638671875,1000.4650268554688,0.0,4.755142211914063,-0.20513916015625,87.44517517089844,5836.47705078125,10.096969604492188,-6.114898681640625,0.0160821042954921,4.759565056867758,11.80426961233813,0.24753146701388937,0.4479249679098458,2.1883490670043764,1.2128316164016724,0.916961669921875,0.35479736328125,0
2019-06-21,2019-06-30,9,17.0,85.0,east,monsoon,6,172,2019,normal,30.117645263671875,998.7324829101562,0.06103515625,9.560806274414062,2.54876708984375,78.93216705322266,5831.2255859375,9.778610229492188,-2.152008056640625,0.0152299972251057,9.894707185922476,10.012609884349605,1.807318793402778,2.3005557415579916,1.9617759604716107,19.038623809814453,2.19769287109375,1.58642578125,1
2019-06-21,2019-06-30,9,17.0,88.0,east,monsoon,6,172,2019,normal,28.600067138671875,999.4425048828124,6.561279296875,8.530532836914062,4.03607177734375,91.36540222167967,5820.44189453125,10.981735229492188,-1.569976806640625,0.0165069662034511,9.43715348362735,11.093391538391645,4.255506727430556,3.4264387243600285,2.0108801191490935,14.805866241455082,1.272857666015625,0.87158203125,1
2019-06-21,2019-06-30,9,17.0,91.0,east,monsoon,6,172,2019,normal,27.672332763671875,1000.2525024414062,10.345458984375,8.108657836914062,4.04681396484375,95.63379669189452,5817.66357421875,12.095016479492188,4.254241943359375,0.016497429460287,9.062396768085264,12.82138830828494,6.28662109375,3.2684375245648827,2.0913945023880407,5.7435455322265625,0.174896240234375,0.21990966796875,0
2019-06-21,2019-06-30,9,17.0,94.0,east,monsoon,6,172,2019,normal,28.002410888671875,1001.22998046875,11.383056640625,8.113540649414062,9.29486083984375,90.8237075805664,5832.984375,12.186813354492188,5.301116943359375,0.0152886481955647,12.337908246609521,13.289855551675533,6.849500868055556,3.9263607900338457,1.8483977954333495,7.575357437133789,1.23883056640625,1.511474609375,1
2019-06-21,2019-06-30,9,20.0,70.0,west,monsoon,6,172,2019,normal,28.478973388671875,1003.530029296875,0.335693359375,10.049087524414062,1.61810302734375,83.64070892333984,5848.7138671875,11.155563354492188,0.068695068359375,0.0140364738181233,10.178527274632286,11.155774861859928,2.44140625,5.768351499754288,1.7276183867787829,1.0433216094970703,0.269927978515625,1.66290283203125,0
2019-06-21,2019-06-30,9,20.0,73.0,west,monsoon,6,172,2019,normal,24.992645263671875,1004.9550170898438,1.983642578125,2.2639312744140625,1.66693115234375,93.90416717529295,5850.1923828125,10.245407104492188,-1.273101806640625,0.0151951881125569,2.8114132179251317,10.324202387925695,2.3735894097222223,5.794908327362069,1.6440187504981156,4.02392053604126,1.18182373046875,1.7803955078125,0
2019-06-21,2019-06-30,9,20.0,76.0,central,monsoon,6,172,2019,normal,24.102020263671875,1005.094970703125,0.0,3.6936187744140634,-0.53912353515625,90.1233901977539,5848.66259765625,12.305953979492188,-7.423492431640625,0.0147765250876545,3.7327568681690777,14.371664594889669,2.3057725694444446,5.820553906003488,1.8157648060805316,15.54171371459961,0.183349609375,1.928466796875,1
2019-06-21,2019-06-30,9,20.0,79.0,central,monsoon,6,172,2019,normal,27.734832763671875,1001.614990234375,0.0,3.7092437744140634,-0.77642822265625,83.904052734375,5843.8701171875,8.509078979492188,-9.441070556640623,0.0150273414328694,3.789634568525919,12.709769405252885,0.20005967881944464,0.5336672585790928,1.9941755194196014,7.495066165924072,3.247650146484375,1.095703125,1
2019-06-21,2019-06-30,9,20.0,82.0,central,monsoon,6,172,2019,normal,23.834442138671875,1001.9149780273438,0.030517578125,4.118423461914063,-0.33795166015625,95.8180694580078,5836.98681640625,9.552047729492188,-9.019195556640623,0.0174382291734218,4.132266101819507,13.1372563465673,0.41707356770833354,0.7495985281144413,1.5665962081092286,0.4333220422267914,1.023651123046875,1.1953125,0
2019-06-21,2019-06-30,9,20.0,85.0,east,monsoon,6,172,2019,normal,27.314910888671875,998.4375,0.0,1.2893218994140625,-0.93756103515625,86.95240783691406,5832.984375,6.389938354492188,-7.077789306640625,0.0174086652696132,1.5941680134013305,9.535534261036805,1.413981119791667,2.045006670201291,1.5057347247391932,2.497220516204834,0.142242431640625,0.01959228515625,0
2019-06-21,2019-06-30,9,20.0,88.0,east,monsoon,6,172,2019,normal,29.170379638671875,997.5374755859376,2.44140625,4.595962524414063,2.00677490234375,91.27359771728516,5826.8916015625,7.4309539794921875,-2.435211181640625,0.0173075757920742,5.014979265609705,7.819803740792879,3.2450358072916665,3.641252819205256,0.9943494456822984,2.1520538330078125,1.203155517578125,0.7046508789061363,0
2019-06-21,2019-06-30,9,20.0,91.0,east,monsoon,6,172,2019,normal,27.428192138671875,998.3250122070312,7.354736328125,3.2717437744140625,2.16497802734375,94.63021850585938,5828.013671875,6.032516479492188,-3.456695556640625,0.0169723592698574,3.923192218627378,6.952697264130221,4.489474826388888,4.225639509556023,1.5793120373551899,1.53668212890625,0.0028076171875035527,0.309814453125,0
2019-06-21,2019-06-30,9,20.0,94.0,east,monsoon,6,172,2019,normal,25.111785888671875,1000.2424926757812,0.396728515625,-0.7761077880859375,1.37298583984375,89.00959014892578,5833.8515625,1.6067352294921875,4.820648193359375,0.0155003638938069,1.5771599205974942,5.081362720947041,4.954020182291667,4.759937881388077,1.1547509365273971,6.749235153198242,0.7755126953125036,1.87518310546875,0
2019-06-21,2019-06-30,9,23.0,70.0,west,monsoon,6,172,2019,normal,27.939910888671875,1001.1024780273438,0.06103515625,6.114517211914063,2.14739990234375,68.21873474121094,5846.97998046875,12.989547729492188,4.670257568359375,0.0124738784506917,6.480636317166647,13.803610251364448,0.31195746527777773,0.6048638692297318,2.3304037445804964,0.025652348995208803,2.4764404296874964,1.3153076171875,0
2019-06-21,2019-06-30,9,23.0,73.0,west,monsoon,6,172,2019,normal,26.486785888671875,1002.3975219726562,0.030517578125,2.4524078369140625,1.71478271484375,63.4526252746582,5847.8212890625,10.411422729492188,1.045257568359375,0.0111277671530842,2.9924545038620742,10.463760635469406,0.2712673611111111,0.6138079697799892,2.369288053607314,0.0289976596832276,3.353179931640625,2.1756591796875,1
2019-06-21,2019-06-30,9,23.0,76.0,central,monsoon,6,172,2019,normal,25.512176513671875,1003.052490234375,0.030517578125,5.134048461914063,-0.20806884765625,89.5689926147461,5845.3740234375,12.264938354492188,-3.909820556640625,0.0150902839377522,5.138262960830942,12.873049740625689,0.22718641493055555,0.6211259953359473,2.484794622403338,3.238471269607544,0.972259521484375,1.675048828125,0
2019-06-21,2019-06-30,9,23.0,79.0,central,monsoon,6,172,2019,normal,28.500457763671875,1000.8599853515624,0.0,4.732681274414063,0.24212646484375,72.32157897949219,5841.80517578125,10.741500854492188,-5.288726806640625,0.0140870185568928,4.73887088557678,11.97290573930721,0.19666883680555555,0.5348294179569282,2.7010144431459215,0.4308931529521942,1.6259765625,1.0631103515623863,0
2019-06-21,2019-06-30,9,23.0,82.0,central,monsoon,6,172,2019,normal,25.416473388671875,1000.0050048828124,1.708984375,3.6633453369140634,-1.72857666015625,68.95700073242188,5838.1083984375,5.712203979492188,-6.937164306640625,0.0154402824118733,4.050688376995563,8.986296396216579,0.42046440972222215,0.7484626093105734,2.1437851782988595,6.49720573425293,0.5416259765624964,0.10858154296886369,0
2019-06-21,2019-06-30,9,23.0,85.0,east,monsoon,6,172,2019,normal,25.906707763671875,998.7274780273438,1.922607421875,1.5324859619140625,0.45306396484375,71.7421875,5836.859375,5.067672729492188,-5.310211181640625,0.0162170492112636,1.598055124112935,7.3402758590437145,2.468532986111111,4.870195925444004,1.8596099465408202,1.7542243003845215,0.144134521484375,0.8916015625,0
2019-06-21,2019-06-30,9,23.0,88.0,east,monsoon,6,172,2019,normal,27.797332763671875,996.5449829101562,0.0,-0.3376312255859375,1.98919677734375,62.47457885742188,5835.6357421875,2.9602508544921875,-1.198883056640625,0.0141709418967366,2.017646813365863,3.193807399487592,4.197862413194445,5.271275220487936,0.925379274012044,0.4202835261821747,0.429901123046875,1.3448486328125,0
2019-06-21,2019-06-30,9,23.0,91.0,east,monsoon,6,172,2019,normal,27.258270263671875,998.2625122070312,0.518798828125,-1.3151702880859375,2.16986083984375,78.01825714111328,5838.0576171875,3.5325164794921875,4.574554443359375,0.0150502296164631,2.537315303810599,5.7797249963249016,4.208034939236112,5.2476125875208215,1.5298205591729628,0.1753736138343811,0.6343994140624964,0.64227294921875,0
2019-06-21,2019-06-30,9,23.0,94.0,east,monsoon,6,172,2019,normal,24.574676513671875,1001.3524780273438,1.40380859375,-0.0886077880859375,-0.71588134765625,97.4547119140625,5840.30126953125,-0.0358428955078125,0.707366943359375,0.0168312154710292,0.7213441924848436,0.7082744564898336,2.3973253038194446,3.2666992540078463,1.0962078624777263,0.161118745803833,0.20202636718750355,1.25640869140625,0
2019-06-21,2019-06-30,9,26.0,70.0,west,monsoon,6,172,2019,normal,28.869598388671875,998.0,0.0,4.822525024414063,6.23040771484375,20.31854248046875,5856.4892578125,6.946578979492188,5.238616943359375,0.0056446166709065,7.878751671698022,8.700463608197822,0.016954210069444444,0.025374738137301577,2.8792333107172907,0.0,1.237640380859375,0.7210693359376137,0
2019-06-21,2019-06-30,9,26.0,73.0,west,monsoon,6,172,2019,normal,28.322723388671875,999.7025146484376,0.0,5.332290649414063,3.48431396484375,39.35445022583008,5853.07275390625,11.208297729492188,7.469085693359375,0.0085304351523518,6.369754106355584,13.468970973600227,0.013563368055555554,0.020902553992272192,2.9753660057798617,0.0,3.399078369140625,0.8980102539063637,1
2019-06-21,2019-06-30,9,26.0,76.0,central,monsoon,6,172,2019,normal,28.228973388671875,999.4349975585938,0.0,4.557876586914063,1.55364990234375,55.71158981323242,5848.994140625,8.296188354492188,-4.589508056640625,0.012744721956551,4.815398945112662,9.481050860278147,0.006781684027777777,0.01268736906865079,2.953331985899775,0.0,3.156463623046875,1.74072265625,1
2019-06-21,2019-06-30,9,26.0,79.0,central,monsoon,6,172,2019,normal,30.473114013671875,997.0700073242188,0.0,5.139907836914063,1.02923583984375,46.04062271118164,5840.734375,8.075485229492188,-5.374664306640625,0.0119898887351155,5.241944199053389,9.700540093253737,0.24074978298611113,0.5356671872142933,4.164683365559085,0.0053197145462036,2.24505615234375,0.20477294921875,0
2019-06-21,2019-06-30,9,26.0,82.0,central,monsoon,6,172,2019,normal,32.076629638671875,995.8599853515624,0.0,3.3235015869140625,0.25189208984375,56.63169860839844,5829.67041015625,11.684860229492188,-6.560211181640625,0.0140207381919026,3.333033516655082,13.400460041748227,0.46454535590277785,0.7357736509766747,5.823929989269438,0.0,0.10028076171875,0.016174316406136313,0
2019-06-21,2019-06-30,9,26.0,85.0,east,monsoon,6,172,2019,normal,27.268035888671875,996.2449951171876,0.1220703125,-3.8737640380859375,-0.33209228515625,71.4804916381836,5828.2939453125,13.298141479492188,-2.189117431640625,0.0158579908311367,3.887972879101418,13.477121426258039,2.2413465711805554,4.913932623523937,6.039694064683035,0.6143394708633423,1.439208984375,1.1825561523436363,0
2019-06-21,2019-06-30,9,26.0,88.0,northeast,monsoon,6,172,2019,normal,25.090301513671875,996.9650268554688,15.9912109375,-2.840560913085937,-1.52056884765625,79.25944519042969,5831.939453125,9.055953979492188,1.094085693359375,0.016361054033041,3.2219428799117886,9.121804973967272,3.129747178819444,5.379989484305279,6.025551390174426,14.557212591171265,2.273284912109375,2.1546630859375,1
2019-06-21,2019-06-30,9,26.0,91.0,northeast,monsoon,6,172,2019,normal,25.051239013671875,998.89501953125,9.429931640625,-0.5475921630859375,-0.10943603515625,99.98517608642578,5829.69580078125,5.309860229492188,2.201507568359375,0.0174191556870937,0.5584204713868001,5.748151983923742,3.197564019097222,5.33173867661877,5.384075774678925,9.423008188605309,2.74688720703125,0.90185546875,1
2019-06-21,2019-06-30,9,26.0,94.0,northeast,monsoon,6,172,2019,normal,24.107879638671875,1000.20751953125,0.335693359375,-1.2448577880859375,-0.68756103515625,86.77413177490234,5838.0322265625,1.6262664794921875,2.234710693359375,0.0158937536180019,1.4221150057654786,2.7638152154828752,1.7157660590277777,2.760328681977779,5.206909057512998,0.1634377986192704,1.73931884765625,1.0487060546876137,0
2019-06-21,2019-06-30,9,29.0,70.0,north,monsoon,6,172,2019,normal,31.623504638671875,994.2100219726562,0.0,3.8977203369140634,6.67474365234375,14.168131828308104,5866.89013671875,8.159469604492188,0.195648193359375,0.0049493880942463,7.729451898375244,8.161814898795285,0.0,0.0,2.0629086103799312,0.0,0.94012451171875,0.7093505859375,0
2019-06-21,2019-06-30,9,29.0,73.0,north,monsoon,6,172,2019,normal,31.918426513671875,995.7474975585938,0.0,5.456314086914063,4.03997802734375,38.02419662475586,5861.97021484375,10.126266479492188,-0.429351806640625,0.0110104652121663,6.789166802817349,10.135364610488992,0.0,0.0,2.219648744243441,0.0,3.16705322265625,0.42919921875,1
2019-06-21,2019-06-30,9,29.0,76.0,north,monsoon,6,172,2019,normal,33.916473388671875,995.467529296875,0.0,6.081314086914063,2.27239990234375,46.77178955078125,5851.08447265625,13.757125854492188,-3.689117431640625,0.0125883193686604,6.492009114278208,14.24317728601214,0.0,0.0,5.969800296022634,0.0,0.105560302734375,0.563720703125,0
2019-06-21,2019-06-30,9,29.0,79.0,north,monsoon,6,172,2019,normal,30.533660888671875,994.4749755859376,0.0,2.3547515869140625,-0.42681884765625,42.81881332397461,5832.83154296875,13.386032104492188,-8.894195556640625,0.0115821929648518,2.3931212599425264,16.07148313324758,0.04747178819444445,0.13427049338937264,7.3874377335850046,0.0007599592208862,0.986328125,1.7551269531247726,0
2019-06-21,2019-06-30,9,29.0,82.0,central,monsoon,6,172,2019,normal,9.672332763671877,1008.4874877929688,0.42724609375,0.3293609619140625,-1.17486572265625,61.74917984008789,5822.251953125,-0.1276397705078125,-0.536773681640625,0.0104845138266682,1.220159050905065,0.5517407872518744,0.06103515625,0.13495380820131023,8.1347860177484,0.041393578052520696,3.9493103027343732,1.784912109375,1
2019-06-21,2019-06-30,9,29.0,85.0,east,monsoon,6,172,2019,normal,-0.230010986328125,1012.7575073242188,0.0,1.0373687744140625,-0.43853759765625,27.70678329467773,5821.716796875,0.5032196044921875,0.000335693359375,0.0043562026694417,1.1262544999632407,0.5032197164612146,1.8378363715277777,5.005746529704576,7.050663170913856,0.0282879918813705,3.149749755859375,1.19189453125,0
2019-06-21,2019-06-30,9,29.0,88.0,northeast,monsoon,6,172,2019,normal,6.238739013671875,1007.6875,0.0,-0.2907562255859375,0.69720458984375,39.12039566040039,5820.9521484375,-0.8327178955078125,1.232757568359375,0.0064404578879475,0.7554028215569308,1.4876526193457529,2.902560763888889,5.467322413829531,6.678261364484514,0.0,2.2337646484375,1.05950927734375,0
2019-06-21,2019-06-30,9,29.0,91.0,northeast,monsoon,6,172,2019,normal,6.098114013671875,1009.5349731445312,0.18310546875,0.2766265869140625,1.81634521484375,49.65082931518555,5820.0595703125,-0.0905303955078125,1.510101318359375,0.0081308456137776,1.8372893642737693,1.5128125277844322,3.228081597222222,5.3254272250973465,5.696224490244757,0.1809950917959214,2.8416748046875,0.5146484375,0
2019-06-21,2019-06-30,9,29.0,94.0,northeast,monsoon,6,172,2019,normal,5.514129638671875,1011.5075073242188,0.91552734375,-0.3415374755859375,0.69915771484375,57.76021957397461,5824.59716796875,-0.3893585205078125,0.174163818359375,0.0091636748984456,0.7781191152099718,0.42653615687014157,1.7903645833333333,2.7618736045020316,5.270916905256642,0.4783812761306763,2.723846435546875,1.28466796875,0
2019-06-21,2019-06-30,9,32.0,70.0,north,monsoon,6,172,2019,normal,29.326629638671875,996.0175170898438,0.0,3.3137359619140625,0.40911865234375,27.89996910095215,5864.00927734375,1.7063446044921875,-0.941070556640625,0.0092571349814534,3.3388956403245196,1.9486471465751556,0.0,0.0,1.3079016820611273,0.0,2.001220703125,3.4044189453125,1
2019-06-21,2019-06-30,9,32.0,73.0,north,monsoon,6,172,2019,normal,31.189910888671875,992.8099975585938,0.0,1.9338531494140625,0.37884521484375,28.89388084411621,5852.00244140625,3.5950164794921875,1.158538818359375,0.0096762748435139,1.9706120116117976,3.777082959304169,0.0,0.0,1.1802914086952208,0.0,1.66448974609375,3.7723388671875,1
2019-06-21,2019-06-30,9,32.0,76.0,north,monsoon,6,172,2019,normal,31.824676513671875,994.7324829101562,0.0,1.3811187744140625,1.07513427734375,43.1502685546875,5834.97314453125,7.190719604492188,-5.761383056640625,0.012434777803719,1.7502579190960599,9.21411868578726,0.0,0.0,8.174977981165839,0.0,4.519287109375,2.2862548828125,1
2019-06-21,2019-06-30,9,32.0,79.0,north,monsoon,6,172,2019,normal,-3.938995361328125,1013.9249877929688,0.0,1.8088531494140625,-0.25299072265625,15.415094375610352,5826.8154296875,0.9387664794921876,-0.087554931640625,0.0023496719077229,1.8264594224606536,0.9428405851854016,0.04747178819444445,0.13427049338937264,8.603206484597054,0.0011809170246124,4.36236572265625,3.851318359375,1
2019-06-21,2019-06-30,9,32.0,82.0,central,monsoon,6,172,2019,normal,1.924285888671875,1011.5700073242188,0.0,0.3391265869140625,-1.95611572265625,18.54110336303711,5824.623046875,0.3586883544921875,-1.558258056640625,0.0029118629172444,1.9852948300882074,1.599007663125393,0.04747178819444445,0.13427049338937264,5.8285808970682265,0.0,1.33544921875,1.84521484375,0
2019-06-21,2019-06-30,9,32.0,85.0,east,monsoon,6,172,2019,normal,2.004364013671875,1013.1724853515624,0.0,-1.5358734130859375,-0.06549072265625,27.157615661621094,5826.15234375,-1.3698272705078125,-0.413726806640625,0.0042508216574788,1.5372690642103888,1.4309425640325095,0.04747178819444445,0.13427049338937264,1.8363104129867514,0.0,3.2408447265625,9.178527832031136,1
2019-06-21,2019-06-30,9,32.0,88.0,northeast,monsoon,6,172,2019,normal,3.932098388671875,1011.5349731445312,0.0,-0.2155609130859375,-1.65338134765625,35.38059997558594,5822.4814453125,-0.2780303955078125,-2.165679931640625,0.0055225463584065,1.6673740996033375,2.1834537932223737,0.10850694444444443,0.16409713585832877,1.6895665926535481,0.0,3.4222412109375,3.34234619140625,1
2019-06-21,2019-06-30,9,32.0,91.0,northeast,monsoon,6,172,2019,normal,4.359832763671875,1011.7750244140624,0.396728515625,-0.5270843505859375,-1.29400634765625,49.929813385009766,5812.87060546875,-0.1061553955078125,-2.050445556640625,0.0077012153342366,1.3972366801681335,2.0531916492969433,0.6103515625,0.6926287650776856,1.2923513509839801,0.6119105815887451,3.178131103515625,0.8701171875,1
2019-06-21,2019-06-30,9,32.0,94.0,northeast,monsoon,6,172,2019,normal,4.811004638671875,1010.3474731445312,1.800537109375,0.3459625244140625,-0.83990478515625,51.27881240844727,5808.97021484375,0.6770477294921875,-0.675445556640625,0.0079601379111409,0.9083667301411459,0.9563578451584376,1.1121961805555556,0.654862810889823,0.7682992562669607,1.3025980591773987,2.77423095703125,3.3497314453125,1
2019-06-21,2019-07-01,10,8.0,70.0,south,monsoon,6,172,2019,normal,28.43353271484375,1009.048095703125,0.1220703125,5.799163818359375,1.72906494140625,61.22645950317383,5853.830078125,8.637771606445312,-2.275848388671875,0.0095831817016005,6.051443345497724,8.932557540443455,0.0881618923611111,0.036520486159495075,0.4055035052995394,0.1063011586666108,0.21347045898437855,1.274658203125,0
2019-06-21,2019-07-01,10,8.0,73.0,south,monsoon,6,172,2019,normal,28.44720458984375,1009.0206298828124,0.091552734375,5.423187255859375,0.36773681640625,65.0051498413086,5854.5185546875,7.217849731445312,-4.275848388671875,0.0102335875853896,5.435640751397773,8.38929283006816,0.244140625,0.23943282665893184,0.33831158655734345,0.091552734375,0.0567626953125,1.4606933593747726,0
2019-06-21,2019-07-01,10,8.0,76.0,south,monsoon,6,172,2019,normal,27.70501708984375,1008.7006225585938,0.457763671875,7.204437255859375,-0.23382568359375,68.03966522216797,5853.779296875,9.620193481445312,-5.037567138671875,0.0108711188659071,7.208230755457447,10.859337240231083,0.213623046875,0.2605437922132507,0.8866260905261034,0.4456061869859696,0.6600646972656214,1.730224609375,0
2019-06-21,2019-07-01,10,8.0,79.0,south,monsoon,6,172,2019,normal,27.23626708984375,1007.818115234375,0.0,9.478851318359377,4.29644775390625,52.15547561645508,5853.98291015625,13.026443481445312,-0.939910888671875,0.009011453948915,10.40711706562434,13.060308658448047,0.2373589409722222,0.27961599566091994,1.2419407508752214,0.0,0.327667236328125,1.7156982421873863,0
2019-06-21,2019-07-01,10,8.0,82.0,south,monsoon,6,172,2019,normal,28.54876708984375,1006.8856201171876,0.0,8.118499755859375,2.94293212890625,31.640453338623047,5854.0595703125,15.098709106445312,1.157745361328125,0.0059191649779677,8.635443694520704,15.1430311035384,0.09833441840277779,0.1841074213392229,0.9627375268827488,0.0,0.68450927734375,0.7244262695313637,0
2019-06-21,2019-07-01,10,8.0,85.0,south,monsoon,6,172,2019,normal,28.58392333984375,1007.1556396484376,0.0,9.292327880859377,8.17144775390625,72.74816131591797,5857.75634765625,9.586990356445312,4.433135986328125,0.0122854178771376,12.37416323798163,10.562342484877721,0.11867947048611112,0.17527734352376415,0.9448594976339519,0.0408142805099487,0.03033447265625,0.05218505859386369,0
2019-06-21,2019-07-01,10,8.0,88.0,south,monsoon,6,172,2019,normal,28.55853271484375,1007.0756225585938,0.06103515625,9.092132568359377,7.80621337890625,38.00279998779297,5862.47216796875,16.704177856445312,8.478057861328125,0.0065891211852431,11.98348204645195,18.732512457216878,0.16615125868055555,0.185971533214004,0.9232095199502527,0.0289008021354675,0.16180419921875,0.87725830078125,0
2019-06-21,2019-07-01,10,8.0,91.0,south,monsoon,6,172,2019,normal,28.50970458984375,1007.4181518554688,0.42724609375,8.643890380859375,7.57574462890625,68.42218017578125,5864.10400390625,15.444412231445312,7.601104736328125,0.0115553801879286,11.493856950506872,17.2135604215818,0.2610948350694444,0.18763340023134933,0.9691842190801372,0.18458998203277588,0.175445556640625,0.88287353515625,0
2019-06-21,2019-07-01,10,8.0,94.0,south,monsoon,6,172,2019,normal,28.05657958984375,1007.9131469726562,0.396728515625,7.504241943359375,7.39605712890625,74.3197250366211,5866.7041015625,15.342849731445312,6.255401611328125,0.0123063987120985,10.536380222757675,16.569040020493585,0.3831651475694444,0.12956389142891991,0.8200654125331027,0.3146287053823471,0.417266845703125,0.7932739257813637,0
2019-06-21,2019-07-01,10,11.0,70.0,south,monsoon,6,172,2019,normal,28.51361083984375,1008.2256469726562,0.030517578125,7.555999755859375,2.05035400390625,76.90125274658203,5850.5927734375,11.626052856445312,-1.074676513671875,0.0118100112304091,7.829245420337858,11.675617098461997,0.23396809895833334,0.27029073599418985,0.9406746140458689,0.1662299036979675,0.65966796875,1.7550048828125,0
2019-06-21,2019-07-01,10,11.0,73.0,south,monsoon,6,172,2019,normal,28.39642333984375,1008.0956420898438,0.06103515625,7.676116943359375,0.91656494140625,73.44688415527344,5848.986328125,10.145584106445312,-2.078582763671875,0.011406130157411,7.730644385815707,10.356320928128364,0.3628200954861111,0.3012319921130752,0.8271179385710055,0.0983085483312606,0.32861328125,1.4873046875,0
2019-06-21,2019-07-01,10,11.0,76.0,south,monsoon,6,172,2019,normal,23.23431396484375,1008.713134765625,0.762939453125,0.533538818359375,-2.95355224609375,82.5495834350586,5847.60986328125,11.313552856445312,-4.637176513671875,0.0126559203490614,3.0013554506425515,12.227014527452395,0.42046440972222215,0.38542405160543686,1.145655203271701,0.22663360834121704,2.740020751953125,1.75823974609375,0
2019-06-21,2019-07-01,10,11.0,79.0,south,monsoon,6,172,2019,normal,26.88665771484375,1006.0406494140624,0.0,4.517913818359375,0.63531494140625,54.03952407836914,5847.2021484375,8.313552856445312,-0.957489013671875,0.0101377433165907,4.562364556334425,8.36850920464406,0.8171929253472222,1.2363514041582002,1.7989515636666935,0.0,2.84869384765625,1.4901123046873863,0
2019-06-21,2019-07-01,10,11.0,82.0,south,monsoon,6,172,2019,normal,29.37884521484375,1004.9406127929688,0.457763671875,9.636077880859377,6.41265869140625,71.31564331054688,5846.59033203125,10.788162231445312,-3.439910888671875,0.0127636855468153,11.574808353422334,11.323313616339805,1.1359320746527777,1.6434708502796063,1.5469085701080718,0.457763671875,0.048370361328125,0.8418579101563637,0
2019-06-21,2019-07-01,10,11.0,85.0,south,monsoon,6,172,2019,normal,29.39837646484375,1005.3456420898438,0.42724609375,9.817718505859377,6.29449462890625,72.12574768066406,5847.60986328125,14.743240356445312,5.862823486328125,0.0119888251647353,11.662257898607082,15.866185283166159,1.5326605902777777,1.938968736776941,1.652454924492915,0.3951415419578553,0.3028564453125,0.7254638671875,0
2019-06-21,2019-07-01,10,11.0,88.0,south,monsoon,6,172,2019,normal,28.92376708984375,1004.8931274414062,0.06103515625,8.306976318359375,10.12457275390625,63.95854187011719,5853.345703125,15.544021606445312,5.542510986328125,0.01117820199579,13.09629065815677,16.502606937547977,2.122667100694444,3.1091044431494073,1.7744020649990397,0.019371509552002,0.09466552734375,0.8425903320313637,0
2019-06-21,2019-07-01,10,11.0,91.0,south,monsoon,6,172,2019,normal,29.10931396484375,1005.7181396484376,0.030517578125,10.417327880859377,8.71148681640625,61.721099853515625,5855.66552734375,17.096755981445312,6.886260986328125,0.0111438697203993,13.57979096782237,18.431485438263266,2.1464029947916665,3.0613726575903217,1.744022204505496,0.5126036405563354,0.48504638671875,0.732421875,0
2019-06-21,2019-07-01,10,11.0,94.0,south,monsoon,6,172,2019,normal,28.18743896484375,1006.2706298828124,0.48828125,9.472991943359377,6.74664306640625,78.0130844116211,5863.87451171875,15.309646606445312,8.677276611328125,0.0131961768493056,11.629908384180814,17.59773873552351,2.163357204861111,2.962264890333669,1.5165060571159927,0.19022077322006226,0.2628173828125,1.5352172851563637,0
2019-06-21,2019-07-01,10,14.0,70.0,south,monsoon,6,172,2019,normal,27.75579833984375,1006.7156372070312,0.3662109375,8.904632568359375,2.62847900390625,82.58209228515625,5847.2783203125,11.444412231445312,-0.652801513671875,0.0130097335204482,9.284469993029353,11.463015359821663,1.166449652777778,2.5572030045671705,1.2683237446400288,0.032851457595825195,0.1688232421875,2.0753784179688637,0
2019-06-21,2019-07-01,10,14.0,73.0,south,monsoon,6,172,2019,normal,27.50579833984375,1006.8531494140624,0.91552734375,8.400726318359375,1.63922119140625,87.2540054321289,5842.20556640625,11.028396606445312,-0.863739013671875,0.0135847991332411,8.559161687357658,11.062168720137718,1.251220703125,2.530854153652673,1.35448177228958,0.012053191661834828,0.079620361328125,2.1649169921873863,0
2019-06-21,2019-07-01,10,14.0,76.0,south,monsoon,6,172,2019,normal,21.18353271484375,1008.6781005859376,0.457763671875,5.297210693359375,1.11383056640625,92.96272277832033,5839.52880859375,13.811599731445312,-0.889129638671875,0.0137602752074599,5.413045322228679,13.840189256510367,1.3292100694444444,2.5122684178849513,1.7524796628469759,0.34845620393753063,1.082366943359375,1.70458984375,0
2019-06-21,2019-07-01,10,14.0,79.0,south,monsoon,6,172,2019,normal,24.37884521484375,1005.838134765625,1.03759765625,4.096038818359375,0.04254150390625,67.00941467285156,5835.78125,17.184646606445312,-8.289520263671875,0.0110227530822157,4.09625973066424,19.079523714973575,0.91552734375,1.2038014479563,2.5634918528055404,1.03759765625,2.47821044921875,0.97967529296875,0
2019-06-21,2019-07-01,10,14.0,82.0,south,monsoon,6,172,2019,normal,29.38275146484375,1003.2881469726562,4.180908203125,8.357757568359375,4.00543212890625,87.46537017822266,5832.6708984375,16.604568481445312,-4.441864013671875,0.0143782561644911,9.267987813476173,17.188421986062604,1.5699598524305556,1.5622106331272854,2.470006083015154,3.35858017206192,0.07696533203125,0.8651123046875,0
2019-06-21,2019-07-01,10,14.0,85.0,south,monsoon,6,172,2019,normal,27.39447021484375,1003.0606079101562,4.119873046875,10.484710693359377,5.32965087890625,87.49620819091797,5831.75341796875,18.342849731445312,4.194854736328125,0.0142952864989638,11.76156183567772,18.816400892021775,4.018147786458333,5.478035143980715,2.5241056895613414,3.658819943666458,1.331298828125,0.40704345703125,0
2019-06-21,2019-07-01,10,14.0,88.0,south,monsoon,6,172,2019,normal,28.23626708984375,1002.7081298828124,4.486083984375,10.392913818359377,7.79351806640625,87.38485717773438,5835.322265625,22.004959106445312,5.478057861328125,0.0143649047240614,12.99044192809644,22.676581382747916,5.198160807291667,5.66385933814957,2.667576513266876,4.0437188148498535,0.24481201171875,0.11572265625,0
2019-06-21,2019-07-01,10,14.0,91.0,south,monsoon,6,172,2019,normal,28.05072021484375,1002.9806518554688,9.490966796875,11.540374755859377,8.35015869140625,74.13445281982422,5844.8310546875,19.858474731445312,7.677276611328125,0.0129801696166396,14.244486641411255,21.290833586928855,5.900065104166667,5.714262012520522,2.4701930337498412,9.302422404289246,0.4847412109375,1.56988525390625,1
2019-06-21,2019-07-01,10,14.0,94.0,south,monsoon,6,172,2019,normal,28.08978271484375,1004.9880981445312,3.875732421875,8.148773193359375,5.57183837890625,80.45828247070312,5849.72607421875,15.618240356445312,9.935089111328123,0.013654894195497,9.871569656212985,18.510414027831136,4.814995659722222,3.7383106669052193,2.107799746116093,3.802703693509102,0.746551513671875,0.75994873046875,0
2019-06-21,2019-07-01,10,17.0,70.0,west,monsoon,6,172,2019,normal,28.17376708984375,1004.8881225585938,0.18310546875,8.944671630859375,2.57183837890625,76.30937957763672,5842.74072265625,11.508865356445312,1.060089111328125,0.0125858252868056,9.30706738081957,11.557584986351758,1.461452907986111,2.4971197529124107,1.3983256392520413,0.1146849393844604,0.156707763671875,1.8027954101561363,0
2019-06-21,2019-07-01,10,17.0,73.0,west,monsoon,6,172,2019,normal,27.15228271484375,1005.5656127929688,8.36181640625,5.680023193359375,-0.74359130859375,92.69499969482422,5838.86572265625,9.481521606445312,-0.432098388671875,0.0142142241820693,5.72848946156983,9.491362441240042,1.4207628038194444,2.5182749744684605,1.594268321671428,3.956420421600342,0.90423583984375,1.90472412109375,0
2019-06-21,2019-07-01,10,17.0,76.0,central,monsoon,6,172,2019,normal,23.35345458984375,1005.7881469726562,0.1220703125,4.742523193359375,0.32379150390625,77.62689208984375,5834.02197265625,15.723709106445312,-4.812957763671875,0.0130502646788954,4.753563629273671,16.443831381372185,1.4817979600694444,2.5019497318027724,2.172443210130707,0.13614818453788757,0.572723388671875,1.4356689453125,0
2019-06-21,2019-07-01,10,17.0,79.0,central,monsoon,6,172,2019,normal,26.34564208984375,1002.8531494140624,0.244140625,4.741546630859375,-0.40863037109375,75.71028900146484,5829.2294921875,13.124099731445312,-11.318817138671877,0.0135418837890028,4.759122107363301,17.330828462009976,1.617431640625,2.3555933221927385,2.5844082096162833,0.2423673868179322,0.783294677734375,0.11755371093738631,0
2019-06-21,2019-07-01,10,17.0,82.0,central,monsoon,6,172,2019,normal,27.13665771484375,1000.298095703125,0.9765625,5.135101318359375,0.67926025390625,84.93362426757812,5821.35205078125,11.794021606445312,-7.357879638671875,0.015460199676454,5.179832047697394,13.90098336199569,2.760145399305556,2.244839853213902,2.479200757372511,16.293962478637695,1.590057373046875,0.14483642578125,1
2019-06-21,2019-07-01,10,17.0,85.0,east,monsoon,6,172,2019,normal,29.44134521484375,998.318115234375,2.685546875,10.842132568359377,3.73394775390625,83.67728424072266,5813.78076171875,10.295974731445312,-3.363739013671875,0.0157129224389791,11.467092240789757,10.831520476030068,6.9444444444444455,5.81074973625995,2.529260144326009,4.734607219696045,0.621307373046875,0.02313232421875,0
2019-06-21,2019-07-01,10,17.0,88.0,east,monsoon,6,172,2019,normal,28.35931396484375,998.713134765625,18.768310546875,11.772796630859377,5.60308837890625,96.12779235839844,5815.66748046875,15.674880981445312,0.810089111328125,0.0167800839990377,13.03814940447486,15.69580001627086,8.124457465277779,5.317629541476275,2.721811430679901,14.740199089050293,0.06854248046875,0.615478515625,1
2019-06-21,2019-07-01,10,17.0,91.0,east,monsoon,6,172,2019,normal,28.01361083984375,999.7506103515624,6.7138671875,10.326507568359377,8.21734619140625,89.84481811523438,5828.2607421875,17.010818481445312,6.716339111328125,0.015488333068788,13.197027581573144,18.288716643521962,9.00607638888889,4.833083586768739,2.971553442631268,0.3614387512207031,0.032470703125,2.0906982421876137,0
2019-06-21,2019-07-01,10,17.0,94.0,east,monsoon,6,172,2019,normal,27.26361083984375,1002.3131103515624,9.185791015625,6.218109130859375,9.17047119140625,94.38070678710938,5838.203125,14.809646606445312,9.577667236328123,0.0152475303038954,11.079820532648021,17.63681780530803,6.744384765625,2.0541451128692243,2.642056090804302,3.4316086769104004,1.030792236328125,1.6695556640626137,0
2019-06-21,2019-07-01,10,20.0,70.0,west,monsoon,6,172,2019,normal,28.37884521484375,1003.0505981445312,0.396728515625,8.837249755859375,3.53179931640625,84.87275695800781,5842.103515625,10.651443481445312,1.638214111328125,0.0141622489318251,9.51685818213155,10.776687511150095,1.3156467013888888,2.553990668446379,1.7656149326874555,1.155247926712036,0.30014038085937855,1.30987548828125,0
2019-06-21,2019-07-01,10,20.0,73.0,west,monsoon,6,172,2019,normal,24.84368896484375,1004.3256225585938,1.983642578125,3.277679443359375,1.85504150390625,84.59849548339844,5837.4638671875,11.987380981445312,2.419464111328125,0.0138093894347548,3.7662131531068956,12.2291091000253,1.2715657552083333,2.572905140180419,1.720127005274023,7.767634391784668,0.425567626953125,1.65814208984375,1
2019-06-21,2019-07-01,10,20.0,76.0,central,monsoon,6,172,2019,normal,24.10736083984375,1004.2106323242188,0.0,4.572601318359375,-0.36761474609375,92.38018798828124,5834.353515625,16.258865356445312,-5.707489013671875,0.014664358459413,4.587354729929599,17.231544722403815,1.2410481770833333,2.585423090883481,1.9761879319206255,0.3747902810573578,0.5565185546875,0.41986083984375,0
2019-06-21,2019-07-01,10,20.0,79.0,central,monsoon,6,172,2019,normal,27.99407958984375,1000.735595703125,0.213623046875,4.650726318359375,-0.80804443359375,78.9902572631836,5826.552734375,10.512771606445312,-7.738739013671875,0.0145036643370985,4.7204015819570255,13.05398208865823,1.0206434461805556,2.2458998329704194,2.0675434072472605,16.590524673461914,2.4493103027343786,0.2005615234373863,1
2019-06-21,2019-07-01,10,20.0,82.0,central,monsoon,6,172,2019,normal,23.19720458984375,1001.4880981445312,7.32421875,4.063812255859375,-0.12054443359375,78.7079086303711,5817.85986328125,8.426834106445312,-8.361785888671875,0.0150758689269423,4.06559971115496,11.871436151769593,1.837836371527778,2.330808663822931,1.7731817859420078,1.659376621246338,0.627471923828125,0.1728515625,0
2019-06-21,2019-07-01,10,20.0,85.0,east,monsoon,6,172,2019,normal,26.65814208984375,997.390625,4.058837890625,1.950531005859375,-0.28460693359375,59.51074600219727,5817.19677734375,6.8701934814453125,-7.293426513671875,0.0127789443358778,1.9711855091463164,10.01966210921434,5.642361111111112,6.647563943622366,1.769893108884561,1.7737188339233398,0.55511474609375,0.457275390625,0
2019-06-21,2019-07-01,10,20.0,88.0,east,monsoon,6,172,2019,normal,29.80267333984375,995.923095703125,15.899658203125,6.831390380859375,1.02301025390625,69.98765563964844,5800.9580078125,7.809646606445312,-5.344207763671875,0.0141627257689833,6.90756429686292,9.463146238902446,6.9749620225694455,6.058268549587957,1.2803088684475126,9.434196949005127,2.487060546875,0.41314697265625,1
2019-06-21,2019-07-01,10,20.0,91.0,east,monsoon,6,172,2019,normal,27.72845458984375,995.9906005859376,6.89697265625,1.451507568359375,1.60797119140625,94.56761932373048,5818.29296875,-3.0106658935546875,-2.098114013671875,0.0166222508996725,2.1662053396197187,3.66963098103607,8.260091145833334,5.432471789564605,2.2214951124652034,1.2107486724853516,0.028564453125,2.6046142578123863,0
2019-06-21,2019-07-01,10,20.0,94.0,east,monsoon,6,172,2019,normal,24.16009521484375,1000.5856323242188,5.7373046875,-2.025054931640625,1.54156494140625,97.76416778564452,5836.4697265625,6.5948028564453125,8.612823486328125,0.0165464337915182,2.545048122282734,10.847679619256121,6.544325086805557,1.6746160001840347,1.9731220544036587,1.0045042037963867,0.369659423828125,3.18505859375,0
2019-06-21,2019-07-01,10,23.0,70.0,west,monsoon,6,172,2019,normal,27.70501708984375,1000.6456298828124,0.152587890625,6.670257568359375,3.03570556640625,86.30408477783203,5842.154296875,12.497146606445312,5.360870361328125,0.0150477355346083,7.328563591466299,13.598441246479464,0.3458658854166667,0.5981929698888817,2.6854286332109427,0.1479145139455796,2.37652587890625,0.3593139648436363,0
2019-06-21,2019-07-01,10,23.0,73.0,west,monsoon,6,172,2019,normal,26.27923583984375,1001.650634765625,0.030517578125,3.167327880859375,2.24176025390625,73.80059051513672,5839.70703125,11.151443481445312,0.896026611328125,0.0124523108825087,3.880393657976334,11.187383760650983,0.3085666232638889,0.6060033312178578,2.6836571692867577,0.030517578125,1.7523498535156214,0.213134765625,0
2019-06-21,2019-07-01,10,23.0,76.0,central,monsoon,6,172,2019,normal,24.82220458984375,1001.9880981445312,0.213623046875,5.420257568359375,0.85601806640625,96.69844818115234,5836.16357421875,16.419021606445312,-2.205535888671875,0.0162722524255514,5.487436472285668,16.56649205683381,0.2712673611111111,0.6114431909470555,2.7438298958395593,1.6073267459869385,0.62957763671875,0.5850219726563637,0
2019-06-21,2019-07-01,10,23.0,79.0,central,monsoon,6,172,2019,normal,27.89251708984375,999.9056396484376,0.0,6.000335693359375,0.53668212890625,85.94217681884766,5828.41357421875,14.354568481445312,-6.168426513671875,0.0151512091979384,6.024288849357231,15.623799856087293,0.8714463975694443,2.2830063609879887,2.8225216488307163,6.581302642822266,1.7459716796875,1.3322753906247726,1
2019-06-21,2019-07-01,10,23.0,82.0,central,monsoon,6,172,2019,normal,26.77142333984375,998.8781127929688,0.091552734375,3.159515380859375,0.15386962890625,66.391845703125,5824.10546875,12.024490356445312,-7.951629638671875,0.0140020316466689,3.1632599173300173,14.415851769592088,2.495659722222222,3.520980857786467,2.233223515073087,0.0583399087190629,0.659332275390625,1.12969970703125,0
2019-06-21,2019-07-01,10,23.0,85.0,east,monsoon,6,172,2019,normal,25.24798583984375,997.298095703125,0.946044921875,2.556976318359375,0.36968994140625,62.691402435302734,5826.39990234375,7.272537231445312,-5.906707763671875,0.014335817657411,2.583563149107763,9.36904447572856,4.645453559027778,5.156994714842087,1.8964215938801574,0.9218100458383561,0.67474365234375,2.3275146484373863,0
2019-06-21,2019-07-01,10,23.0,88.0,east,monsoon,6,172,2019,normal,28.40618896484375,995.8331298828124,0.030517578125,-0.850250244140625,-1.97991943359375,77.43849182128906,5825.89013671875,1.2490997314453125,-0.432098388671875,0.0165430959314107,2.154763662489088,1.321725825044507,5.828857421875,4.557291666666667,0.8929466873315293,0.2521145939826965,0.6041564941406214,1.3401489257813637,0
2019-06-21,2019-07-01,10,23.0,91.0,east,monsoon,6,172,2019,normal,26.39837646484375,997.2281494140624,6.77490234375,-2.564117431640625,2.06500244140625,85.6129150390625,5830.04541015625,-3.3134002685546875,1.560089111328125,0.0161735471338033,3.292253527032371,3.6623079301094896,5.330403645833333,4.407322481787436,1.7625143892819155,4.058128118515015,1.352264404296875,1.1968383789063637,0
2019-06-21,2019-07-01,10,23.0,94.0,east,monsoon,6,172,2019,normal,24.25579833984375,1000.0006103515624,4.33349609375,0.263031005859375,-1.69085693359375,99.00189971923828,5842.4091796875,-2.1376190185546875,-1.363739013671875,0.0171901639550924,1.7111932912226642,2.535586552633817,4.306369357638889,2.343280376275368,1.5210055254143227,0.8902885913848877,0.04376220703125,3.5952758789063637,0
2019-06-21,2019-07-01,10,26.0,70.0,west,monsoon,6,172,2019,normal,28.56634521484375,996.630615234375,0.0,5.860687255859375,6.35211181640625,20.56121253967285,5857.9091796875,6.9483184814453125,7.183135986328125,0.0056721633300185,8.64274144233879,9.993826710408612,0.03729926215277778,0.06233987193078015,3.302776886902141,0.0,1.511566162109375,1.18017578125,0
2019-06-21,2019-07-01,10,26.0,73.0,west,monsoon,6,172,2019,normal,28.84759521484375,998.0606079101562,0.0,6.045257568359375,3.51422119140625,58.16238021850586,5852.42822265625,13.545974731445312,8.743682861328125,0.0118033355101943,6.992488087221534,16.12282299736737,0.04408094618055556,0.0762751049750569,3.356258403223234,0.0,1.70159912109375,1.6702270507813637,0
2019-06-21,2019-07-01,10,26.0,76.0,central,monsoon,6,172,2019,normal,28.10931396484375,997.8331298828124,0.0,4.426116943359375,2.04351806640625,51.8131103515625,5844.041015625,12.872146606445312,-2.625457763671875,0.0116931861266493,4.875087412962118,13.137168139543869,0.027126736111111115,0.06661947531598748,3.1959140974424454,1.9348487854003904,0.244903564453125,2.2149047851563637,0
2019-06-21,2019-07-01,10,26.0,79.0,central,monsoon,6,172,2019,normal,30.50579833984375,995.7731323242188,0.0,5.492523193359375,1.55133056640625,46.55894470214844,5830.60595703125,11.174880981445312,-7.410614013671875,0.0115935271605849,5.7074019970435765,13.40877194261645,0.40011935763888884,1.0261093572013997,3.895792630466096,0.1482740044593811,0.84271240234375,3.0479736328125,0
2019-06-21,2019-07-01,10,26.0,82.0,central,monsoon,6,172,2019,normal,32.18157958984375,994.9581298828124,0.0,2.278656005859375,2.02789306640625,55.12130737304688,5823.54443359375,11.487380981445312,-5.672332763671875,0.0134183829650282,3.0503480919097647,12.811529213747159,1.610649956597222,3.0748898755614356,6.003809826293535,0.1004952937364578,1.019744873046875,2.7149047851563637,0
2019-06-21,2019-07-01,10,26.0,85.0,east,monsoon,6,172,2019,normal,26.98236083984375,995.6006469726562,9.82666015625,-2.223297119140625,-1.27874755859375,87.13377380371094,5828.7197265625,8.626052856445312,-0.105926513671875,0.0173918660730123,2.56480903745064,8.62670321203222,2.0446777343749996,3.056230446428548,6.252717870768963,5.585124492645264,2.325225830078125,2.4344482421875,0
2019-06-21,2019-07-01,10,26.0,88.0,northeast,monsoon,6,172,2019,normal,25.49017333984375,997.3881225585938,3.631591796875,-2.472320556640625,-1.17425537109375,89.51289367675781,5826.2724609375,0.8994903564453125,-0.057098388671875,0.0169999059289693,2.7370138127766785,0.9013007973629225,3.173828125,3.1804724371949704,6.732815474818542,3.0595045685768127,4.034942626953125,1.28448486328125,1
2019-06-21,2019-07-01,10,26.0,91.0,northeast,monsoon,6,172,2019,normal,25.63275146484375,998.3031005859376,4.39453125,-0.340484619140625,0.04351806640625,96.55968475341795,5834.5830078125,0.1787872314453125,3.524932861328125,0.017712777480483,0.3432544216395111,3.529464060023669,3.5264756944444446,3.066746203263403,6.275524584267291,5.052451133728027,2.59820556640625,1.0270385742186363,0
2019-06-21,2019-07-01,10,26.0,94.0,northeast,monsoon,6,172,2019,normal,25.11907958984375,999.8056030273438,0.274658203125,-0.678375244140625,-0.10687255859375,83.74850463867188,5840.31884765625,-1.7509002685546875,0.450714111328125,0.0161673482507467,0.686742102716316,1.8079809071378985,4.679361979166667,3.311497074623356,6.421178495958893,0.13379192352294922,2.5880432128906214,1.3302001953125,0
2019-06-21,2019-07-01,10,29.0,70.0,north,monsoon,6,172,2019,normal,30.97650146484375,992.610595703125,0.0,3.832366943359375,6.74176025390625,12.775144577026367,5866.44921875,11.180740356445312,2.231964111328125,0.0046631759032607,7.754893146246681,11.401342846897535,0.0,0.0,2.3584789240916475,0.0,1.44866943359375,3.34503173828125,0
2019-06-21,2019-07-01,10,29.0,73.0,north,monsoon,6,172,2019,normal,30.87689208984375,993.8306274414062,0.0,7.352874755859375,5.62652587890625,29.99225616455078,5854.21240234375,14.081130981445312,1.698760986328125,0.0092656081542372,9.258647884078744,14.183230894450302,0.0,0.0,2.5100723342195135,0.0,4.194580078125,2.876953125,1
2019-06-21,2019-07-01,10,29.0,76.0,north,monsoon,6,172,2019,normal,33.94525146484375,993.548095703125,0.0,7.317718505859375,1.80035400390625,44.55044937133789,5834.22607421875,16.149490356445312,-4.266082763671875,0.0121256774291396,7.535932501713244,16.70345775339401,0.0,0.0,6.208643767917842,0.0124275684356689,0.847625732421875,4.45758056640625,1
2019-06-21,2019-07-01,10,29.0,79.0,north,monsoon,6,172,2019,normal,30.68157958984375,993.4356079101562,0.0,-2.994781494140625,0.87457275390625,47.36445999145508,5818.77734375,11.405349731445312,-5.963348388671875,0.0119697516784071,3.1198707825040315,12.870257437256456,0.3662109375,1.0358009490037317,7.423520688453488,0.7391330003738403,2.1370544433593786,5.89453125,1
2019-06-21,2019-07-01,10,29.0,82.0,central,monsoon,6,172,2019,normal,11.00775146484375,1005.8356323242188,3.2958984375,0.654632568359375,-0.87542724609375,70.06233215332031,5812.25146484375,0.1533966064453125,-0.227020263671875,0.0118705695495009,1.0931224372228754,0.2739867131570174,1.495361328125,3.1165140221694423,7.8035948903992365,2.4590343236923218,2.9403991699218732,2.7330322265625,0
2019-06-21,2019-07-01,10,29.0,85.0,east,monsoon,6,172,2019,normal,0.14837646484375,1013.37060546875,0.335693359375,0.579437255859375,1.26031494140625,43.01204299926758,5813.3984375,0.0303497314453125,0.433135986328125,0.0066425269469618,1.3871341986302848,0.4341979834721026,1.9293891059027777,3.1142147292155475,6.615671880490804,0.2772733569145203,1.856964111328125,2.267333984375,0
2019-06-21,2019-07-01,10,29.0,88.0,northeast,monsoon,6,172,2019,normal,7.08782958984375,1008.2206420898438,0.244140625,-0.357086181640625,-0.31097412109375,56.32767105102539,5817.14599609375,-0.5614471435546875,0.415557861328125,0.0091072982177138,0.4735139333839203,0.6985064288303459,2.315945095486111,3.1025185304822402,6.847616286159114,0.2299528568983078,0.164825439453125,1.98193359375,0
2019-06-21,2019-07-01,10,29.0,91.0,northeast,monsoon,6,172,2019,normal,5.52532958984375,1011.0931396484376,2.38037109375,1.058929443359375,1.38043212890625,54.279422760009766,5824.130859375,0.2823028564453125,0.497589111328125,0.0086280768737196,1.739805859436632,0.5720924981762092,2.292209201388889,3.0659812734145544,6.923711451464107,2.3775193840265274,1.662078857421875,1.7381591796873863,0
2019-06-21,2019-07-01,10,29.0,94.0,northeast,monsoon,6,172,2019,normal,5.17767333984375,1013.3881225585938,9.674072265625,-0.999664306640625,0.75933837890625,55.26313400268555,5828.59228515625,-0.6454315185546875,0.007354736328125,0.0086843436583876,1.2553579169508802,0.6454734210564105,2.963595920138889,3.8479169994018214,7.1923497160890095,6.465502023696899,3.820465087890625,0.1297607421875,1
2019-06-21,2019-07-01,10,32.0,70.0,north,monsoon,6,172,2019,normal,31.65618896484375,993.078125,0.0,4.024749755859375,0.76910400390625,15.547704696655272,5860.662109375,2.2393341064453125,0.437042236328125,0.006065553985536,4.097576303879492,2.2815834757080258,0.0,0.0,1.2193484877638288,0.0,3.8638610839843786,5.852783203125,1
2019-06-21,2019-07-01,10,32.0,73.0,north,monsoon,6,172,2019,normal,32.07415771484375,990.2306518554688,0.0,1.083343505859375,2.29547119140625,25.83495140075684,5838.712890625,6.9346466064453125,-0.914520263671875,0.0091673796996474,2.538271290123203,6.994688761406755,0.0,0.0,1.238346542017538,0.0,1.0337829589843786,5.8673095703125,1
2019-06-21,2019-07-01,10,32.0,76.0,north,monsoon,6,172,2019,normal,29.52142333984375,992.578125,0.0,-1.849273681640625,1.44488525390625,46.93254470825195,5814.876953125,3.3838653564453125,-2.830535888671875,0.0135514205321669,2.3468077353214087,4.4116298765433895,0.0,0.0,8.550311863792958,0.0,1.5623474121093786,6.51678466796875,1
2019-06-21,2019-07-01,10,32.0,79.0,north,monsoon,6,172,2019,normal,-4.52545166015625,1012.6956176757812,0.0,1.904632568359375,-0.44866943359375,17.22527313232422,5809.7783203125,1.0811309814453125,-0.199676513671875,0.0026103917043656,1.9567650551603188,1.0994157126187796,0.3662109375,1.0358009490037317,8.888403716841916,0.0033918768167495,7.22137451171875,4.7557373046875,1
2019-06-21,2019-07-01,10,32.0,82.0,central,monsoon,6,172,2019,normal,1.97259521484375,1010.6656494140624,0.0,0.620452880859375,-1.15472412109375,27.98968505859375,5807.68798828125,0.6338653564453125,-1.178192138671875,0.0043398803099989,1.3108583345283469,1.3378796678811402,0.40351019965277773,1.027956560411047,5.822106711869621,0.0,1.51361083984375,0.1520385742186363,0
2019-06-21,2019-07-01,10,32.0,85.0,east,monsoon,6,172,2019,normal,4.62689208984375,1007.1556396484376,0.0,-1.598297119140625,0.21246337890625,22.64376640319824,5801.36572265625,-1.7606658935546875,-0.654754638671875,0.0037228527944535,1.612356774547582,1.8784695966634817,0.4374186197916667,1.017354324341329,2.237587607448819,0.0,2.402801513671875,3.1450805664063637,0
2019-06-21,2019-07-01,10,32.0,88.0,northeast,monsoon,6,172,2019,normal,5.01165771484375,1010.3956298828124,0.030517578125,-4.129547119140625,-2.73480224609375,26.54893112182617,5814.97900390625,-3.2723846435546875,-2.494598388671875,0.004232115112245,4.953009462381639,4.114793114621542,0.335693359375,0.7322805762864251,2.7920786440016503,0.030517578125,2.576324462890625,4.225158691406136,1
2019-06-21,2019-07-01,10,32.0,91.0,northeast,monsoon,6,172,2019,normal,2.50579833984375,1014.6681518554688,0.0,-3.488922119140625,0.22515869140625,40.88649368286133,5823.8759765625,-2.1083221435546875,-0.129364013671875,0.0061251586303114,3.496179913812286,2.112287222192174,1.373291015625,3.0247489172574844,2.743235106412279,0.0437255948781967,4.00732421875,5.819396972656364,1
2019-06-21,2019-07-01,10,32.0,94.0,northeast,monsoon,6,172,2019,normal,1.06439208984375,1016.3331298828124,0.0,-1.841461181640625,-2.08148193359375,42.19324493408203,5829.408203125,-1.1708221435546875,-1.035614013671875,0.0062424605712294,2.7791268994715703,1.5631125606147382,2.414279513888889,3.949441659615784,1.735756739103832,1.7395373582839966,6.4547119140625,3.6132202148436363,1
